borrower_id,loan_amount,credit_score,annual_income,dti_ratio,employment_length_years,num_existing_loans,account_age_months,declared_purpose,primary_mcc_category,secondary_mcc_category,mcc_mismatch_flag,days_to_first_tx,pct_spent_48h,pct_spent_7d,cash_withdrawal_ratio,high_risk_spend_ratio,international_tx_ratio,nighttime_tx_ratio,num_unique_merchants,num_total_transactions,avg_tx_amount,max_single_tx_pct,is_flagged_misuse
BW-00001,40581.31,724,148959.45,0.375,2,2,62,Debt Consolidation,Luxury Travel,Crypto Exchange,0,22,0.063,0.144,0.552,0.096,0.037,0.106,12,26,1503.01,0.433,0
BW-00002,95317.86,788,177186.24,0.341,8,6,103,Equipment Purchase,Casino,Luxury Travel,1,20,0.965,1.0,0.524,0.646,0.35,0.122,21,35,2647.72,0.835,1
BW-00003,74539.42,809,169873.34,0.436,23,0,76,Debt Consolidation,Crypto Exchange,Luxury Travel,0,3,0.023,0.36,0.47,0.828,0.365,0.461,24,37,1961.56,0.479,0
BW-00004,61872.56,712,170079.89,0.443,21,4,112,Education,ATM Cash,Casino,0,29,0.59,0.806,0.125,0.124,0.422,0.247,2,4,12374.51,0.863,0
BW-00005,19821.77,597,90333.56,0.173,16,0,69,Medical,Retail,ATM Cash,0,14,0.776,0.905,0.168,0.057,0.277,0.243,2,9,1982.18,0.178,0
BW-00006,19819.48,665,100318.48,0.516,13,7,63,Debt Consolidation,Luxury Travel,Casino,0,5,0.788,0.979,0.208,0.038,0.363,0.58,11,29,660.65,0.249,0
BW-00007,10517.94,774,135845.31,0.252,9,6,2,Education,Luxury Travel,Luxury Travel,0,22,0.034,0.239,0.736,0.137,0.151,0.268,8,18,553.58,0.822,0
BW-00008,87286.73,696,168328.79,0.598,12,6,54,Equipment Purchase,Crypto Exchange,Casino,1,27,0.906,1.0,0.608,0.5,0.373,0.557,6,9,8728.67,0.796,1
BW-00009,62105.93,612,51299.14,0.55,11,6,16,Medical,ATM Cash,Luxury Travel,0,29,0.918,1.0,0.442,0.141,0.172,0.179,18,32,1882.0,0.36,0
BW-00010,72266.89,843,75636.28,0.29,0,5,55,Debt Consolidation,ATM Cash,Equipment Vendor,0,26,0.561,0.859,0.202,0.069,0.451,0.24,22,31,2258.34,0.607,0
BW-00011,6955.53,562,50887.03,0.544,21,4,94,Education,Luxury Travel,Crypto Exchange,0,4,0.482,0.579,0.089,0.149,0.082,0.238,29,48,141.95,0.425,0
BW-00012,97141.44,738,121801.28,0.296,18,0,111,Medical,Luxury Travel,Casino,0,11,0.045,0.279,0.719,0.081,0.158,0.328,11,21,4415.52,0.109,0
BW-00013,84082.05,836,75945.15,0.156,18,0,43,Medical,Luxury Travel,Luxury Travel,0,6,0.562,0.837,0.714,0.114,0.249,0.351,24,32,2547.94,0.122,0
BW-00014,25172.22,757,78916.18,0.629,5,7,61,Business Expansion,Luxury Travel,Casino,0,2,0.409,0.465,0.089,0.001,0.388,0.149,6,22,1094.44,0.146,0
BW-00015,22273.37,663,40637.39,0.459,12,2,38,Medical,Casino,ATM Cash,0,6,0.773,0.916,0.638,0.599,0.374,0.476,9,17,1237.41,0.605,0
BW-00016,22423.43,571,82469.41,0.351,18,0,45,Education,Casino,Crypto Exchange,0,11,0.404,0.766,0.357,0.762,0.105,0.298,22,30,723.34,0.337,0
BW-00017,33903.01,763,159374.48,0.319,12,7,51,Equipment Purchase,ATM Cash,Equipment Vendor,1,14,0.684,0.911,0.259,0.117,0.072,0.004,14,22,1474.04,0.222,0
BW-00018,54851.86,720,64960.92,0.279,21,4,42,Business Expansion,Equipment Vendor,Retail,0,18,0.101,0.188,0.591,0.024,0.152,0.355,19,20,2611.99,0.9,0
BW-00019,46034.78,603,134278.12,0.64,20,5,24,Education,Retail,Retail,0,29,0.133,0.182,0.491,0.063,0.242,0.479,25,37,1211.44,0.203,0
BW-00020,32666.77,847,124444.25,0.174,3,2,115,Education,Crypto Exchange,Casino,0,5,0.14,0.347,0.624,0.594,0.27,0.15,26,26,1209.88,0.673,1
BW-00021,63126.02,675,159522.69,0.273,23,7,30,Education,Equipment Vendor,Luxury Travel,0,7,0.046,0.265,0.059,0.016,0.215,0.023,21,26,2338.0,0.86,0
BW-00022,18251.92,826,49843.19,0.367,1,0,37,Debt Consolidation,Casino,ATM Cash,0,28,0.541,0.675,0.255,0.727,0.332,0.484,6,11,1520.99,0.239,0
BW-00023,32753.74,753,176638.49,0.363,14,2,53,Debt Consolidation,Casino,Crypto Exchange,0,5,0.794,1.0,0.255,0.536,0.214,0.586,20,35,909.83,0.283,0
BW-00024,39804.38,743,117394.3,0.359,11,3,63,Equipment Purchase,Casino,Equipment Vendor,1,25,0.61,0.637,0.264,0.893,0.473,0.046,19,30,1284.01,0.588,1
BW-00025,48326.65,718,179321.12,0.197,6,2,103,Education,Equipment Vendor,Equipment Vendor,0,26,0.575,0.633,0.402,0.065,0.13,0.563,10,24,1933.07,0.532,0
BW-00026,79591.72,701,166727.21,0.18,19,6,11,Debt Consolidation,Casino,Equipment Vendor,0,2,0.681,0.9,0.226,0.459,0.314,0.216,14,20,3790.08,0.543,0
BW-00027,23969.01,584,63227.59,0.24,17,5,78,Debt Consolidation,Equipment Vendor,Retail,0,27,0.34,0.365,0.356,0.005,0.306,0.565,5,6,3424.14,0.571,0
BW-00028,53852.27,733,38424.3,0.603,22,6,23,Debt Consolidation,Casino,Crypto Exchange,0,4,0.362,0.714,0.294,0.753,0.141,0.389,12,23,2243.84,0.907,0
BW-00029,61279.38,835,68345.86,0.162,12,3,117,Equipment Purchase,Luxury Travel,Retail,1,8,0.314,0.371,0.588,0.112,0.206,0.534,19,38,1571.27,0.146,0
BW-00030,9412.79,606,109134.55,0.517,16,6,80,Equipment Purchase,Luxury Travel,Casino,1,23,0.712,0.982,0.483,0.114,0.183,0.471,29,30,303.64,0.746,1
BW-00031,62716.76,771,55739.46,0.517,3,3,50,Education,Retail,Equipment Vendor,0,15,0.162,0.318,0.523,0.107,0.086,0.017,2,5,10452.79,0.298,0
BW-00032,21199.79,712,55118.96,0.545,24,2,85,Business Expansion,Casino,Crypto Exchange,0,21,0.013,0.173,0.168,0.972,0.239,0.039,15,17,1177.77,0.418,0
BW-00033,11179.9,568,99389.03,0.588,13,4,55,Education,Retail,Equipment Vendor,0,15,0.596,0.902,0.26,0.009,0.193,0.315,6,7,1397.49,0.176,0
BW-00034,95144.13,813,34990.2,0.245,19,5,55,Debt Consolidation,Equipment Vendor,Retail,0,8,0.942,1.0,0.017,0.08,0.089,0.078,8,25,3659.39,0.479,0
BW-00035,96735.04,831,48283.21,0.224,12,4,4,Debt Consolidation,Retail,Retail,0,17,0.609,0.899,0.087,0.117,0.225,0.277,14,16,5690.3,0.784,0
BW-00036,81797.75,662,92379.2,0.356,2,5,97,Medical,Casino,Retail,0,12,0.783,0.985,0.212,0.442,0.211,0.573,3,12,6292.13,0.184,0
BW-00037,33938.31,579,39469.49,0.246,17,7,54,Education,Equipment Vendor,Equipment Vendor,0,10,0.673,0.91,0.052,0.002,0.066,0.177,6,17,1885.46,0.334,0
BW-00038,14278.85,684,89513.26,0.504,13,5,61,Debt Consolidation,Equipment Vendor,Crypto Exchange,0,24,0.497,0.801,0.482,0.122,0.066,0.293,11,14,951.92,0.417,0
BW-00039,70002.14,616,101100.94,0.45,14,6,111,Debt Consolidation,Luxury Travel,Crypto Exchange,0,9,0.718,0.961,0.799,0.107,0.324,0.231,9,28,2413.87,0.188,0
BW-00040,46814.49,614,97689.99,0.581,2,6,78,Business Expansion,Equipment Vendor,Casino,0,28,0.824,1.0,0.081,0.062,0.353,0.378,17,23,1950.6,0.748,0
BW-00041,16593.63,841,160376.23,0.146,0,4,83,Medical,Equipment Vendor,Equipment Vendor,0,9,0.225,0.541,0.657,0.141,0.471,0.116,19,38,425.48,0.769,1
BW-00042,52041.81,574,109509.37,0.603,23,1,5,Education,Retail,Casino,0,5,0.336,0.716,0.095,0.115,0.044,0.156,29,47,1084.2,0.811,0
BW-00043,8266.91,586,100197.07,0.261,16,7,100,Equipment Purchase,ATM Cash,ATM Cash,1,15,0.224,0.375,0.536,0.145,0.059,0.515,2,9,826.69,0.596,1
BW-00044,91385.44,550,91606.39,0.37,2,3,95,Education,Equipment Vendor,Casino,0,24,0.452,0.683,0.515,0.139,0.026,0.487,28,30,2947.92,0.531,0
BW-00045,29584.1,586,152643.51,0.341,13,6,109,Education,Crypto Exchange,Casino,0,11,0.885,0.92,0.722,0.871,0.266,0.474,8,22,1286.27,0.323,1
BW-00046,67939.62,690,164258.49,0.518,2,7,18,Business Expansion,ATM Cash,Casino,0,3,0.345,0.489,0.091,0.113,0.311,0.463,25,32,2058.78,0.657,0
BW-00047,34612.55,781,157986.37,0.331,12,6,44,Education,Luxury Travel,Retail,0,4,0.374,0.539,0.252,0.1,0.202,0.276,10,27,1236.16,0.478,0
BW-00048,54406.46,685,131031.99,0.619,14,6,31,Business Expansion,Luxury Travel,ATM Cash,0,1,0.86,1.0,0.073,0.122,0.399,0.437,22,35,1511.29,0.925,1
BW-00049,56937.48,737,50604.26,0.596,17,2,119,Business Expansion,Equipment Vendor,Casino,0,18,0.515,0.72,0.326,0.118,0.343,0.232,3,21,2588.07,0.923,0
BW-00050,22561.17,677,71530.5,0.58,13,4,94,Debt Consolidation,Retail,Crypto Exchange,0,0,0.535,0.827,0.729,0.023,0.493,0.06,10,13,1611.51,0.869,0
BW-00051,97110.54,750,36909.46,0.139,20,4,21,Equipment Purchase,ATM Cash,Casino,1,3,0.861,0.869,0.625,0.035,0.069,0.236,24,26,3596.69,0.406,1
BW-00052,78637.62,676,169623.61,0.57,2,6,47,Business Expansion,Luxury Travel,Retail,0,11,0.491,0.677,0.578,0.04,0.029,0.095,26,34,2246.79,0.413,0
BW-00053,94252.4,806,129119.78,0.53,18,2,30,Medical,Luxury Travel,Luxury Travel,0,1,0.682,1.0,0.426,0.123,0.137,0.235,23,32,2856.13,0.825,0
BW-00054,90008.6,713,141954.43,0.157,7,6,55,Medical,Crypto Exchange,ATM Cash,0,11,0.086,0.176,0.707,0.494,0.01,0.178,2,9,9000.86,0.72,0
BW-00055,61800.5,584,76735.76,0.159,3,3,105,Equipment Purchase,Equipment Vendor,Luxury Travel,0,15,0.179,0.192,0.36,0.074,0.466,0.359,27,46,1314.9,0.699,0
BW-00056,92578.05,743,156848.03,0.156,3,2,68,Business Expansion,ATM Cash,Luxury Travel,0,1,0.404,0.577,0.12,0.087,0.152,0.217,7,8,10286.45,0.338,0
BW-00057,13406.79,740,68940.49,0.106,18,6,69,Equipment Purchase,Luxury Travel,ATM Cash,1,16,0.495,0.777,0.67,0.124,0.276,0.423,1,1,6703.4,0.808,1
BW-00058,23618.37,653,30246.56,0.402,10,5,41,Debt Consolidation,Luxury Travel,Equipment Vendor,0,25,0.966,1.0,0.224,0.047,0.159,0.307,24,27,843.51,0.593,0
BW-00059,9296.59,572,86462.24,0.635,0,1,45,Medical,Luxury Travel,Crypto Exchange,0,27,0.971,1.0,0.043,0.008,0.123,0.552,12,27,332.02,0.48,0
BW-00060,35906.38,814,115614.22,0.341,7,5,74,Education,Luxury Travel,Retail,0,1,0.851,1.0,0.101,0.072,0.076,0.055,5,9,3590.64,0.836,0
BW-00061,41924.34,839,101805.73,0.397,14,1,91,Medical,Retail,ATM Cash,0,3,0.316,0.418,0.487,0.137,0.16,0.413,9,26,1552.75,0.435,0
BW-00062,30778.16,809,159311.42,0.632,0,2,80,Business Expansion,Casino,Luxury Travel,0,5,0.964,1.0,0.486,0.632,0.308,0.403,12,25,1183.78,0.656,0
BW-00063,83730.06,624,45810.79,0.24,6,5,30,Equipment Purchase,Crypto Exchange,Retail,1,28,0.689,0.75,0.208,0.841,0.486,0.57,11,23,3488.75,0.496,1
BW-00064,38891.57,621,113073.52,0.572,20,3,77,Medical,Retail,Retail,0,27,0.393,0.551,0.582,0.01,0.279,0.223,12,27,1388.98,0.604,0
BW-00065,31688.78,808,106946.9,0.401,19,7,100,Education,Crypto Exchange,Equipment Vendor,0,22,0.702,0.964,0.619,0.772,0.266,0.183,3,17,1760.49,0.134,0
BW-00066,56556.13,737,72208.95,0.413,19,5,85,Education,Luxury Travel,Luxury Travel,0,6,0.017,0.348,0.736,0.125,0.018,0.103,12,30,1824.39,0.492,0
BW-00067,18387.8,722,153334.22,0.289,23,4,45,Equipment Purchase,Crypto Exchange,Casino,1,22,0.146,0.463,0.468,0.644,0.42,0.159,23,26,681.03,0.573,1
BW-00068,81208.71,839,142927.3,0.409,10,7,117,Equipment Purchase,Equipment Vendor,Retail,0,14,0.83,1.0,0.624,0.064,0.022,0.301,24,42,1888.57,0.519,0
BW-00069,12082.31,594,139928.88,0.14,13,7,104,Medical,Equipment Vendor,Luxury Travel,0,19,0.646,0.79,0.602,0.019,0.453,0.503,1,13,863.02,0.82,0
BW-00070,98754.26,610,161428.87,0.521,21,1,45,Business Expansion,Casino,Retail,0,11,0.364,0.413,0.206,0.909,0.269,0.171,6,16,5809.07,0.364,0
BW-00071,78363.25,632,138417.69,0.257,15,1,79,Debt Consolidation,Casino,Equipment Vendor,0,4,0.501,0.588,0.248,0.596,0.084,0.095,11,28,2702.18,0.851,0
BW-00072,23877.99,672,64776.19,0.588,13,6,84,Education,Crypto Exchange,Equipment Vendor,0,13,0.905,1.0,0.383,0.809,0.226,0.163,2,12,1836.77,0.443,1
BW-00073,5524.6,565,135834.41,0.302,11,3,84,Equipment Purchase,Retail,Casino,0,15,0.632,0.975,0.015,0.122,0.497,0.061,8,8,613.84,0.69,0
BW-00074,82468.84,615,76155.42,0.179,16,1,45,Debt Consolidation,Retail,Equipment Vendor,0,10,0.398,0.779,0.238,0.147,0.153,0.556,22,36,2228.89,0.174,0
BW-00075,72151.45,694,66326.2,0.483,13,1,55,Debt Consolidation,Luxury Travel,Luxury Travel,0,11,0.12,0.15,0.379,0.099,0.135,0.524,11,20,3435.78,0.27,0
BW-00076,74255.68,711,40950.54,0.191,9,6,59,Debt Consolidation,Retail,ATM Cash,0,18,0.294,0.509,0.086,0.094,0.059,0.185,27,30,2395.34,0.747,0
BW-00077,78270.68,783,141604.29,0.515,23,3,5,Business Expansion,Casino,Equipment Vendor,0,16,0.978,1.0,0.101,0.96,0.299,0.148,12,17,4348.37,0.11,1
BW-00078,12034.24,693,136650.14,0.632,13,5,118,Equipment Purchase,Retail,ATM Cash,0,29,0.437,0.721,0.371,0.003,0.045,0.543,19,20,573.06,0.923,0
BW-00079,39054.24,737,65174.92,0.529,17,2,118,Education,Luxury Travel,Casino,0,23,0.472,0.73,0.585,0.029,0.383,0.001,20,36,1055.52,0.262,0
BW-00080,16007.56,562,142406.85,0.112,21,5,32,Equipment Purchase,Equipment Vendor,Crypto Exchange,0,25,0.499,0.807,0.667,0.088,0.46,0.36,23,34,457.36,0.866,0
BW-00081,86994.83,733,167676.13,0.43,8,4,6,Medical,Retail,Retail,0,26,0.884,1.0,0.437,0.023,0.466,0.55,9,13,6213.92,0.539,0
BW-00082,64213.32,660,46204.34,0.482,16,4,94,Education,Retail,Retail,0,6,0.604,0.676,0.38,0.133,0.054,0.305,11,29,2140.44,0.58,0
BW-00083,36435.31,839,64895.5,0.554,5,1,26,Equipment Purchase,Casino,Luxury Travel,1,29,0.694,0.776,0.307,0.57,0.279,0.002,26,31,1138.6,0.172,1
BW-00084,11038.04,844,142539.12,0.131,7,7,37,Education,Crypto Exchange,Casino,0,8,0.389,0.394,0.154,0.76,0.049,0.131,18,34,315.37,0.41,0
BW-00085,34543.32,764,71176.0,0.364,12,4,13,Medical,Equipment Vendor,Casino,0,13,0.029,0.169,0.117,0.077,0.286,0.553,9,27,1233.69,0.233,0
BW-00086,35892.42,669,123699.6,0.394,17,2,93,Education,Crypto Exchange,Casino,0,25,0.931,0.968,0.634,0.404,0.407,0.01,15,34,1025.5,0.547,0
BW-00087,74312.59,604,42174.63,0.193,4,1,69,Debt Consolidation,Luxury Travel,Retail,0,19,0.949,1.0,0.372,0.049,0.269,0.237,22,24,2972.5,0.568,0
BW-00088,65567.96,576,97830.37,0.277,5,6,25,Business Expansion,Luxury Travel,Equipment Vendor,0,11,0.949,1.0,0.632,0.131,0.436,0.474,18,25,2521.84,0.703,1
BW-00089,89285.21,667,140863.71,0.342,20,4,13,Medical,Crypto Exchange,Retail,0,14,0.944,1.0,0.563,0.706,0.401,0.503,8,12,6868.09,0.847,0
BW-00090,49860.42,770,132977.09,0.558,18,7,88,Education,Casino,Retail,0,11,0.815,1.0,0.155,0.602,0.138,0.287,4,8,5540.05,0.498,0
BW-00091,16361.45,780,152260.82,0.611,3,6,95,Medical,ATM Cash,Retail,0,20,0.685,0.786,0.408,0.095,0.315,0.139,27,43,371.85,0.298,0
BW-00092,72758.25,602,161617.82,0.446,6,0,20,Debt Consolidation,Casino,Equipment Vendor,0,20,0.845,0.899,0.355,0.686,0.004,0.36,13,31,2273.7,0.384,0
BW-00093,77274.58,844,145977.53,0.317,3,0,119,Business Expansion,ATM Cash,Crypto Exchange,0,28,0.601,0.678,0.339,0.093,0.198,0.158,15,33,2272.78,0.82,0
BW-00094,58321.33,782,130738.16,0.24,24,0,72,Medical,ATM Cash,Luxury Travel,0,22,0.134,0.522,0.434,0.083,0.119,0.153,8,17,3240.07,0.224,0
BW-00095,78241.88,707,34758.37,0.64,10,6,60,Debt Consolidation,Casino,Crypto Exchange,0,12,0.391,0.611,0.786,0.509,0.469,0.485,16,18,4117.99,0.633,0
BW-00096,51910.58,818,110245.0,0.641,11,0,73,Debt Consolidation,ATM Cash,Crypto Exchange,0,8,0.971,1.0,0.65,0.132,0.203,0.093,11,23,2162.94,0.111,0
BW-00097,54659.62,570,35654.66,0.609,13,5,21,Debt Consolidation,ATM Cash,Retail,0,23,0.351,0.687,0.723,0.023,0.327,0.003,23,38,1401.53,0.309,0
BW-00098,45616.4,602,151210.17,0.532,12,0,115,Education,ATM Cash,Crypto Exchange,0,6,0.868,1.0,0.024,0.012,0.366,0.202,23,34,1303.33,0.603,0
BW-00099,7414.82,824,78108.68,0.279,9,1,61,Equipment Purchase,Equipment Vendor,Retail,0,29,0.093,0.453,0.112,0.044,0.387,0.295,27,43,168.52,0.488,0
BW-00100,15249.69,830,114364.41,0.549,17,3,84,Medical,Luxury Travel,Retail,0,0,0.334,0.438,0.068,0.148,0.368,0.423,13,14,1016.65,0.52,0
BW-00101,7985.77,763,71916.8,0.325,15,5,79,Equipment Purchase,ATM Cash,Luxury Travel,1,27,0.351,0.508,0.211,0.003,0.145,0.469,7,22,347.21,0.661,0
BW-00102,65458.99,580,147375.02,0.28,4,7,26,Debt Consolidation,Luxury Travel,Casino,0,9,0.052,0.254,0.354,0.101,0.343,0.398,18,28,2257.21,0.299,0
BW-00103,34863.82,732,162975.38,0.51,7,3,54,Equipment Purchase,Luxury Travel,Retail,1,28,0.119,0.476,0.514,0.091,0.275,0.376,8,8,3873.76,0.339,0
BW-00104,53314.22,572,89796.37,0.144,13,1,42,Debt Consolidation,Equipment Vendor,Crypto Exchange,0,5,0.193,0.541,0.401,0.097,0.299,0.399,2,13,3808.16,0.682,0
BW-00105,91218.82,581,159438.36,0.127,4,7,11,Debt Consolidation,Luxury Travel,Luxury Travel,0,25,0.838,1.0,0.723,0.033,0.0,0.163,3,8,10135.42,0.558,0
BW-00106,28682.76,623,70061.25,0.346,23,1,37,Business Expansion,Crypto Exchange,ATM Cash,0,14,0.063,0.152,0.752,0.949,0.129,0.229,10,28,989.06,0.112,1
BW-00107,43986.38,559,110199.14,0.345,7,2,105,Business Expansion,Retail,ATM Cash,0,14,0.299,0.46,0.131,0.065,0.465,0.37,7,11,3665.53,0.67,0
BW-00108,76777.36,603,158814.21,0.593,24,7,11,Equipment Purchase,Equipment Vendor,ATM Cash,0,8,0.01,0.4,0.682,0.014,0.145,0.039,23,25,2952.98,0.627,0
BW-00109,26735.83,601,78882.2,0.169,5,5,27,Medical,Retail,Crypto Exchange,0,12,0.696,0.939,0.385,0.011,0.219,0.177,28,45,581.21,0.167,0
BW-00110,12313.09,697,173106.34,0.168,15,3,94,Equipment Purchase,Crypto Exchange,Casino,1,22,0.62,0.932,0.363,0.585,0.093,0.244,7,24,492.52,0.735,1
BW-00111,32526.39,709,48281.93,0.181,3,0,83,Medical,Casino,Equipment Vendor,0,0,0.645,0.825,0.628,0.67,0.069,0.32,4,15,2032.9,0.544,0
BW-00112,20316.02,563,32741.26,0.116,11,1,34,Equipment Purchase,Casino,Casino,1,8,0.374,0.587,0.075,0.571,0.104,0.292,21,38,520.92,0.274,0
BW-00113,93321.28,727,165620.3,0.139,10,0,38,Education,ATM Cash,Luxury Travel,0,2,0.208,0.38,0.706,0.044,0.277,0.431,23,32,2827.92,0.575,0
BW-00114,81771.44,602,40297.3,0.463,2,7,61,Education,Casino,Casino,0,29,0.72,1.0,0.537,0.691,0.46,0.284,8,11,6814.29,0.606,0
BW-00115,65173.36,571,178783.38,0.337,11,3,87,Medical,Equipment Vendor,ATM Cash,0,8,0.811,1.0,0.7,0.031,0.163,0.542,19,38,1671.11,0.882,0
BW-00116,87788.76,579,172709.53,0.52,4,6,53,Business Expansion,Casino,Casino,0,19,0.139,0.342,0.796,0.463,0.162,0.228,22,40,2141.19,0.731,0
BW-00117,81348.85,740,50553.14,0.646,5,5,65,Medical,Equipment Vendor,Luxury Travel,0,24,0.487,0.679,0.414,0.03,0.282,0.315,12,15,5084.3,0.357,0
BW-00118,22724.16,809,110637.69,0.462,18,4,3,Equipment Purchase,Equipment Vendor,Luxury Travel,0,28,0.249,0.385,0.075,0.105,0.178,0.002,25,35,631.23,0.2,0
BW-00119,89793.1,754,57738.04,0.128,17,6,67,Debt Consolidation,Retail,ATM Cash,0,14,0.168,0.239,0.133,0.019,0.455,0.186,10,12,6907.16,0.825,0
BW-00120,56237.51,608,94223.28,0.158,15,7,28,Education,Casino,Crypto Exchange,0,23,0.734,1.0,0.259,0.7,0.189,0.52,14,28,1939.22,0.819,0
BW-00121,81706.81,813,39213.77,0.585,22,7,14,Debt Consolidation,Luxury Travel,Retail,0,6,0.538,0.664,0.083,0.013,0.245,0.2,27,42,1900.16,0.249,0
BW-00122,90128.67,561,63588.69,0.39,10,6,52,Education,Casino,Equipment Vendor,0,3,0.216,0.536,0.652,0.567,0.267,0.152,12,23,3755.36,0.153,0
BW-00123,35210.33,668,84490.92,0.554,4,4,30,Equipment Purchase,Casino,Equipment Vendor,1,24,0.31,0.596,0.237,0.566,0.391,0.326,21,38,902.83,0.705,1
BW-00124,15454.93,839,95797.13,0.571,8,7,58,Education,Casino,ATM Cash,0,19,0.967,1.0,0.781,0.9,0.282,0.047,20,25,594.42,0.714,1
BW-00125,26653.84,797,176624.44,0.61,2,7,54,Medical,ATM Cash,Equipment Vendor,0,16,0.849,1.0,0.562,0.137,0.12,0.319,25,39,666.35,0.251,0
BW-00126,45575.24,676,151179.85,0.622,7,1,69,Debt Consolidation,Luxury Travel,Casino,0,21,0.88,1.0,0.139,0.021,0.062,0.182,4,5,7595.87,0.668,0
BW-00127,82711.4,624,140611.49,0.405,5,2,113,Debt Consolidation,Luxury Travel,Luxury Travel,0,3,0.46,0.819,0.381,0.026,0.469,0.23,19,30,2668.11,0.337,0
BW-00128,86769.41,753,110556.2,0.288,3,7,15,Equipment Purchase,Equipment Vendor,Luxury Travel,0,25,0.624,0.691,0.374,0.038,0.401,0.475,29,38,2224.86,0.322,0
BW-00129,5660.45,598,155999.66,0.629,11,0,38,Debt Consolidation,Luxury Travel,ATM Cash,0,18,0.377,0.628,0.394,0.037,0.011,0.397,7,10,514.59,0.376,0
BW-00130,53520.99,628,80898.43,0.401,11,1,78,Equipment Purchase,Equipment Vendor,Luxury Travel,0,27,0.078,0.387,0.429,0.047,0.411,0.268,21,28,1845.55,0.542,0
BW-00131,44654.05,790,136334.87,0.135,24,2,14,Business Expansion,Retail,Retail,0,4,0.401,0.51,0.025,0.086,0.295,0.347,1,15,2790.88,0.784,0
BW-00132,26100.24,703,179067.6,0.454,20,0,57,Medical,Equipment Vendor,Luxury Travel,0,15,0.594,0.89,0.549,0.004,0.259,0.46,8,26,966.68,0.524,0
BW-00133,16387.21,823,77194.34,0.423,15,3,59,Education,Casino,Luxury Travel,0,2,0.287,0.598,0.39,0.992,0.006,0.447,11,26,606.93,0.353,0
BW-00134,37073.44,645,131102.63,0.593,9,6,113,Education,Crypto Exchange,Casino,0,10,0.848,1.0,0.633,0.541,0.39,0.111,1,13,2648.1,0.851,1
BW-00135,94576.42,763,156647.23,0.459,21,6,8,Education,Crypto Exchange,Crypto Exchange,0,24,0.151,0.276,0.652,0.802,0.099,0.181,25,39,2364.41,0.147,1
BW-00136,35704.28,843,167371.14,0.292,13,4,72,Business Expansion,ATM Cash,Equipment Vendor,0,27,0.367,0.64,0.184,0.148,0.364,0.209,1,14,2380.29,0.778,0
BW-00137,54285.11,758,137689.9,0.631,12,2,19,Medical,Casino,Casino,0,21,0.125,0.247,0.039,0.54,0.008,0.113,4,18,2857.11,0.767,0
BW-00138,71786.8,637,72541.19,0.541,8,0,32,Debt Consolidation,Equipment Vendor,Casino,0,14,0.405,0.701,0.563,0.064,0.398,0.007,26,37,1889.13,0.316,0
BW-00139,39544.81,813,78942.32,0.447,6,7,95,Debt Consolidation,Casino,Casino,0,18,0.04,0.225,0.782,0.407,0.012,0.104,4,14,2636.32,0.269,0
BW-00140,97319.3,706,33113.7,0.261,11,1,29,Medical,ATM Cash,Equipment Vendor,0,20,0.273,0.512,0.357,0.118,0.118,0.485,11,13,6951.38,0.843,0
BW-00141,96432.49,705,144132.9,0.305,4,0,41,Medical,Luxury Travel,ATM Cash,0,23,0.401,0.567,0.208,0.011,0.134,0.328,25,38,2472.63,0.575,0
BW-00142,28919.32,688,36410.94,0.468,17,1,75,Education,Equipment Vendor,Casino,0,13,0.478,0.543,0.125,0.144,0.079,0.205,1,2,9639.77,0.139,0
BW-00143,52238.61,670,159697.85,0.14,3,6,45,Debt Consolidation,Casino,Crypto Exchange,0,15,0.544,0.615,0.23,0.477,0.241,0.365,10,27,1865.66,0.857,0
BW-00144,33583.44,614,47799.09,0.241,1,4,13,Medical,Luxury Travel,ATM Cash,0,23,0.275,0.306,0.262,0.047,0.142,0.444,29,31,1049.48,0.397,0
BW-00145,32059.85,656,55781.48,0.493,2,7,27,Debt Consolidation,ATM Cash,Luxury Travel,0,5,0.523,0.77,0.339,0.146,0.497,0.213,25,33,942.94,0.391,0
BW-00146,8504.26,696,101478.97,0.364,11,4,19,Medical,Luxury Travel,Crypto Exchange,0,4,0.509,0.848,0.524,0.14,0.29,0.28,4,14,566.95,0.647,0
BW-00147,62908.61,686,140682.06,0.321,2,0,26,Equipment Purchase,Equipment Vendor,ATM Cash,0,20,0.316,0.324,0.219,0.096,0.283,0.039,23,25,2419.56,0.662,0
BW-00148,52754.51,711,50850.33,0.183,3,0,53,Education,ATM Cash,Luxury Travel,0,16,0.83,0.856,0.041,0.003,0.11,0.358,25,29,1758.48,0.4,0
BW-00149,9890.48,649,96010.66,0.343,5,1,51,Medical,ATM Cash,Luxury Travel,0,15,0.546,0.729,0.299,0.112,0.204,0.214,27,35,274.74,0.222,0
BW-00150,31471.41,690,102427.69,0.524,11,1,37,Business Expansion,ATM Cash,Casino,0,1,0.332,0.627,0.685,0.05,0.062,0.26,7,16,1851.26,0.569,0
BW-00151,91285.26,632,61842.85,0.245,18,2,112,Medical,Retail,Casino,0,27,0.947,1.0,0.399,0.058,0.381,0.254,2,7,11410.66,0.631,1
BW-00152,27758.38,726,47333.76,0.103,9,6,9,Equipment Purchase,ATM Cash,Equipment Vendor,1,10,0.845,0.954,0.772,0.024,0.166,0.379,22,27,991.37,0.831,1
BW-00153,18765.01,747,155463.14,0.468,0,2,92,Business Expansion,Retail,Retail,0,3,0.983,1.0,0.403,0.079,0.376,0.343,13,23,781.88,0.512,0
BW-00154,51498.01,661,105369.85,0.635,16,2,96,Business Expansion,Luxury Travel,Crypto Exchange,0,5,0.692,0.852,0.221,0.112,0.186,0.253,22,38,1320.46,0.649,0
BW-00155,98636.79,605,32157.19,0.434,15,0,52,Medical,Retail,Equipment Vendor,0,26,0.378,0.468,0.155,0.041,0.494,0.01,19,20,4696.99,0.146,0
BW-00156,27995.25,728,150447.2,0.166,8,5,54,Equipment Purchase,Luxury Travel,Equipment Vendor,1,6,0.281,0.422,0.556,0.141,0.086,0.373,4,12,2153.48,0.86,0
BW-00157,68852.88,735,177119.07,0.276,24,5,3,Business Expansion,Retail,Crypto Exchange,0,16,0.663,0.954,0.429,0.029,0.001,0.528,6,23,2868.87,0.378,0
BW-00158,77353.86,767,120888.93,0.577,20,5,115,Education,Luxury Travel,ATM Cash,0,7,0.981,1.0,0.483,0.01,0.297,0.462,27,31,2417.31,0.637,0
BW-00159,27575.57,766,105556.26,0.228,8,5,96,Education,Luxury Travel,Crypto Exchange,0,27,0.627,0.659,0.604,0.097,0.476,0.589,22,27,984.84,0.879,0
BW-00160,74180.55,669,161762.38,0.434,22,2,69,Debt Consolidation,ATM Cash,Luxury Travel,0,0,0.882,1.0,0.581,0.127,0.324,0.083,17,20,3532.41,0.789,0
BW-00161,39939.4,724,172877.52,0.321,8,0,8,Debt Consolidation,ATM Cash,Retail,0,24,0.329,0.52,0.035,0.143,0.043,0.134,26,34,1141.13,0.642,0
BW-00162,65069.05,572,143180.54,0.214,11,5,14,Equipment Purchase,Luxury Travel,ATM Cash,1,14,0.407,0.781,0.642,0.115,0.27,0.324,24,28,2243.76,0.698,1
BW-00163,65185.32,762,96817.94,0.547,22,7,3,Business Expansion,ATM Cash,Casino,0,19,0.906,1.0,0.426,0.03,0.455,0.142,9,12,5014.26,0.883,0
BW-00164,55898.59,784,118833.21,0.509,8,4,24,Education,Luxury Travel,Retail,0,11,0.757,1.0,0.313,0.147,0.003,0.021,2,10,5081.69,0.79,0
BW-00165,13577.53,562,135140.3,0.464,14,3,13,Education,ATM Cash,Retail,0,14,0.981,1.0,0.43,0.138,0.083,0.241,20,37,357.3,0.618,0
BW-00166,84353.74,650,59141.04,0.23,1,4,43,Equipment Purchase,Crypto Exchange,Casino,1,22,0.775,0.864,0.49,0.559,0.407,0.173,27,37,2219.84,0.66,1
BW-00167,35474.11,573,97080.15,0.154,10,0,29,Business Expansion,Retail,Retail,0,26,0.449,0.81,0.12,0.084,0.447,0.158,6,21,1612.46,0.225,0
BW-00168,22719.26,560,154473.19,0.417,10,0,72,Equipment Purchase,Luxury Travel,ATM Cash,1,29,0.531,0.727,0.334,0.083,0.354,0.572,18,19,1135.96,0.5,0
BW-00169,8873.64,822,128208.8,0.405,7,3,51,Medical,Casino,ATM Cash,0,21,0.901,1.0,0.268,0.991,0.496,0.143,27,42,206.36,0.356,0
BW-00170,61134.83,830,91680.61,0.204,22,1,42,Education,ATM Cash,ATM Cash,0,14,0.552,0.61,0.28,0.148,0.045,0.078,23,41,1455.59,0.467,0
BW-00171,69368.61,643,129504.38,0.131,5,1,31,Equipment Purchase,ATM Cash,Equipment Vendor,1,28,0.255,0.358,0.073,0.009,0.273,0.075,22,31,2167.77,0.663,0
BW-00172,6575.84,750,47733.36,0.144,20,7,63,Equipment Purchase,Equipment Vendor,Equipment Vendor,0,8,0.436,0.67,0.128,0.094,0.342,0.484,24,27,234.85,0.227,0
BW-00173,53648.84,570,90224.64,0.646,19,1,26,Medical,Casino,ATM Cash,0,15,0.516,0.644,0.129,0.586,0.351,0.429,15,26,1986.99,0.115,0
BW-00174,26517.1,760,148969.28,0.531,6,2,18,Debt Consolidation,Casino,Casino,0,29,0.097,0.297,0.299,0.423,0.397,0.078,23,31,828.66,0.437,0
BW-00175,66291.42,689,63076.32,0.607,2,1,82,Education,Crypto Exchange,Casino,0,1,0.744,0.894,0.716,0.707,0.459,0.132,16,28,2285.91,0.374,0
BW-00176,21564.81,842,57894.23,0.207,7,6,57,Equipment Purchase,Retail,Crypto Exchange,0,14,0.109,0.365,0.165,0.037,0.181,0.448,26,30,695.64,0.457,0
BW-00177,70639.09,847,172622.8,0.628,17,2,7,Education,Crypto Exchange,Crypto Exchange,0,14,0.405,0.6,0.333,0.712,0.021,0.165,1,2,23546.36,0.892,0
BW-00178,41739.86,650,61484.64,0.178,16,2,112,Debt Consolidation,Retail,ATM Cash,0,26,0.805,0.807,0.249,0.143,0.181,0.589,10,12,3210.76,0.701,0
BW-00179,93989.35,577,69137.79,0.38,10,7,102,Equipment Purchase,Luxury Travel,Retail,1,6,0.468,0.728,0.63,0.114,0.336,0.324,10,17,5221.63,0.378,0
BW-00180,18064.49,590,175442.39,0.556,1,1,48,Medical,Crypto Exchange,Retail,0,26,0.842,1.0,0.04,0.759,0.107,0.115,21,26,669.06,0.252,0
BW-00181,37401.3,695,140206.29,0.292,24,1,80,Education,Equipment Vendor,Casino,0,20,0.342,0.479,0.157,0.033,0.405,0.515,6,10,3400.12,0.626,0
BW-00182,15779.98,805,134939.48,0.334,20,7,119,Medical,Retail,Retail,0,12,0.958,0.996,0.169,0.064,0.11,0.192,23,26,584.44,0.659,0
BW-00183,92845.89,776,157938.96,0.171,23,3,60,Debt Consolidation,Crypto Exchange,Luxury Travel,0,22,0.209,0.297,0.794,0.582,0.005,0.173,4,23,3868.58,0.511,0
BW-00184,88347.24,785,47373.46,0.168,18,5,33,Debt Consolidation,Equipment Vendor,Equipment Vendor,0,16,0.038,0.128,0.457,0.123,0.254,0.196,14,29,2944.91,0.281,0
BW-00185,29504.45,562,135893.44,0.441,6,7,115,Education,Casino,Retail,0,10,0.872,1.0,0.111,0.763,0.363,0.461,25,32,894.07,0.124,0
BW-00186,67698.48,759,105553.29,0.472,17,3,3,Debt Consolidation,ATM Cash,Retail,0,26,0.752,0.925,0.218,0.099,0.175,0.104,17,28,2334.43,0.326,0
BW-00187,82636.11,778,154372.6,0.528,7,2,102,Business Expansion,Luxury Travel,Crypto Exchange,0,9,0.232,0.249,0.134,0.014,0.374,0.229,3,7,10329.51,0.489,0
BW-00188,57744.08,649,106221.26,0.406,13,3,4,Education,Luxury Travel,Luxury Travel,0,24,0.985,1.0,0.1,0.003,0.219,0.018,26,30,1862.71,0.77,0
BW-00189,55316.8,580,123036.2,0.455,6,2,100,Business Expansion,Casino,Retail,0,0,0.502,0.534,0.638,0.571,0.086,0.496,2,14,3687.79,0.826,0
BW-00190,27975.97,565,101661.32,0.107,20,0,4,Debt Consolidation,Crypto Exchange,Equipment Vendor,0,13,0.951,1.0,0.397,0.526,0.045,0.204,18,28,964.69,0.451,0
BW-00191,13844.76,686,101723.84,0.189,3,2,42,Education,ATM Cash,Retail,0,4,0.505,0.58,0.505,0.012,0.355,0.149,17,27,494.46,0.777,0
BW-00192,90235.5,715,145195.5,0.642,16,2,9,Business Expansion,Casino,Casino,0,29,0.472,0.671,0.265,0.677,0.193,0.348,13,31,2819.86,0.944,0
BW-00193,90539.72,649,124284.96,0.142,4,3,104,Debt Consolidation,Equipment Vendor,Luxury Travel,0,7,0.449,0.597,0.443,0.075,0.456,0.423,19,25,3482.3,0.709,0
BW-00194,65144.64,658,124989.48,0.473,11,5,51,Equipment Purchase,ATM Cash,Retail,1,0,0.335,0.657,0.206,0.119,0.27,0.488,10,26,2412.76,0.719,1
BW-00195,37207.83,722,97542.37,0.197,8,0,17,Equipment Purchase,Retail,Luxury Travel,0,6,0.534,0.662,0.246,0.1,0.174,0.209,21,25,1431.07,0.873,0
BW-00196,38174.91,786,109666.42,0.494,19,4,17,Medical,Crypto Exchange,Retail,0,1,0.453,0.636,0.522,0.985,0.174,0.487,22,27,1363.39,0.387,0
BW-00197,73965.79,711,141857.65,0.488,12,4,97,Equipment Purchase,ATM Cash,Equipment Vendor,1,6,0.037,0.326,0.12,0.046,0.066,0.279,24,41,1761.09,0.11,1
BW-00198,90225.47,765,153891.14,0.229,24,5,20,Business Expansion,Retail,Equipment Vendor,0,6,0.26,0.433,0.494,0.039,0.297,0.061,4,21,4101.16,0.939,0
BW-00199,89273.21,813,134484.21,0.248,17,4,14,Equipment Purchase,Casino,Luxury Travel,1,8,0.213,0.53,0.682,0.621,0.291,0.508,17,25,3433.58,0.517,1
BW-00200,79088.18,812,168610.95,0.46,19,0,22,Education,Luxury Travel,ATM Cash,0,21,0.867,1.0,0.096,0.03,0.4,0.329,28,45,1719.31,0.768,0
BW-00201,65993.01,841,153048.61,0.315,8,1,52,Education,ATM Cash,Crypto Exchange,0,3,0.599,0.763,0.718,0.122,0.101,0.361,16,34,1885.51,0.791,0
BW-00202,12993.3,823,114279.57,0.207,3,0,27,Education,ATM Cash,Crypto Exchange,0,22,0.764,0.966,0.064,0.078,0.145,0.562,25,41,309.36,0.438,0
BW-00203,20354.73,552,130710.91,0.502,20,3,43,Equipment Purchase,Retail,Casino,0,6,0.957,1.0,0.279,0.034,0.049,0.335,19,27,726.95,0.56,0
BW-00204,90362.65,577,168946.24,0.185,7,7,3,Equipment Purchase,Retail,ATM Cash,0,19,0.644,0.909,0.488,0.094,0.148,0.003,24,24,3614.51,0.559,0
BW-00205,62610.76,698,122875.21,0.571,0,6,88,Medical,Luxury Travel,Crypto Exchange,0,17,0.983,1.0,0.448,0.142,0.214,0.522,14,33,1841.49,0.287,0
BW-00206,5873.72,577,153721.04,0.383,16,2,94,Debt Consolidation,Retail,Luxury Travel,0,12,0.312,0.384,0.077,0.012,0.482,0.171,20,37,154.57,0.2,0
BW-00207,14639.8,614,133321.58,0.158,24,2,8,Medical,Retail,Crypto Exchange,0,10,0.186,0.379,0.639,0.016,0.327,0.301,27,39,366.0,0.562,0
BW-00208,68032.67,570,112790.45,0.482,8,7,86,Business Expansion,ATM Cash,Casino,0,8,0.403,0.766,0.779,0.127,0.391,0.123,15,22,2957.94,0.202,0
BW-00209,5480.85,801,66275.73,0.386,19,3,89,Education,Luxury Travel,Retail,0,13,0.471,0.6,0.145,0.016,0.163,0.178,19,32,166.09,0.394,0
BW-00210,20276.76,784,93899.63,0.264,12,3,10,Equipment Purchase,Luxury Travel,Crypto Exchange,1,7,0.895,1.0,0.716,0.006,0.072,0.412,3,5,3379.46,0.258,1
BW-00211,57129.71,776,175161.42,0.332,1,6,113,Debt Consolidation,ATM Cash,Luxury Travel,0,20,0.56,0.599,0.445,0.052,0.128,0.258,20,23,2380.4,0.701,0
BW-00212,70730.04,562,128664.81,0.264,12,6,29,Debt Consolidation,Casino,Luxury Travel,0,13,0.292,0.653,0.749,0.672,0.128,0.376,20,30,2281.61,0.841,0
BW-00213,66936.32,598,114659.31,0.245,8,2,40,Equipment Purchase,Casino,Casino,1,20,0.743,0.921,0.141,0.475,0.292,0.494,16,22,2910.27,0.591,1
BW-00214,26305.58,667,169943.49,0.19,19,6,118,Medical,ATM Cash,Casino,0,16,0.506,0.535,0.634,0.076,0.171,0.204,28,32,797.14,0.449,0
BW-00215,72657.03,603,117976.77,0.3,5,6,65,Debt Consolidation,Retail,Equipment Vendor,0,26,0.162,0.514,0.048,0.137,0.429,0.341,7,8,8073.0,0.947,0
BW-00216,27538.66,687,108912.38,0.238,0,6,116,Medical,Crypto Exchange,Equipment Vendor,0,24,0.577,0.678,0.707,0.707,0.494,0.467,18,23,1147.44,0.118,0
BW-00217,35912.97,602,143896.63,0.476,24,7,21,Equipment Purchase,Casino,Equipment Vendor,1,26,0.911,0.92,0.539,0.601,0.172,0.429,8,27,1282.61,0.359,1
BW-00218,75916.68,593,136899.84,0.476,4,5,103,Medical,Casino,Retail,0,13,0.843,0.897,0.296,0.673,0.353,0.324,27,31,2372.4,0.337,1
BW-00219,66715.13,602,58974.0,0.376,2,1,24,Education,ATM Cash,Luxury Travel,0,25,0.587,0.851,0.152,0.013,0.329,0.23,14,28,2300.52,0.403,0
BW-00220,85676.22,623,100696.24,0.528,3,6,73,Equipment Purchase,ATM Cash,Equipment Vendor,1,26,0.377,0.768,0.653,0.143,0.097,0.245,18,28,2954.35,0.296,1
BW-00221,67473.22,595,100877.32,0.563,0,1,60,Equipment Purchase,Crypto Exchange,Luxury Travel,1,23,0.087,0.132,0.483,0.442,0.459,0.26,1,5,11245.54,0.325,1
BW-00222,58989.32,562,86733.68,0.419,13,1,108,Debt Consolidation,Crypto Exchange,Casino,0,4,0.47,0.655,0.288,0.934,0.1,0.209,24,41,1404.51,0.319,0
BW-00223,13899.1,714,107594.02,0.44,8,3,118,Debt Consolidation,Luxury Travel,Retail,0,9,0.752,0.824,0.355,0.005,0.368,0.419,20,27,496.4,0.53,0
BW-00224,39933.0,651,91966.11,0.256,23,6,26,Debt Consolidation,ATM Cash,Casino,0,5,0.36,0.658,0.661,0.114,0.174,0.075,6,16,2349.0,0.432,0
BW-00225,30194.22,829,59901.82,0.592,3,2,9,Education,Casino,Luxury Travel,0,27,0.235,0.282,0.271,0.61,0.184,0.58,13,29,1006.47,0.643,0
BW-00226,28179.02,807,91854.97,0.113,17,5,20,Education,Equipment Vendor,ATM Cash,0,9,0.931,1.0,0.072,0.058,0.228,0.467,1,14,1878.6,0.537,0
BW-00227,97436.0,687,40841.54,0.292,13,2,56,Business Expansion,Equipment Vendor,ATM Cash,0,10,0.822,0.901,0.729,0.036,0.432,0.179,19,20,4639.81,0.256,0
BW-00228,42344.28,712,116367.88,0.497,24,6,99,Equipment Purchase,Retail,Equipment Vendor,0,25,0.638,0.859,0.31,0.034,0.07,0.026,7,13,3024.59,0.789,0
BW-00229,89744.42,660,158048.18,0.144,3,2,36,Debt Consolidation,Casino,ATM Cash,0,23,0.137,0.486,0.279,0.907,0.027,0.427,23,40,2188.89,0.501,0
BW-00230,64958.17,651,138793.06,0.201,24,6,106,Equipment Purchase,Equipment Vendor,Casino,0,5,0.145,0.349,0.164,0.026,0.201,0.441,27,27,2319.93,0.23,0
BW-00231,80507.07,566,84059.11,0.424,9,5,36,Medical,Casino,ATM Cash,0,9,0.103,0.126,0.718,0.545,0.028,0.578,24,38,2064.28,0.242,0
BW-00232,52750.52,817,43060.68,0.408,2,0,118,Education,ATM Cash,Crypto Exchange,0,13,0.616,0.841,0.174,0.055,0.344,0.152,16,16,3102.97,0.777,0
BW-00233,59805.87,731,60322.41,0.506,22,5,73,Business Expansion,Casino,Retail,0,19,0.116,0.435,0.509,0.517,0.38,0.05,14,30,1929.22,0.698,0
BW-00234,51789.18,573,111823.55,0.547,6,7,22,Medical,Equipment Vendor,Luxury Travel,0,2,0.843,0.896,0.705,0.069,0.427,0.549,2,8,5754.35,0.531,1
BW-00235,23548.08,578,61058.56,0.171,9,0,1,Equipment Purchase,Casino,Equipment Vendor,1,6,0.993,1.0,0.028,0.457,0.372,0.155,7,22,1023.83,0.36,1
BW-00236,73632.95,720,111595.97,0.11,12,4,69,Education,Crypto Exchange,Casino,0,28,0.366,0.441,0.663,0.772,0.458,0.433,20,21,3346.95,0.491,0
BW-00237,31673.37,777,64739.85,0.479,3,0,73,Debt Consolidation,Retail,Retail,0,1,0.454,0.752,0.328,0.106,0.374,0.036,22,36,856.04,0.641,0
BW-00238,7310.02,737,157338.58,0.266,17,1,37,Medical,Luxury Travel,Equipment Vendor,0,6,0.712,0.949,0.526,0.132,0.468,0.456,20,39,182.75,0.847,0
BW-00239,66319.87,779,89590.72,0.444,10,7,102,Education,Equipment Vendor,Casino,0,16,0.937,1.0,0.298,0.042,0.097,0.076,15,25,2550.76,0.572,0
BW-00240,21825.51,668,66832.59,0.183,24,1,83,Equipment Purchase,ATM Cash,ATM Cash,1,12,0.894,0.994,0.556,0.027,0.25,0.417,25,26,808.35,0.335,1
BW-00241,94343.57,705,151848.93,0.358,3,7,72,Equipment Purchase,Luxury Travel,Luxury Travel,1,25,0.058,0.191,0.203,0.114,0.497,0.319,14,24,3773.74,0.136,0
BW-00242,95623.21,821,81425.84,0.377,23,5,106,Medical,Retail,Crypto Exchange,0,20,0.169,0.555,0.018,0.028,0.341,0.573,1,16,5624.89,0.249,0
BW-00243,91912.12,724,46723.15,0.422,13,1,107,Medical,Crypto Exchange,Crypto Exchange,0,8,0.755,0.851,0.758,0.695,0.439,0.022,17,18,4837.48,0.653,0
BW-00244,40165.08,653,115561.42,0.382,17,1,96,Medical,Crypto Exchange,ATM Cash,0,12,0.689,1.0,0.013,0.455,0.015,0.175,16,34,1147.57,0.236,0
BW-00245,6468.38,641,117234.63,0.373,7,4,13,Business Expansion,Crypto Exchange,Luxury Travel,0,14,0.133,0.365,0.659,0.975,0.436,0.042,5,20,308.02,0.509,1
BW-00246,93190.26,735,137204.35,0.283,9,1,84,Debt Consolidation,Crypto Exchange,Retail,0,12,0.502,0.551,0.135,0.799,0.349,0.528,21,28,3213.46,0.694,0
BW-00247,45677.49,832,66032.91,0.139,4,3,100,Education,Equipment Vendor,Luxury Travel,0,16,0.781,0.968,0.314,0.147,0.085,0.356,27,46,971.86,0.362,0
BW-00248,96832.21,730,96565.7,0.149,22,3,43,Equipment Purchase,Equipment Vendor,ATM Cash,0,7,0.219,0.598,0.658,0.044,0.013,0.321,24,28,3339.04,0.669,0
BW-00249,96543.9,719,72355.19,0.339,6,3,108,Equipment Purchase,Casino,Casino,1,8,0.871,1.0,0.165,0.594,0.13,0.079,23,30,3114.32,0.594,1
BW-00250,86035.9,736,42143.06,0.296,11,0,37,Debt Consolidation,ATM Cash,Retail,0,8,0.053,0.398,0.693,0.027,0.458,0.293,27,40,2098.44,0.473,1
BW-00251,32972.64,724,161492.07,0.384,24,5,94,Medical,Casino,Crypto Exchange,0,7,0.782,0.885,0.398,0.566,0.334,0.239,3,16,1939.57,0.863,0
BW-00252,41584.28,771,139330.47,0.268,2,5,74,Medical,ATM Cash,ATM Cash,0,15,0.616,0.844,0.293,0.075,0.46,0.189,24,41,990.1,0.688,0
BW-00253,85857.98,782,75219.46,0.478,3,2,95,Equipment Purchase,Retail,Casino,0,19,0.315,0.653,0.53,0.012,0.223,0.463,20,24,3434.32,0.407,0
BW-00254,35107.59,711,119905.95,0.575,9,4,25,Debt Consolidation,Casino,ATM Cash,0,29,0.721,1.0,0.273,0.731,0.468,0.037,19,28,1210.61,0.784,1
BW-00255,21101.81,683,60189.57,0.264,3,3,93,Equipment Purchase,Retail,Equipment Vendor,0,29,0.782,0.976,0.278,0.134,0.231,0.388,2,16,1241.28,0.727,0
BW-00256,57896.12,773,163535.49,0.206,14,3,88,Medical,Retail,Equipment Vendor,0,6,0.934,1.0,0.587,0.024,0.102,0.494,25,37,1523.58,0.773,0
BW-00257,93934.7,702,47235.95,0.164,9,1,103,Education,Retail,Equipment Vendor,0,16,0.368,0.369,0.248,0.109,0.076,0.544,14,22,4084.12,0.645,0
BW-00258,71122.83,582,30575.57,0.439,20,3,21,Medical,Crypto Exchange,Crypto Exchange,0,6,0.686,0.787,0.161,0.487,0.497,0.448,28,36,1922.24,0.422,0
BW-00259,59155.81,604,105301.23,0.344,21,1,41,Education,Luxury Travel,Luxury Travel,0,5,0.603,0.714,0.646,0.113,0.167,0.169,23,41,1408.47,0.396,0
BW-00260,14231.77,556,117469.17,0.203,15,1,73,Business Expansion,Luxury Travel,Retail,0,4,0.525,0.562,0.644,0.107,0.08,0.36,21,29,474.39,0.656,0
BW-00261,63425.69,793,116844.8,0.459,14,2,42,Debt Consolidation,Equipment Vendor,Crypto Exchange,0,16,0.89,1.0,0.398,0.004,0.004,0.085,25,29,2114.19,0.211,0
BW-00262,99055.12,675,38176.79,0.182,18,0,42,Business Expansion,Retail,Casino,0,7,0.003,0.131,0.421,0.027,0.143,0.07,19,24,3962.2,0.797,0
BW-00263,18307.98,561,77106.57,0.405,19,1,2,Medical,Crypto Exchange,Casino,0,25,0.282,0.67,0.557,0.54,0.445,0.383,13,22,796.0,0.415,0
BW-00264,54241.32,565,104879.84,0.39,18,1,68,Debt Consolidation,Casino,Equipment Vendor,0,0,0.538,0.805,0.407,0.9,0.267,0.511,13,22,2358.32,0.636,0
BW-00265,88350.44,757,62486.88,0.504,17,5,8,Medical,Casino,Retail,0,15,0.178,0.348,0.334,0.934,0.316,0.04,29,34,2524.3,0.524,0
BW-00266,75373.02,592,160893.88,0.13,11,2,96,Debt Consolidation,Equipment Vendor,Equipment Vendor,0,16,0.908,1.0,0.796,0.094,0.461,0.064,6,6,10767.57,0.541,0
BW-00267,71216.5,684,43066.39,0.588,24,1,61,Debt Consolidation,Equipment Vendor,Casino,0,29,0.648,0.709,0.118,0.002,0.256,0.339,24,43,1618.56,0.727,0
BW-00268,71735.99,777,103107.67,0.487,15,4,14,Medical,Retail,Casino,0,2,0.478,0.668,0.474,0.107,0.419,0.131,9,21,3260.73,0.633,0
BW-00269,39151.66,660,133712.41,0.219,0,0,113,Medical,Retail,Luxury Travel,0,12,0.815,1.0,0.709,0.09,0.162,0.367,20,27,1398.27,0.313,0
BW-00270,32891.23,709,69262.67,0.201,15,7,77,Debt Consolidation,Casino,Luxury Travel,0,7,0.451,0.473,0.55,0.411,0.489,0.129,1,13,2349.37,0.163,0
BW-00271,81889.31,813,123636.11,0.337,1,4,21,Debt Consolidation,Casino,Luxury Travel,0,15,0.559,0.846,0.705,0.757,0.039,0.07,24,29,2729.64,0.814,1
BW-00272,81960.77,774,154407.77,0.55,23,3,24,Medical,Casino,Equipment Vendor,0,23,0.003,0.043,0.269,0.753,0.362,0.327,10,28,2826.23,0.852,0
BW-00273,87371.87,766,58550.55,0.564,14,0,50,Medical,Casino,ATM Cash,0,29,0.366,0.422,0.218,0.627,0.33,0.517,3,14,5824.79,0.24,0
BW-00274,91757.85,594,167583.09,0.386,6,3,82,Equipment Purchase,Luxury Travel,Retail,1,6,0.139,0.203,0.681,0.149,0.096,0.411,6,20,4369.42,0.363,1
BW-00275,53577.53,763,113033.78,0.573,0,5,45,Equipment Purchase,Retail,Luxury Travel,0,20,0.69,1.0,0.315,0.023,0.194,0.491,16,23,2232.4,0.34,0
BW-00276,52644.05,608,74884.8,0.103,4,6,64,Equipment Purchase,Retail,Crypto Exchange,0,14,0.479,0.752,0.568,0.108,0.156,0.16,20,30,1698.2,0.897,0
BW-00277,80838.04,681,94628.74,0.119,9,6,64,Business Expansion,Casino,Luxury Travel,0,23,0.302,0.564,0.118,0.71,0.047,0.532,6,14,5389.2,0.274,0
BW-00278,66746.57,653,76828.78,0.602,21,6,104,Debt Consolidation,Crypto Exchange,Equipment Vendor,0,1,0.468,0.69,0.605,0.549,0.292,0.226,12,30,2153.12,0.242,0
BW-00279,71686.85,744,138766.67,0.526,20,1,26,Education,Casino,Retail,0,23,0.21,0.327,0.439,0.764,0.497,0.511,3,13,5120.49,0.255,0
BW-00280,80600.3,706,149445.1,0.348,3,2,32,Business Expansion,ATM Cash,Luxury Travel,0,27,0.925,1.0,0.215,0.032,0.28,0.283,23,28,2779.32,0.72,0
BW-00281,89550.51,647,154940.61,0.514,13,4,108,Debt Consolidation,Equipment Vendor,Retail,0,26,0.054,0.218,0.396,0.1,0.273,0.161,18,32,2713.65,0.855,0
BW-00282,37109.54,775,177865.24,0.626,12,3,57,Education,ATM Cash,Crypto Exchange,0,1,0.865,0.923,0.558,0.028,0.02,0.156,21,37,976.57,0.434,0
BW-00283,40680.38,754,148692.64,0.525,0,1,119,Equipment Purchase,Crypto Exchange,Casino,1,9,0.511,0.787,0.01,0.439,0.07,0.341,3,14,2712.03,0.216,1
BW-00284,13928.28,628,120207.61,0.563,15,6,53,Education,Equipment Vendor,Retail,0,4,0.619,0.671,0.51,0.074,0.257,0.047,5,6,1989.75,0.598,0
BW-00285,59936.61,673,80883.04,0.518,22,4,33,Medical,Crypto Exchange,ATM Cash,0,26,0.303,0.379,0.433,0.774,0.493,0.558,19,22,2605.94,0.278,0
BW-00286,8414.52,767,111689.32,0.193,8,4,52,Medical,Equipment Vendor,Luxury Travel,0,28,0.967,1.0,0.176,0.045,0.438,0.163,25,27,300.52,0.155,0
BW-00287,49231.81,553,36160.23,0.558,21,5,95,Debt Consolidation,Casino,Equipment Vendor,0,3,0.282,0.546,0.602,0.462,0.17,0.201,24,25,1893.53,0.853,0
BW-00288,56551.24,639,141723.76,0.207,15,5,18,Business Expansion,Casino,ATM Cash,0,14,0.589,0.841,0.243,0.605,0.272,0.14,18,36,1528.41,0.84,0
BW-00289,32221.42,653,96893.33,0.591,18,6,35,Equipment Purchase,Crypto Exchange,ATM Cash,1,12,0.993,1.0,0.221,0.48,0.276,0.002,8,12,2478.57,0.93,1
BW-00290,61129.16,668,33003.48,0.352,14,3,12,Debt Consolidation,Equipment Vendor,Equipment Vendor,0,16,0.881,1.0,0.377,0.142,0.343,0.416,24,40,1490.96,0.503,0
BW-00291,7897.52,682,39376.04,0.472,13,6,51,Equipment Purchase,Luxury Travel,Equipment Vendor,1,20,0.536,0.812,0.541,0.098,0.344,0.354,10,25,303.75,0.35,0
BW-00292,8548.08,645,88119.97,0.373,19,6,89,Medical,Crypto Exchange,Equipment Vendor,0,22,0.99,1.0,0.743,0.701,0.395,0.486,19,34,244.23,0.754,1
BW-00293,83147.05,692,117513.23,0.152,9,1,109,Business Expansion,Crypto Exchange,ATM Cash,0,0,0.701,0.905,0.113,0.512,0.012,0.025,10,21,3779.41,0.253,0
BW-00294,39218.11,837,99630.59,0.26,20,2,95,Business Expansion,ATM Cash,Retail,0,17,0.209,0.597,0.317,0.127,0.472,0.557,21,24,1568.72,0.307,0
BW-00295,17070.75,577,122880.65,0.641,11,6,10,Medical,Retail,Equipment Vendor,0,27,0.406,0.788,0.054,0.05,0.035,0.199,2,18,898.46,0.317,0
BW-00296,54613.11,827,102044.14,0.628,0,3,111,Education,Crypto Exchange,Casino,0,14,0.334,0.499,0.607,0.704,0.238,0.548,10,28,1883.21,0.909,1
BW-00297,78149.39,782,129255.58,0.276,20,4,52,Business Expansion,Luxury Travel,ATM Cash,0,13,0.344,0.672,0.358,0.128,0.46,0.064,22,23,3256.22,0.72,0
BW-00298,25503.0,566,62868.91,0.648,16,4,34,Education,Casino,ATM Cash,0,8,0.76,0.977,0.566,0.583,0.244,0.446,18,22,1108.83,0.214,0
BW-00299,64174.6,608,46926.48,0.565,8,7,115,Equipment Purchase,Equipment Vendor,ATM Cash,0,11,0.584,0.789,0.258,0.061,0.032,0.348,4,4,12834.92,0.179,0
BW-00300,13108.01,639,119465.09,0.436,22,0,67,Business Expansion,Retail,Crypto Exchange,0,4,0.038,0.06,0.675,0.109,0.115,0.215,3,16,771.06,0.816,0
BW-00301,9909.76,748,102703.43,0.122,18,6,110,Medical,Equipment Vendor,Retail,0,29,0.877,1.0,0.428,0.015,0.289,0.047,17,25,381.14,0.782,0
BW-00302,55478.69,575,34030.15,0.596,24,7,39,Education,Casino,Retail,0,28,0.297,0.657,0.755,0.654,0.044,0.363,24,40,1353.14,0.67,0
BW-00303,56360.34,574,87072.28,0.407,17,7,8,Equipment Purchase,Crypto Exchange,Equipment Vendor,1,22,0.997,1.0,0.063,0.952,0.212,0.016,24,35,1565.56,0.267,1
BW-00304,65555.84,816,45918.84,0.578,6,1,96,Equipment Purchase,ATM Cash,ATM Cash,1,1,0.954,1.0,0.411,0.137,0.165,0.301,17,36,1771.78,0.508,1
BW-00305,73978.68,730,109703.52,0.559,8,0,107,Business Expansion,Luxury Travel,ATM Cash,0,22,0.941,1.0,0.613,0.041,0.408,0.363,28,39,1849.47,0.612,0
BW-00306,97705.95,617,89366.65,0.558,21,5,29,Business Expansion,Retail,Equipment Vendor,0,22,0.811,0.954,0.48,0.086,0.055,0.44,22,36,2640.7,0.892,0
BW-00307,54048.53,598,121972.79,0.484,20,2,22,Debt Consolidation,Luxury Travel,Retail,0,6,0.221,0.314,0.019,0.018,0.341,0.595,12,27,1930.3,0.244,0
BW-00308,35680.86,724,150840.33,0.26,11,3,84,Debt Consolidation,Luxury Travel,Equipment Vendor,0,20,0.533,0.659,0.778,0.04,0.203,0.156,17,34,1019.45,0.538,0
BW-00309,80542.69,601,74950.3,0.285,6,6,70,Business Expansion,Luxury Travel,Equipment Vendor,0,8,0.224,0.456,0.239,0.061,0.294,0.193,13,26,2983.06,0.234,0
BW-00310,30729.06,651,174315.32,0.27,13,4,61,Debt Consolidation,Luxury Travel,Equipment Vendor,0,17,0.26,0.406,0.199,0.073,0.103,0.205,9,20,1463.29,0.477,0
BW-00311,46702.28,765,110345.18,0.111,14,1,43,Medical,Casino,Equipment Vendor,0,3,0.611,0.835,0.389,0.792,0.305,0.439,1,11,3891.86,0.27,0
BW-00312,12453.36,737,122743.62,0.42,14,4,49,Medical,Luxury Travel,Equipment Vendor,0,1,0.041,0.216,0.434,0.133,0.337,0.559,15,29,415.11,0.811,0
BW-00313,7408.32,606,132100.86,0.484,5,6,29,Debt Consolidation,ATM Cash,Luxury Travel,0,23,0.969,1.0,0.613,0.001,0.035,0.585,19,26,274.38,0.317,0
BW-00314,96451.6,596,130009.73,0.57,20,5,106,Business Expansion,Luxury Travel,Luxury Travel,0,27,0.919,0.957,0.315,0.116,0.412,0.567,9,25,3709.68,0.455,0
BW-00315,84418.11,708,106645.61,0.177,13,0,81,Medical,Casino,ATM Cash,0,26,0.381,0.738,0.352,0.523,0.431,0.528,17,24,3376.72,0.447,0
BW-00316,71117.55,723,94314.64,0.399,1,6,31,Equipment Purchase,Equipment Vendor,ATM Cash,0,0,0.515,0.52,0.428,0.079,0.032,0.595,15,18,3743.03,0.836,0
BW-00317,43850.53,791,38067.29,0.104,7,0,53,Business Expansion,Casino,Luxury Travel,0,24,0.466,0.467,0.316,0.515,0.302,0.226,2,11,3654.21,0.744,0
BW-00318,21462.96,831,33312.88,0.152,12,3,34,Education,ATM Cash,Retail,0,11,0.882,1.0,0.732,0.091,0.297,0.569,4,9,2146.3,0.149,0
BW-00319,19861.52,790,83694.18,0.13,22,1,38,Education,ATM Cash,Crypto Exchange,0,12,0.689,1.0,0.681,0.081,0.006,0.457,7,12,1527.81,0.157,0
BW-00320,28773.08,554,80049.13,0.499,5,5,57,Business Expansion,Crypto Exchange,Retail,0,13,0.278,0.569,0.364,0.761,0.171,0.101,8,24,1150.92,0.569,0
BW-00321,57176.53,633,88154.27,0.145,4,1,101,Debt Consolidation,Casino,ATM Cash,0,4,0.447,0.453,0.0,0.783,0.484,0.027,1,8,6352.95,0.464,0
BW-00322,72886.61,797,50755.23,0.494,4,3,4,Medical,Equipment Vendor,Luxury Travel,0,26,0.429,0.52,0.721,0.01,0.278,0.129,1,13,5206.19,0.334,0
BW-00323,67718.75,603,140725.24,0.237,24,5,2,Medical,Crypto Exchange,Retail,0,27,0.959,1.0,0.099,0.538,0.467,0.467,5,19,3385.94,0.774,1
BW-00324,31593.72,710,158544.66,0.583,0,7,12,Business Expansion,Crypto Exchange,Crypto Exchange,0,2,0.175,0.498,0.196,0.404,0.338,0.379,8,11,2632.81,0.209,0
BW-00325,95712.2,775,170807.2,0.547,8,5,35,Equipment Purchase,Retail,Equipment Vendor,0,27,0.09,0.317,0.122,0.033,0.014,0.135,1,15,5982.01,0.928,0
BW-00326,75100.21,564,103854.35,0.627,5,0,70,Debt Consolidation,Luxury Travel,Casino,0,26,0.881,0.976,0.144,0.102,0.039,0.445,3,16,4417.66,0.12,0
BW-00327,57663.63,773,135129.85,0.586,19,0,110,Equipment Purchase,Crypto Exchange,Luxury Travel,1,3,0.897,0.903,0.642,0.687,0.361,0.085,22,32,1747.38,0.2,1
BW-00328,63113.47,610,158332.67,0.613,6,0,72,Business Expansion,Crypto Exchange,Luxury Travel,0,16,0.872,0.88,0.464,0.437,0.277,0.493,29,48,1288.03,0.365,0
BW-00329,44862.01,671,92743.67,0.572,8,4,21,Business Expansion,ATM Cash,Crypto Exchange,0,18,0.511,0.756,0.765,0.02,0.064,0.476,17,33,1319.47,0.533,0
BW-00330,28534.44,826,76411.92,0.481,4,7,117,Equipment Purchase,Equipment Vendor,Equipment Vendor,0,10,0.66,0.669,0.185,0.086,0.307,0.584,3,12,2194.96,0.284,0
BW-00331,38817.4,595,170508.68,0.194,13,2,110,Education,Crypto Exchange,Equipment Vendor,0,7,0.563,0.96,0.389,0.565,0.405,0.09,28,33,1141.69,0.726,0
BW-00332,76995.38,843,107351.48,0.249,4,6,61,Business Expansion,Equipment Vendor,Casino,0,11,0.069,0.142,0.782,0.101,0.376,0.544,1,6,10999.34,0.404,0
BW-00333,6367.38,611,104588.08,0.217,7,0,35,Debt Consolidation,Luxury Travel,Equipment Vendor,0,17,0.596,0.88,0.661,0.111,0.123,0.205,4,4,1273.48,0.133,0
BW-00334,16026.9,635,56762.41,0.432,6,2,48,Equipment Purchase,ATM Cash,Crypto Exchange,1,17,0.014,0.076,0.583,0.088,0.129,0.25,9,13,1144.78,0.846,0
BW-00335,9370.25,759,46223.25,0.377,12,2,15,Education,Retail,ATM Cash,0,8,0.325,0.541,0.151,0.041,0.484,0.281,13,16,551.19,0.902,0
BW-00336,8869.24,627,156316.03,0.577,12,1,71,Equipment Purchase,Retail,Equipment Vendor,0,4,0.932,0.964,0.616,0.076,0.444,0.376,5,15,554.33,0.626,1
BW-00337,86268.76,751,122119.98,0.624,7,3,15,Education,Luxury Travel,ATM Cash,0,20,0.304,0.611,0.278,0.038,0.159,0.597,14,30,2782.86,0.786,0
BW-00338,71847.5,772,78873.69,0.323,10,4,109,Education,Luxury Travel,ATM Cash,0,16,0.94,1.0,0.424,0.135,0.412,0.36,19,25,2763.37,0.203,0
BW-00339,50046.51,771,58760.43,0.378,17,2,6,Debt Consolidation,ATM Cash,Crypto Exchange,0,12,0.25,0.284,0.487,0.115,0.081,0.556,26,45,1087.97,0.328,0
BW-00340,14294.25,552,113324.59,0.634,24,6,111,Business Expansion,ATM Cash,Luxury Travel,0,5,0.315,0.654,0.487,0.074,0.098,0.153,23,25,549.78,0.376,0
BW-00341,51703.51,555,117587.89,0.252,18,4,81,Education,Casino,Luxury Travel,0,23,0.628,0.847,0.581,0.614,0.091,0.239,14,15,3231.47,0.917,0
BW-00342,49979.82,642,61049.04,0.536,5,1,68,Business Expansion,Crypto Exchange,Luxury Travel,0,21,0.762,1.0,0.529,0.667,0.044,0.303,22,29,1665.99,0.535,0
BW-00343,21454.18,557,157710.86,0.224,21,0,22,Debt Consolidation,Crypto Exchange,Retail,0,13,0.501,0.868,0.055,0.975,0.427,0.194,27,31,670.44,0.106,0
BW-00344,46215.91,784,42639.65,0.475,1,5,32,Business Expansion,Crypto Exchange,Luxury Travel,0,14,0.882,1.0,0.366,0.765,0.289,0.586,25,29,1540.53,0.423,1
BW-00345,42857.95,657,83413.96,0.239,12,2,22,Medical,Equipment Vendor,Crypto Exchange,0,22,0.04,0.071,0.531,0.082,0.129,0.435,4,13,3061.28,0.107,0
BW-00346,63505.76,710,132057.66,0.586,22,3,27,Education,Casino,Casino,0,13,0.922,0.97,0.237,0.814,0.424,0.287,4,15,3969.11,0.302,0
BW-00347,65333.9,758,71118.05,0.409,24,5,110,Debt Consolidation,Crypto Exchange,Equipment Vendor,0,3,0.196,0.591,0.25,0.523,0.401,0.451,9,25,2512.84,0.486,0
BW-00348,9303.88,789,154151.28,0.202,10,1,15,Equipment Purchase,Equipment Vendor,Luxury Travel,0,17,0.884,1.0,0.1,0.091,0.05,0.28,2,15,581.49,0.375,0
BW-00349,40588.2,599,140980.17,0.223,0,4,44,Debt Consolidation,Equipment Vendor,Retail,0,0,0.401,0.496,0.335,0.059,0.322,0.01,10,14,2705.88,0.128,0
BW-00350,64456.69,560,148353.43,0.372,23,6,115,Education,Retail,ATM Cash,0,11,0.833,1.0,0.789,0.098,0.361,0.326,18,22,2802.46,0.199,0
BW-00351,52797.94,705,47865.98,0.629,1,7,86,Debt Consolidation,Equipment Vendor,Retail,0,21,0.672,0.778,0.228,0.114,0.358,0.375,25,30,1703.16,0.568,0
BW-00352,86366.53,619,51082.07,0.523,16,0,92,Equipment Purchase,Luxury Travel,Crypto Exchange,1,8,0.176,0.467,0.425,0.062,0.362,0.589,7,21,3925.75,0.691,1
BW-00353,67575.9,718,72971.06,0.369,7,4,106,Medical,ATM Cash,Casino,0,9,0.918,1.0,0.595,0.071,0.085,0.024,21,25,2599.07,0.444,0
BW-00354,20478.77,821,107711.57,0.286,1,3,102,Education,Equipment Vendor,Luxury Travel,0,20,0.246,0.56,0.011,0.102,0.158,0.307,14,21,930.85,0.722,0
BW-00355,11704.03,617,142202.41,0.402,5,2,9,Education,Luxury Travel,Luxury Travel,0,27,0.244,0.354,0.72,0.131,0.422,0.059,21,21,532.0,0.239,0
BW-00356,66029.83,801,155479.63,0.512,21,3,34,Debt Consolidation,Luxury Travel,Retail,0,17,0.814,0.975,0.309,0.119,0.449,0.089,25,27,2358.21,0.204,0
BW-00357,7518.57,597,135650.3,0.531,4,4,100,Business Expansion,Retail,Crypto Exchange,0,16,0.106,0.271,0.695,0.003,0.14,0.366,29,47,156.64,0.814,0
BW-00358,60648.68,733,169289.53,0.279,15,4,73,Business Expansion,Retail,Retail,0,18,0.222,0.419,0.031,0.019,0.012,0.139,15,29,2021.62,0.388,0
BW-00359,94321.87,736,140811.53,0.497,7,5,15,Equipment Purchase,Equipment Vendor,Retail,0,3,0.504,0.571,0.117,0.128,0.43,0.45,10,13,6737.28,0.467,0
BW-00360,59670.05,639,75940.18,0.462,18,3,62,Medical,Retail,Casino,0,15,0.83,1.0,0.258,0.125,0.189,0.309,5,6,8524.29,0.905,0
BW-00361,41876.14,688,69762.19,0.628,15,3,45,Medical,Retail,Crypto Exchange,0,6,0.147,0.351,0.276,0.058,0.165,0.131,25,41,997.05,0.46,0
BW-00362,66112.38,638,134428.87,0.612,12,3,84,Debt Consolidation,ATM Cash,Casino,0,8,0.548,0.761,0.678,0.088,0.173,0.296,8,19,3305.62,0.103,0
BW-00363,48534.02,823,58930.59,0.534,19,0,72,Debt Consolidation,Crypto Exchange,Crypto Exchange,0,7,0.711,1.0,0.009,0.582,0.208,0.001,22,41,1155.57,0.897,0
BW-00364,56833.59,568,43907.22,0.498,6,6,58,Business Expansion,Equipment Vendor,Luxury Travel,0,24,0.861,1.0,0.513,0.137,0.189,0.518,21,28,1959.78,0.112,0
BW-00365,94439.16,703,109833.43,0.251,15,4,92,Medical,Equipment Vendor,Equipment Vendor,0,6,0.936,1.0,0.105,0.117,0.283,0.008,29,33,2777.62,0.663,0
BW-00366,41679.75,809,153246.24,0.565,22,1,115,Medical,Equipment Vendor,ATM Cash,0,9,0.785,1.0,0.659,0.031,0.039,0.004,5,14,2778.65,0.374,0
BW-00367,96313.1,657,45206.98,0.335,15,0,19,Medical,Retail,Equipment Vendor,0,7,0.653,0.972,0.623,0.11,0.486,0.367,5,23,4013.05,0.5,0
BW-00368,91008.31,834,148783.7,0.25,11,0,16,Equipment Purchase,ATM Cash,Crypto Exchange,1,23,0.434,0.562,0.4,0.015,0.468,0.584,14,22,3956.88,0.565,1
BW-00369,23600.16,608,151735.8,0.311,13,0,75,Equipment Purchase,Retail,Equipment Vendor,0,16,0.112,0.37,0.17,0.134,0.467,0.514,1,16,1388.24,0.447,0
BW-00370,11589.32,674,102341.1,0.56,23,5,106,Debt Consolidation,Luxury Travel,Retail,0,11,0.71,0.769,0.508,0.022,0.44,0.151,27,27,413.9,0.758,0
BW-00371,14573.91,822,38596.55,0.182,17,7,8,Business Expansion,Casino,Luxury Travel,0,13,0.993,1.0,0.125,0.467,0.33,0.118,5,19,728.7,0.891,1
BW-00372,6731.07,656,56188.48,0.351,17,6,33,Education,Casino,ATM Cash,0,11,0.737,1.0,0.152,0.984,0.111,0.376,19,20,320.53,0.173,0
BW-00373,13972.08,848,136113.94,0.371,15,6,74,Business Expansion,Casino,ATM Cash,0,24,0.017,0.382,0.501,0.816,0.025,0.494,22,35,388.11,0.78,0
BW-00374,69885.64,794,136766.69,0.12,19,1,18,Equipment Purchase,Crypto Exchange,ATM Cash,1,1,0.496,0.726,0.793,0.564,0.05,0.217,25,40,1704.53,0.209,1
BW-00375,11762.92,796,164753.29,0.208,15,7,35,Equipment Purchase,Retail,Luxury Travel,0,11,0.615,0.896,0.713,0.009,0.162,0.259,12,21,534.68,0.168,0
BW-00376,35302.68,557,117402.92,0.555,12,3,43,Debt Consolidation,Luxury Travel,Equipment Vendor,0,26,0.69,1.0,0.474,0.106,0.252,0.069,15,26,1307.51,0.912,0
BW-00377,85263.15,690,48616.11,0.557,8,5,50,Education,Luxury Travel,ATM Cash,0,13,0.72,1.0,0.431,0.057,0.497,0.092,3,15,5328.95,0.516,0
BW-00378,7210.83,557,48212.24,0.261,8,4,3,Medical,Casino,ATM Cash,0,6,0.558,0.754,0.799,0.575,0.218,0.341,1,20,343.37,0.23,0
BW-00379,82374.51,643,138169.85,0.581,12,7,104,Education,ATM Cash,Crypto Exchange,0,28,0.223,0.448,0.438,0.149,0.262,0.062,24,32,2496.2,0.584,0
BW-00380,31776.2,588,57567.7,0.524,3,2,91,Education,Crypto Exchange,Retail,0,25,0.942,1.0,0.336,0.896,0.348,0.121,12,13,2269.73,0.324,1
BW-00381,16225.66,630,79257.82,0.33,8,5,59,Education,Crypto Exchange,Crypto Exchange,0,25,0.697,0.726,0.728,0.618,0.09,0.141,13,31,507.05,0.495,0
BW-00382,71190.03,736,103081.8,0.512,14,2,28,Debt Consolidation,Casino,Equipment Vendor,0,12,0.237,0.406,0.187,0.609,0.466,0.266,14,28,2454.83,0.631,0
BW-00383,64749.57,633,33714.73,0.629,13,4,46,Equipment Purchase,Casino,Luxury Travel,1,20,0.322,0.638,0.078,0.681,0.265,0.027,25,39,1618.74,0.839,1
BW-00384,88359.84,637,67322.85,0.352,18,1,64,Medical,Retail,Luxury Travel,0,3,0.922,1.0,0.507,0.113,0.138,0.3,10,10,8032.71,0.103,0
BW-00385,74831.75,791,91183.44,0.231,11,6,70,Education,ATM Cash,Crypto Exchange,0,0,0.887,1.0,0.077,0.099,0.468,0.557,20,37,1969.26,0.282,0
BW-00386,81330.69,642,71945.45,0.618,20,2,47,Medical,Crypto Exchange,Casino,0,16,0.405,0.426,0.299,0.596,0.313,0.015,26,32,2464.57,0.182,0
BW-00387,31793.28,635,50455.55,0.432,24,0,14,Education,Luxury Travel,Crypto Exchange,0,2,0.038,0.249,0.339,0.069,0.242,0.379,14,23,1324.72,0.183,0
BW-00388,21856.76,593,139201.84,0.158,5,5,7,Equipment Purchase,Casino,Casino,1,29,0.048,0.091,0.438,0.634,0.29,0.502,14,22,950.29,0.904,1
BW-00389,76308.4,686,151972.15,0.415,2,7,74,Medical,Retail,Crypto Exchange,0,16,0.284,0.364,0.793,0.12,0.374,0.187,13,31,2384.64,0.896,0
BW-00390,81649.3,623,68621.85,0.375,24,7,79,Business Expansion,Luxury Travel,Casino,0,7,0.629,0.989,0.177,0.056,0.077,0.079,21,31,2551.54,0.737,0
BW-00391,99097.99,585,146162.92,0.571,21,2,31,Equipment Purchase,Crypto Exchange,Casino,1,2,0.584,0.783,0.301,0.554,0.432,0.026,3,6,14156.86,0.647,0
BW-00392,44198.68,650,87833.03,0.392,19,4,93,Medical,Casino,ATM Cash,0,26,0.634,0.937,0.106,0.656,0.48,0.386,29,29,1473.29,0.821,0
BW-00393,40341.72,705,106002.87,0.24,15,6,106,Education,ATM Cash,ATM Cash,0,9,0.717,0.743,0.486,0.005,0.283,0.331,24,35,1120.6,0.15,0
BW-00394,78759.23,804,158400.16,0.472,19,0,118,Education,Casino,Casino,0,1,0.019,0.186,0.582,0.744,0.341,0.138,19,19,3937.96,0.202,0
BW-00395,37376.34,720,142493.05,0.398,23,7,81,Equipment Purchase,ATM Cash,Casino,1,21,0.105,0.375,0.386,0.073,0.43,0.499,20,36,1010.17,0.37,0
BW-00396,93421.95,765,150767.53,0.228,22,2,51,Equipment Purchase,Retail,Retail,0,3,0.359,0.412,0.197,0.0,0.187,0.441,10,29,3114.06,0.808,0
BW-00397,86549.21,719,50526.77,0.415,16,6,29,Education,Retail,Casino,0,28,0.155,0.285,0.497,0.135,0.496,0.166,12,20,4121.39,0.501,0
BW-00398,45754.43,801,40457.91,0.552,15,4,113,Medical,Crypto Exchange,ATM Cash,0,28,0.075,0.101,0.431,0.651,0.34,0.452,23,30,1475.95,0.528,0
BW-00399,76332.75,604,164010.71,0.116,5,1,108,Business Expansion,ATM Cash,Casino,0,13,0.641,0.902,0.137,0.039,0.212,0.147,2,5,12722.12,0.295,0
BW-00400,76681.57,640,88175.14,0.447,7,4,15,Debt Consolidation,Casino,Luxury Travel,0,10,0.815,1.0,0.325,0.887,0.339,0.405,1,8,8520.17,0.651,1
BW-00401,14796.77,827,73181.95,0.292,18,1,90,Equipment Purchase,Retail,Retail,0,13,0.753,1.0,0.348,0.042,0.261,0.071,4,13,1056.91,0.855,0
BW-00402,90742.53,650,138704.44,0.261,24,7,76,Education,Casino,Casino,0,12,0.817,1.0,0.786,0.802,0.056,0.415,8,25,3490.1,0.38,1
BW-00403,52998.98,704,155462.34,0.316,1,6,25,Medical,Crypto Exchange,ATM Cash,0,26,0.666,1.0,0.679,0.785,0.398,0.143,17,31,1656.22,0.626,0
BW-00404,83513.46,690,159373.44,0.288,13,6,61,Equipment Purchase,ATM Cash,ATM Cash,1,28,0.735,1.0,0.587,0.119,0.282,0.343,26,44,1855.85,0.382,0
BW-00405,35404.71,722,77399.57,0.558,21,0,41,Medical,Casino,Equipment Vendor,0,3,0.272,0.503,0.711,0.63,0.398,0.103,14,33,1041.32,0.774,1
BW-00406,90074.71,559,157831.86,0.251,11,4,69,Equipment Purchase,Luxury Travel,ATM Cash,1,1,0.993,1.0,0.588,0.013,0.077,0.436,14,24,3602.99,0.504,1
BW-00407,41974.16,777,36140.09,0.503,16,3,4,Education,Casino,Retail,0,1,0.183,0.346,0.723,0.953,0.269,0.037,19,22,1824.96,0.389,1
BW-00408,6029.58,814,37449.22,0.152,14,7,108,Medical,Equipment Vendor,ATM Cash,0,10,0.214,0.541,0.044,0.046,0.383,0.099,4,12,463.81,0.457,0
BW-00409,91011.29,797,123527.88,0.623,17,5,112,Education,Equipment Vendor,Luxury Travel,0,21,0.289,0.362,0.365,0.005,0.494,0.11,20,27,3250.4,0.178,0
BW-00410,13672.23,796,39465.96,0.442,15,3,105,Medical,Crypto Exchange,Crypto Exchange,0,4,0.975,0.997,0.598,0.626,0.442,0.025,16,31,427.26,0.836,1
BW-00411,35334.8,704,78691.38,0.489,12,7,57,Equipment Purchase,Crypto Exchange,Luxury Travel,1,8,0.988,1.0,0.467,0.495,0.432,0.447,19,31,1104.21,0.914,1
BW-00412,95255.89,583,130913.4,0.264,20,3,31,Debt Consolidation,Crypto Exchange,Luxury Travel,0,19,0.795,0.797,0.14,0.752,0.124,0.589,19,23,3969.0,0.506,0
BW-00413,95307.68,678,80590.03,0.327,16,3,3,Debt Consolidation,Luxury Travel,Retail,0,20,0.629,1.0,0.272,0.045,0.419,0.467,13,25,3665.68,0.288,0
BW-00414,59476.6,709,56939.97,0.223,7,5,117,Business Expansion,ATM Cash,Retail,0,16,0.52,0.812,0.254,0.073,0.085,0.516,7,25,2287.56,0.665,0
BW-00415,65024.54,638,72202.59,0.613,0,3,67,Business Expansion,Luxury Travel,Equipment Vendor,0,11,0.971,1.0,0.209,0.05,0.099,0.004,24,25,2500.94,0.485,0
BW-00416,47602.32,642,98636.3,0.368,24,1,90,Education,Casino,ATM Cash,0,27,0.696,0.975,0.275,0.452,0.055,0.071,14,25,1830.86,0.314,0
BW-00417,32855.02,790,101307.88,0.447,2,4,50,Medical,Retail,Equipment Vendor,0,17,0.945,1.0,0.412,0.097,0.429,0.335,29,37,864.61,0.133,0
BW-00418,36223.13,666,147450.03,0.504,15,6,17,Business Expansion,ATM Cash,Retail,0,2,0.317,0.415,0.684,0.101,0.054,0.587,10,10,3293.01,0.856,0
BW-00419,68889.25,643,142522.98,0.304,1,0,60,Equipment Purchase,Equipment Vendor,ATM Cash,0,4,0.334,0.642,0.594,0.124,0.069,0.396,14,27,2460.33,0.777,0
BW-00420,76475.58,712,98522.67,0.496,14,3,74,Debt Consolidation,Equipment Vendor,Retail,0,27,0.855,1.0,0.668,0.131,0.123,0.224,20,26,2832.43,0.805,1
BW-00421,80200.01,648,156850.1,0.472,0,6,66,Medical,Equipment Vendor,Retail,0,20,0.15,0.25,0.707,0.106,0.286,0.088,11,27,2864.29,0.474,0
BW-00422,80013.72,662,47135.57,0.488,8,3,88,Debt Consolidation,Casino,Crypto Exchange,0,19,0.946,0.963,0.333,0.452,0.44,0.092,11,24,3200.55,0.74,0
BW-00423,13664.58,640,68303.0,0.369,15,7,75,Medical,Casino,Luxury Travel,0,13,0.507,0.589,0.277,0.402,0.209,0.218,15,31,427.02,0.594,0
BW-00424,51969.93,755,154196.47,0.311,3,0,24,Business Expansion,Crypto Exchange,Equipment Vendor,0,15,0.926,1.0,0.046,0.939,0.273,0.428,8,9,5196.99,0.419,1
BW-00425,10468.08,566,86699.11,0.222,11,7,99,Business Expansion,Retail,Equipment Vendor,0,25,0.337,0.363,0.744,0.122,0.083,0.019,24,32,317.21,0.816,0
BW-00426,57205.24,823,177177.23,0.554,0,0,87,Education,Crypto Exchange,Casino,0,18,0.716,1.0,0.053,0.656,0.133,0.511,22,36,1546.09,0.949,0
BW-00427,46945.4,722,99937.99,0.435,0,3,32,Medical,Casino,Crypto Exchange,0,8,0.483,0.635,0.593,0.983,0.067,0.565,17,32,1422.59,0.864,0
BW-00428,89331.9,665,148790.34,0.344,6,1,87,Equipment Purchase,Luxury Travel,Retail,1,16,0.627,0.981,0.302,0.022,0.205,0.533,23,31,2791.62,0.76,0
BW-00429,38336.93,730,90346.06,0.619,17,6,98,Business Expansion,Crypto Exchange,Retail,0,21,0.504,0.605,0.759,0.465,0.295,0.548,23,26,1419.89,0.735,0
BW-00430,16121.37,640,93743.03,0.126,22,0,105,Education,ATM Cash,Crypto Exchange,0,6,0.967,1.0,0.336,0.116,0.142,0.009,21,35,447.82,0.653,0
BW-00431,18584.21,631,87432.47,0.568,22,4,19,Business Expansion,Casino,ATM Cash,0,9,0.692,0.948,0.653,0.838,0.423,0.587,6,15,1161.51,0.826,1
BW-00432,77343.51,663,137861.34,0.649,14,6,66,Debt Consolidation,Casino,Equipment Vendor,0,3,0.251,0.602,0.226,0.819,0.491,0.22,14,20,3683.02,0.519,0
BW-00433,63730.72,806,112127.68,0.588,24,4,60,Business Expansion,Luxury Travel,Retail,0,9,0.91,1.0,0.239,0.023,0.06,0.522,9,14,4248.71,0.254,0
BW-00434,14606.65,607,171566.72,0.546,12,6,115,Medical,Luxury Travel,Casino,0,2,0.294,0.443,0.476,0.102,0.009,0.112,3,17,811.48,0.753,0
BW-00435,12990.15,703,67633.55,0.306,15,1,66,Education,Luxury Travel,Equipment Vendor,0,23,0.372,0.719,0.798,0.109,0.395,0.268,12,13,927.87,0.882,0
BW-00436,71592.07,665,45084.41,0.227,6,7,15,Medical,Retail,Luxury Travel,0,8,0.102,0.226,0.414,0.054,0.095,0.026,4,18,3768.0,0.39,0
BW-00437,11912.49,815,88989.22,0.504,15,5,85,Equipment Purchase,ATM Cash,Crypto Exchange,1,12,0.9,0.932,0.749,0.118,0.177,0.024,25,42,277.03,0.766,1
BW-00438,83076.71,752,122506.91,0.268,12,7,35,Equipment Purchase,Casino,Equipment Vendor,1,0,0.286,0.464,0.629,0.765,0.197,0.566,15,28,2864.71,0.333,1
BW-00439,72093.01,590,159119.84,0.197,13,2,69,Business Expansion,Luxury Travel,Luxury Travel,0,14,0.259,0.573,0.637,0.104,0.458,0.486,13,30,2325.58,0.901,0
BW-00440,12728.13,654,81929.53,0.533,16,1,107,Education,Retail,Casino,0,14,0.92,0.932,0.349,0.109,0.329,0.318,26,28,438.9,0.681,0
BW-00441,13059.58,742,128068.01,0.272,11,3,27,Education,Equipment Vendor,ATM Cash,0,10,0.806,1.0,0.309,0.145,0.02,0.315,28,47,272.07,0.584,0
BW-00442,98730.76,827,82529.8,0.603,23,2,88,Education,ATM Cash,Crypto Exchange,0,27,0.141,0.379,0.154,0.035,0.007,0.449,18,31,3085.34,0.763,0
BW-00443,40555.73,786,122582.94,0.562,23,3,7,Education,Equipment Vendor,ATM Cash,0,9,0.769,1.0,0.771,0.014,0.1,0.205,14,19,2027.79,0.791,0
BW-00444,40211.0,770,162721.19,0.566,19,4,6,Business Expansion,Equipment Vendor,Retail,0,24,0.913,1.0,0.768,0.039,0.159,0.457,13,26,1489.3,0.859,0
BW-00445,82215.96,617,64703.65,0.524,12,0,110,Medical,Casino,ATM Cash,0,6,0.079,0.191,0.598,0.646,0.242,0.291,9,10,7474.18,0.866,0
BW-00446,94988.61,746,90636.25,0.584,23,6,33,Business Expansion,Retail,Retail,0,0,0.825,1.0,0.237,0.025,0.419,0.383,5,20,4523.27,0.145,0
BW-00447,98670.1,805,178989.78,0.543,19,3,58,Medical,Retail,Luxury Travel,0,6,0.547,0.69,0.196,0.05,0.157,0.579,19,34,2819.15,0.204,0
BW-00448,76570.93,688,160283.55,0.431,14,4,49,Debt Consolidation,Equipment Vendor,Equipment Vendor,0,4,0.669,0.964,0.791,0.062,0.188,0.283,8,24,3062.84,0.802,0
BW-00449,40744.66,698,114695.98,0.263,23,1,17,Debt Consolidation,ATM Cash,Casino,0,25,0.493,0.75,0.053,0.136,0.165,0.251,13,28,1404.99,0.904,0
BW-00450,12932.57,648,107494.14,0.589,20,3,110,Medical,Crypto Exchange,Luxury Travel,0,28,0.698,1.0,0.675,0.951,0.004,0.543,9,24,517.3,0.362,0
BW-00451,78828.96,625,72690.06,0.562,3,7,42,Business Expansion,Equipment Vendor,Casino,0,28,0.034,0.362,0.284,0.146,0.478,0.542,17,24,3153.16,0.107,0
BW-00452,58048.4,831,107581.41,0.36,21,4,94,Equipment Purchase,Casino,ATM Cash,1,22,0.763,1.0,0.335,0.797,0.069,0.595,5,10,5277.13,0.374,1
BW-00453,45301.09,658,157227.22,0.121,1,0,72,Business Expansion,Equipment Vendor,Casino,0,15,0.033,0.205,0.666,0.132,0.144,0.331,9,26,1677.82,0.425,0
BW-00454,91103.67,737,132776.18,0.451,17,6,40,Equipment Purchase,ATM Cash,ATM Cash,1,27,0.455,0.849,0.072,0.139,0.065,0.207,11,24,3644.15,0.747,0
BW-00455,15563.76,748,73506.6,0.128,1,3,46,Business Expansion,ATM Cash,Casino,0,24,0.151,0.237,0.283,0.113,0.245,0.144,2,17,864.65,0.14,0
BW-00456,51799.38,703,60219.59,0.609,24,5,71,Education,Equipment Vendor,Crypto Exchange,0,7,0.824,1.0,0.762,0.118,0.466,0.02,13,20,2466.64,0.281,1
BW-00457,6078.6,589,69781.28,0.629,14,4,70,Education,Retail,Luxury Travel,0,21,0.314,0.528,0.559,0.066,0.05,0.436,1,18,319.93,0.86,0
BW-00458,49522.76,682,55463.88,0.204,18,3,68,Debt Consolidation,Equipment Vendor,Crypto Exchange,0,1,0.454,0.781,0.604,0.077,0.22,0.14,8,21,2251.03,0.232,0
BW-00459,10348.81,681,44346.1,0.472,14,0,1,Debt Consolidation,Luxury Travel,Equipment Vendor,0,7,0.429,0.62,0.606,0.14,0.011,0.364,15,31,323.4,0.745,0
BW-00460,16287.7,828,92870.43,0.151,19,6,79,Medical,Luxury Travel,Equipment Vendor,0,27,0.773,1.0,0.048,0.057,0.385,0.55,22,29,542.92,0.407,0
BW-00461,16164.99,633,46994.94,0.501,9,3,95,Equipment Purchase,Crypto Exchange,Retail,1,13,0.481,0.853,0.163,0.805,0.321,0.57,2,17,898.06,0.663,1
BW-00462,66674.98,791,55786.88,0.291,23,3,89,Education,Casino,Retail,0,3,0.789,1.0,0.393,0.468,0.35,0.003,3,12,5128.84,0.163,0
BW-00463,75874.26,665,112098.7,0.475,19,6,111,Business Expansion,Casino,Retail,0,23,0.074,0.384,0.295,0.951,0.236,0.19,21,30,2447.56,0.344,1
BW-00464,60420.03,658,54689.89,0.305,10,5,97,Medical,Retail,Equipment Vendor,0,14,0.192,0.219,0.329,0.122,0.454,0.502,17,34,1726.29,0.461,0
BW-00465,96406.39,770,39581.97,0.18,9,4,52,Business Expansion,Casino,Casino,0,6,0.552,0.634,0.625,0.472,0.205,0.322,18,35,2677.96,0.829,0
BW-00466,40612.71,590,77608.33,0.323,22,2,35,Education,Crypto Exchange,ATM Cash,0,19,0.947,1.0,0.012,0.522,0.257,0.485,27,35,1128.13,0.579,0
BW-00467,32142.65,696,63047.86,0.162,4,7,119,Education,Luxury Travel,Casino,0,7,0.075,0.352,0.528,0.037,0.348,0.512,28,28,1108.37,0.138,0
BW-00468,87516.92,661,107295.78,0.417,8,6,69,Education,Retail,Luxury Travel,0,26,0.043,0.268,0.0,0.135,0.26,0.266,17,32,2652.03,0.782,0
BW-00469,26241.6,652,45355.06,0.123,19,3,5,Education,ATM Cash,Equipment Vendor,0,10,0.157,0.304,0.05,0.016,0.095,0.215,14,23,1093.4,0.146,0
BW-00470,96506.14,595,142765.62,0.39,18,2,100,Business Expansion,Luxury Travel,ATM Cash,0,27,0.641,0.659,0.327,0.126,0.159,0.273,11,25,3711.77,0.894,0
BW-00471,6154.68,820,165935.03,0.588,12,1,17,Medical,Crypto Exchange,ATM Cash,0,26,0.399,0.547,0.673,0.633,0.046,0.392,23,27,219.81,0.28,0
BW-00472,97138.49,744,141515.28,0.561,17,3,53,Education,Retail,ATM Cash,0,1,0.826,1.0,0.116,0.004,0.216,0.22,23,39,2428.46,0.515,0
BW-00473,9100.19,829,109924.06,0.586,16,2,52,Debt Consolidation,Equipment Vendor,Retail,0,8,0.072,0.157,0.444,0.035,0.305,0.465,26,34,260.01,0.161,0
BW-00474,89658.6,832,159100.17,0.607,5,1,14,Medical,Casino,ATM Cash,0,5,0.196,0.265,0.543,0.5,0.059,0.542,14,19,4482.93,0.577,0
BW-00475,55131.61,589,134237.76,0.157,9,5,29,Debt Consolidation,Crypto Exchange,ATM Cash,0,22,0.3,0.503,0.184,0.564,0.315,0.169,5,6,7875.94,0.523,0
BW-00476,99331.66,738,31582.67,0.171,1,4,8,Business Expansion,Retail,Equipment Vendor,0,25,0.627,0.861,0.41,0.02,0.446,0.579,26,38,2546.97,0.449,0
BW-00477,12010.67,713,89113.52,0.406,23,3,98,Education,Luxury Travel,Casino,0,0,0.685,0.781,0.729,0.066,0.169,0.374,6,23,500.44,0.13,0
BW-00478,57616.16,573,157642.78,0.592,5,4,104,Medical,Retail,Casino,0,2,0.124,0.359,0.41,0.031,0.111,0.527,29,48,1175.84,0.847,0
BW-00479,97083.74,573,81878.83,0.636,20,1,1,Education,Equipment Vendor,Crypto Exchange,0,29,0.944,1.0,0.126,0.128,0.447,0.062,19,22,4221.03,0.782,0
BW-00480,54694.3,553,35282.28,0.125,12,4,29,Education,Crypto Exchange,Crypto Exchange,0,9,0.341,0.53,0.502,0.802,0.346,0.151,11,20,2604.49,0.638,0
BW-00481,64792.87,839,141926.95,0.296,17,4,36,Medical,Retail,Luxury Travel,0,4,0.713,1.0,0.474,0.053,0.053,0.193,2,12,4984.07,0.586,0
BW-00482,71096.13,730,150305.74,0.217,6,6,51,Education,ATM Cash,Equipment Vendor,0,11,0.524,0.895,0.022,0.095,0.204,0.182,10,22,3091.14,0.691,0
BW-00483,48181.4,797,54089.05,0.516,1,0,37,Education,Crypto Exchange,Crypto Exchange,0,22,0.223,0.26,0.072,0.523,0.337,0.103,13,29,1606.05,0.222,0
BW-00484,64618.02,665,110601.07,0.452,13,1,93,Equipment Purchase,Crypto Exchange,Crypto Exchange,1,0,0.846,0.884,0.125,0.47,0.287,0.521,25,35,1794.94,0.893,1
BW-00485,60509.86,828,58793.32,0.166,4,4,69,Equipment Purchase,Luxury Travel,Equipment Vendor,1,8,0.818,1.0,0.109,0.134,0.309,0.251,2,5,10084.98,0.342,1
BW-00486,90610.01,618,137885.16,0.366,17,7,53,Medical,Casino,Casino,0,20,0.396,0.631,0.208,0.519,0.284,0.578,14,27,3236.07,0.658,0
BW-00487,9317.41,803,70732.57,0.477,10,2,96,Medical,ATM Cash,Luxury Travel,0,12,0.589,0.759,0.363,0.126,0.399,0.35,17,19,465.87,0.616,0
BW-00488,31691.5,730,77432.27,0.528,9,1,52,Education,Equipment Vendor,Luxury Travel,0,27,0.258,0.389,0.297,0.117,0.16,0.083,9,20,1509.12,0.641,0
BW-00489,95289.09,718,156745.63,0.111,10,0,88,Debt Consolidation,Retail,Luxury Travel,0,18,0.69,0.946,0.713,0.135,0.354,0.328,8,11,7940.76,0.847,0
BW-00490,89575.06,798,101448.35,0.59,1,3,83,Medical,Casino,Crypto Exchange,0,6,0.309,0.31,0.49,0.854,0.496,0.596,8,23,3732.29,0.352,0
BW-00491,48287.39,737,130463.17,0.413,14,5,12,Education,Luxury Travel,Casino,0,25,0.844,1.0,0.701,0.137,0.195,0.339,7,13,3449.1,0.737,1
BW-00492,63912.6,603,90355.96,0.547,6,4,52,Debt Consolidation,Casino,Luxury Travel,0,15,0.217,0.31,0.422,0.987,0.396,0.001,25,44,1420.28,0.609,0
BW-00493,31351.21,687,74701.03,0.544,8,2,1,Equipment Purchase,Crypto Exchange,Equipment Vendor,1,7,0.015,0.382,0.072,0.855,0.123,0.56,27,45,681.55,0.165,1
BW-00494,22871.51,717,123821.71,0.204,4,0,7,Medical,Crypto Exchange,Luxury Travel,0,25,0.269,0.313,0.371,0.435,0.141,0.141,16,33,672.69,0.452,0
BW-00495,49051.35,652,53228.64,0.161,6,1,17,Education,Equipment Vendor,Retail,0,25,0.191,0.286,0.658,0.064,0.467,0.413,19,27,1751.83,0.812,1
BW-00496,38568.46,634,85949.98,0.497,19,5,98,Equipment Purchase,ATM Cash,Casino,1,18,0.508,0.602,0.155,0.082,0.013,0.309,24,34,1101.96,0.368,0
BW-00497,60447.33,761,61355.56,0.186,1,5,43,Business Expansion,Retail,Retail,0,6,0.204,0.602,0.073,0.053,0.109,0.195,17,35,1679.09,0.51,0
BW-00498,12384.79,552,134369.25,0.567,2,7,71,Equipment Purchase,Retail,Casino,0,22,0.763,0.765,0.264,0.119,0.241,0.17,1,17,688.04,0.515,0
BW-00499,97567.51,728,171631.33,0.499,1,4,17,Education,Luxury Travel,ATM Cash,0,3,0.241,0.497,0.311,0.095,0.201,0.557,27,44,2168.17,0.625,0
BW-00500,98690.02,587,179326.65,0.563,20,0,59,Debt Consolidation,Equipment Vendor,Equipment Vendor,0,9,0.707,1.0,0.245,0.103,0.315,0.547,13,18,5194.21,0.851,0
BW-00501,71325.36,788,97541.52,0.264,21,0,3,Business Expansion,Retail,ATM Cash,0,24,0.578,0.847,0.108,0.035,0.096,0.308,16,18,3753.97,0.248,0
BW-00502,55929.15,718,67879.56,0.274,22,2,29,Business Expansion,ATM Cash,Crypto Exchange,0,0,0.986,1.0,0.201,0.145,0.035,0.155,6,19,2796.46,0.529,0
BW-00503,34405.12,579,96424.41,0.469,18,3,22,Business Expansion,Crypto Exchange,Crypto Exchange,0,16,1.0,1.0,0.546,0.591,0.185,0.061,15,23,1433.55,0.461,0
BW-00504,82310.53,739,157090.41,0.117,3,3,38,Medical,Equipment Vendor,ATM Cash,0,20,0.87,1.0,0.309,0.03,0.262,0.094,12,14,5487.37,0.352,0
BW-00505,70049.46,574,60900.85,0.5,23,6,54,Education,Casino,Casino,0,12,0.76,0.934,0.506,0.5,0.281,0.313,24,25,2694.21,0.882,0
BW-00506,20448.61,661,172814.35,0.56,19,3,107,Business Expansion,Equipment Vendor,Luxury Travel,0,18,0.386,0.615,0.429,0.026,0.301,0.185,8,26,757.36,0.107,0
BW-00507,91538.08,755,81279.87,0.328,6,6,93,Equipment Purchase,Equipment Vendor,Retail,0,25,0.753,1.0,0.439,0.01,0.274,0.025,26,31,2860.56,0.204,0
BW-00508,83141.04,734,177870.55,0.521,21,5,114,Debt Consolidation,ATM Cash,Equipment Vendor,0,12,0.957,1.0,0.199,0.079,0.123,0.273,1,3,20785.26,0.723,1
BW-00509,95230.99,596,155791.33,0.196,6,5,50,Education,ATM Cash,Luxury Travel,0,8,0.023,0.203,0.417,0.083,0.382,0.448,11,19,4761.55,0.324,0
BW-00510,73943.35,777,151285.58,0.277,16,7,118,Equipment Purchase,Retail,Crypto Exchange,0,4,0.538,0.877,0.019,0.028,0.044,0.535,15,32,2240.71,0.715,0
BW-00511,63274.44,588,77685.7,0.636,18,1,106,Medical,Luxury Travel,Luxury Travel,0,22,0.218,0.339,0.345,0.052,0.099,0.351,1,7,7909.3,0.807,0
BW-00512,44733.09,565,31316.58,0.642,21,5,69,Business Expansion,Luxury Travel,ATM Cash,0,0,0.558,0.707,0.458,0.142,0.37,0.434,25,26,1656.78,0.316,0
BW-00513,93609.21,571,87319.94,0.382,15,5,30,Equipment Purchase,ATM Cash,ATM Cash,1,1,0.466,0.532,0.146,0.043,0.14,0.218,16,16,5506.42,0.263,0
BW-00514,87276.07,762,75271.41,0.614,2,0,23,Education,Retail,Retail,0,10,0.576,0.66,0.205,0.023,0.247,0.298,25,29,2909.2,0.224,0
BW-00515,9295.77,698,35609.55,0.388,14,1,119,Equipment Purchase,Retail,Crypto Exchange,0,27,0.551,0.814,0.176,0.149,0.164,0.438,7,9,929.58,0.27,0
BW-00516,7504.86,790,105804.79,0.26,13,0,85,Medical,Retail,Casino,0,3,0.96,1.0,0.056,0.045,0.253,0.437,1,7,938.11,0.327,0
BW-00517,40764.02,821,90454.7,0.247,14,2,90,Debt Consolidation,ATM Cash,Equipment Vendor,0,8,0.552,0.644,0.278,0.102,0.173,0.255,29,34,1164.69,0.838,0
BW-00518,82002.57,608,125183.47,0.611,13,6,118,Business Expansion,Luxury Travel,ATM Cash,0,4,0.846,1.0,0.783,0.035,0.497,0.326,26,26,3037.13,0.755,1
BW-00519,98791.23,836,123177.95,0.195,6,6,47,Education,Retail,Equipment Vendor,0,4,0.32,0.469,0.283,0.083,0.179,0.554,2,20,4704.34,0.102,0
BW-00520,19289.6,751,48112.0,0.419,24,2,21,Business Expansion,ATM Cash,Crypto Exchange,0,24,0.438,0.833,0.368,0.058,0.314,0.379,8,27,688.91,0.843,0
BW-00521,61442.42,581,176544.83,0.406,2,6,20,Business Expansion,Casino,Casino,0,7,0.47,0.811,0.522,0.833,0.444,0.386,24,37,1616.91,0.167,0
BW-00522,41184.63,711,58039.71,0.507,16,1,23,Business Expansion,Casino,ATM Cash,0,1,0.279,0.434,0.519,0.516,0.319,0.471,11,20,1961.17,0.657,0
BW-00523,97141.87,804,96791.1,0.375,9,1,68,Equipment Purchase,Crypto Exchange,Retail,1,6,0.38,0.746,0.76,0.791,0.283,0.069,13,14,6476.12,0.229,1
BW-00524,85001.3,803,103217.63,0.25,14,5,21,Equipment Purchase,Casino,Equipment Vendor,1,16,0.599,0.736,0.686,0.728,0.285,0.314,5,15,5312.58,0.153,1
BW-00525,84641.23,558,151959.42,0.193,5,6,21,Debt Consolidation,Equipment Vendor,Crypto Exchange,0,25,0.58,0.847,0.635,0.148,0.248,0.576,18,33,2489.45,0.746,0
BW-00526,49525.85,688,44884.44,0.441,16,2,1,Medical,Crypto Exchange,Equipment Vendor,0,26,0.636,1.0,0.761,0.901,0.404,0.217,19,35,1375.72,0.497,1
BW-00527,44407.85,559,94296.64,0.495,16,4,15,Education,Casino,Casino,0,10,0.352,0.508,0.185,0.648,0.025,0.177,21,25,1707.99,0.609,0
BW-00528,30973.67,763,124275.33,0.413,13,3,17,Equipment Purchase,Equipment Vendor,Retail,0,14,0.316,0.588,0.494,0.057,0.443,0.361,3,20,1474.94,0.462,0
BW-00529,10355.67,822,62273.34,0.506,23,5,51,Business Expansion,Casino,Casino,0,24,0.612,0.73,0.71,0.47,0.293,0.133,26,41,246.56,0.157,0
BW-00530,87148.63,597,124120.18,0.178,24,3,63,Medical,ATM Cash,ATM Cash,0,2,0.133,0.24,0.499,0.056,0.424,0.334,1,10,7922.6,0.729,0
BW-00531,82225.6,660,168549.73,0.585,17,2,14,Education,Equipment Vendor,Luxury Travel,0,12,0.253,0.483,0.782,0.06,0.005,0.093,22,27,2936.63,0.797,0
BW-00532,99973.18,702,179627.72,0.42,24,6,59,Education,Retail,Casino,0,17,0.042,0.434,0.08,0.024,0.435,0.348,5,12,7690.24,0.135,0
BW-00533,99680.5,672,34867.66,0.17,4,6,83,Education,ATM Cash,Casino,0,19,0.073,0.254,0.351,0.086,0.06,0.361,19,24,3987.22,0.419,0
BW-00534,57766.01,651,65338.23,0.354,7,3,50,Education,Equipment Vendor,Equipment Vendor,0,19,0.243,0.618,0.782,0.082,0.361,0.251,9,12,4443.54,0.574,0
BW-00535,78053.8,790,76546.07,0.565,6,4,34,Debt Consolidation,ATM Cash,Casino,0,2,0.02,0.386,0.304,0.028,0.208,0.23,26,30,2517.86,0.614,0
BW-00536,94752.74,740,89868.92,0.594,22,6,6,Education,Retail,Crypto Exchange,0,1,0.245,0.347,0.592,0.081,0.341,0.147,24,29,3158.42,0.591,0
BW-00537,85716.5,766,66338.57,0.246,3,4,109,Medical,Equipment Vendor,ATM Cash,0,4,0.655,0.816,0.024,0.146,0.314,0.199,7,21,3896.2,0.689,0
BW-00538,28498.07,600,60523.2,0.491,17,0,49,Equipment Purchase,Equipment Vendor,Equipment Vendor,0,19,0.061,0.318,0.556,0.107,0.082,0.299,12,17,1583.23,0.922,0
BW-00539,47801.69,841,173183.08,0.155,4,1,6,Medical,ATM Cash,Equipment Vendor,0,4,0.437,0.644,0.748,0.072,0.257,0.149,14,32,1448.54,0.432,0
BW-00540,17270.14,630,167778.24,0.118,15,3,117,Business Expansion,Casino,Luxury Travel,0,12,0.913,0.951,0.306,0.424,0.139,0.47,29,48,352.45,0.573,0
BW-00541,95634.85,637,37048.88,0.408,13,6,118,Debt Consolidation,Equipment Vendor,ATM Cash,0,27,0.791,1.0,0.017,0.086,0.28,0.425,16,23,3984.79,0.694,0
BW-00542,62586.59,743,80821.95,0.482,18,4,69,Debt Consolidation,Casino,Crypto Exchange,0,27,0.305,0.606,0.022,0.933,0.369,0.162,13,25,2407.18,0.604,0
BW-00543,26721.07,653,90772.28,0.538,13,7,7,Business Expansion,Equipment Vendor,ATM Cash,0,7,0.925,1.0,0.714,0.082,0.041,0.058,27,30,861.97,0.429,0
BW-00544,68811.57,820,65852.18,0.287,8,7,97,Medical,Luxury Travel,Casino,0,26,0.33,0.577,0.578,0.027,0.258,0.0,18,34,1966.04,0.63,0
BW-00545,63722.18,645,124330.93,0.104,5,6,77,Medical,Crypto Exchange,Luxury Travel,0,15,0.073,0.108,0.085,0.68,0.309,0.358,10,23,2655.09,0.653,0
BW-00546,39025.46,747,126057.11,0.364,16,1,51,Business Expansion,Casino,Crypto Exchange,0,17,0.994,1.0,0.044,0.788,0.148,0.127,21,38,1000.65,0.597,0
BW-00547,15787.97,550,157575.63,0.109,18,1,118,Education,Casino,Luxury Travel,0,24,0.87,1.0,0.644,0.68,0.477,0.008,21,35,438.55,0.274,1
BW-00548,68799.45,716,141130.39,0.151,11,0,1,Education,Retail,ATM Cash,0,25,0.466,0.825,0.648,0.065,0.26,0.215,6,24,2751.98,0.53,0
BW-00549,54429.23,675,111386.0,0.28,3,1,13,Equipment Purchase,Luxury Travel,Retail,1,15,0.666,0.801,0.096,0.063,0.091,0.577,22,32,1649.37,0.852,0
BW-00550,78370.25,630,128038.02,0.34,15,1,43,Medical,Retail,ATM Cash,0,0,0.671,0.884,0.241,0.043,0.054,0.414,3,9,7837.02,0.838,0
BW-00551,54415.53,800,71098.32,0.254,24,5,27,Medical,Luxury Travel,Casino,0,7,0.194,0.473,0.624,0.119,0.271,0.515,27,27,1943.41,0.738,0
BW-00552,85957.24,718,118958.43,0.42,10,7,71,Business Expansion,Luxury Travel,Luxury Travel,0,27,0.2,0.336,0.42,0.093,0.188,0.087,4,6,12279.61,0.693,0
BW-00553,57431.15,622,103384.09,0.13,21,2,116,Business Expansion,ATM Cash,Retail,0,20,0.47,0.496,0.765,0.01,0.096,0.044,1,19,2871.56,0.23,0
BW-00554,58289.11,690,50001.67,0.18,3,7,3,Education,ATM Cash,Casino,0,1,0.912,1.0,0.385,0.126,0.015,0.007,11,11,4857.43,0.491,0
BW-00555,88282.09,619,66381.64,0.482,16,7,58,Medical,ATM Cash,Luxury Travel,0,23,0.01,0.251,0.542,0.028,0.283,0.573,17,20,4203.91,0.194,0
BW-00556,43330.87,811,73754.02,0.178,7,6,89,Medical,Equipment Vendor,Luxury Travel,0,4,0.783,0.785,0.408,0.147,0.299,0.18,5,15,2708.18,0.795,0
BW-00557,17731.45,794,168646.44,0.452,13,7,97,Debt Consolidation,Retail,ATM Cash,0,25,0.058,0.096,0.754,0.056,0.071,0.276,12,18,933.23,0.347,0
BW-00558,7734.35,552,64558.0,0.13,1,0,104,Equipment Purchase,Crypto Exchange,Luxury Travel,1,14,0.478,0.561,0.319,0.919,0.301,0.237,20,26,286.46,0.752,1
BW-00559,76738.04,612,73386.59,0.324,10,0,17,Equipment Purchase,Luxury Travel,Luxury Travel,1,13,0.638,0.777,0.184,0.012,0.476,0.438,23,36,2074.0,0.792,1
BW-00560,63929.41,598,85403.12,0.198,10,3,45,Education,Luxury Travel,Equipment Vendor,0,25,0.687,0.903,0.261,0.052,0.489,0.186,7,21,2905.88,0.859,0
BW-00561,71887.58,625,129561.41,0.16,23,1,78,Medical,Casino,Luxury Travel,0,28,0.058,0.176,0.682,0.485,0.444,0.321,4,8,7987.51,0.741,0
BW-00562,25231.6,724,47735.76,0.412,21,3,101,Debt Consolidation,Equipment Vendor,ATM Cash,0,29,0.419,0.529,0.398,0.072,0.404,0.597,26,39,630.79,0.58,0
BW-00563,17955.29,658,173091.78,0.611,23,5,58,Medical,Crypto Exchange,Equipment Vendor,0,2,0.584,0.932,0.283,0.607,0.105,0.266,16,28,619.15,0.608,0
BW-00564,6381.74,732,159835.68,0.13,5,7,56,Business Expansion,ATM Cash,Equipment Vendor,0,6,0.066,0.124,0.435,0.086,0.078,0.331,15,34,182.34,0.372,0
BW-00565,38305.82,741,116582.41,0.332,20,4,54,Education,Luxury Travel,Retail,0,3,0.135,0.333,0.107,0.139,0.222,0.302,14,31,1197.06,0.25,0
BW-00566,61042.18,614,131105.68,0.489,20,1,87,Equipment Purchase,Casino,Casino,1,10,0.664,1.0,0.004,0.545,0.31,0.482,29,29,2034.74,0.211,0
BW-00567,42263.18,820,32499.07,0.354,13,4,88,Medical,Retail,Equipment Vendor,0,26,0.522,0.772,0.224,0.068,0.425,0.16,2,14,2817.55,0.255,0
BW-00568,46560.12,649,80841.72,0.544,9,7,29,Education,Luxury Travel,Crypto Exchange,0,25,0.162,0.449,0.484,0.085,0.116,0.102,10,29,1552.0,0.894,0
BW-00569,90895.08,581,149349.03,0.199,7,2,102,Equipment Purchase,Casino,Equipment Vendor,1,11,0.535,0.707,0.569,0.419,0.24,0.452,20,26,3366.48,0.24,1
BW-00570,38084.27,677,41622.45,0.628,6,5,54,Medical,Retail,Crypto Exchange,0,14,0.913,0.921,0.661,0.033,0.324,0.249,24,29,1269.48,0.715,1
BW-00571,53829.0,592,72347.08,0.312,7,1,27,Debt Consolidation,Equipment Vendor,Retail,0,5,0.016,0.274,0.741,0.129,0.223,0.548,2,10,4893.55,0.257,0
BW-00572,79447.04,627,117794.52,0.288,7,3,102,Education,ATM Cash,Crypto Exchange,0,25,0.643,0.896,0.33,0.089,0.227,0.386,5,14,5296.47,0.929,0
BW-00573,42671.56,838,68461.95,0.581,22,3,117,Medical,Retail,Retail,0,23,0.074,0.118,0.592,0.109,0.113,0.339,13,15,2666.97,0.412,0
BW-00574,64098.24,819,170096.7,0.41,1,1,104,Equipment Purchase,Luxury Travel,Retail,1,0,0.006,0.191,0.06,0.012,0.493,0.042,23,29,2136.61,0.45,0
BW-00575,86924.55,711,49658.79,0.384,15,6,45,Equipment Purchase,Crypto Exchange,Retail,1,17,0.151,0.517,0.046,0.446,0.238,0.438,10,20,4139.26,0.444,1
BW-00576,95204.46,738,149609.15,0.5,8,3,114,Debt Consolidation,Retail,Crypto Exchange,0,13,0.423,0.505,0.1,0.047,0.266,0.412,22,33,2800.13,0.794,0
BW-00577,18971.98,796,106192.3,0.419,12,7,87,Education,Crypto Exchange,Crypto Exchange,0,28,0.802,0.986,0.359,0.902,0.109,0.384,13,24,758.88,0.286,1
BW-00578,93025.82,765,142549.62,0.189,22,7,31,Education,Crypto Exchange,Retail,0,23,0.282,0.466,0.169,0.65,0.257,0.161,14,26,3445.4,0.806,1
BW-00579,51751.05,717,76607.3,0.471,11,6,36,Medical,Retail,Retail,0,6,0.626,0.95,0.23,0.041,0.128,0.568,25,32,1568.21,0.659,0
BW-00580,29533.22,742,107173.44,0.173,21,1,81,Equipment Purchase,Equipment Vendor,Casino,0,9,0.411,0.741,0.518,0.143,0.101,0.193,18,21,1342.42,0.287,0
BW-00581,48617.9,832,158525.3,0.543,24,0,61,Equipment Purchase,Retail,Retail,0,8,0.234,0.538,0.287,0.115,0.138,0.091,20,39,1215.45,0.156,0
BW-00582,98103.09,562,100031.71,0.644,16,3,37,Debt Consolidation,Casino,Luxury Travel,0,1,0.514,0.66,0.446,0.884,0.001,0.592,23,23,4087.63,0.759,0
BW-00583,51798.72,789,83957.98,0.308,1,6,67,Debt Consolidation,ATM Cash,Casino,0,7,0.797,0.826,0.33,0.055,0.285,0.448,28,33,1523.49,0.286,0
BW-00584,36231.4,696,110423.31,0.345,12,1,36,Education,Crypto Exchange,Casino,0,21,0.832,0.972,0.135,0.881,0.194,0.249,8,9,3623.14,0.856,0
BW-00585,65173.08,753,137604.41,0.126,0,1,119,Equipment Purchase,ATM Cash,Casino,1,0,0.847,1.0,0.059,0.092,0.449,0.562,5,18,3430.16,0.21,1
BW-00586,27813.83,629,96534.5,0.108,18,6,5,Medical,Luxury Travel,Luxury Travel,0,19,0.339,0.62,0.189,0.103,0.02,0.055,21,38,713.18,0.624,0
BW-00587,12207.02,592,170831.55,0.607,10,3,46,Business Expansion,Crypto Exchange,Casino,0,29,0.793,1.0,0.046,0.822,0.022,0.053,20,29,406.9,0.688,0
BW-00588,17243.57,638,74241.87,0.171,4,0,79,Medical,Luxury Travel,Casino,0,1,0.212,0.393,0.495,0.044,0.443,0.409,25,25,663.21,0.659,0
BW-00589,17164.35,697,101319.54,0.345,0,3,52,Debt Consolidation,Casino,Crypto Exchange,0,6,0.738,0.991,0.637,0.535,0.063,0.107,12,14,1144.29,0.369,0
BW-00590,19430.76,644,143539.15,0.548,19,1,49,Medical,Casino,ATM Cash,0,24,0.948,1.0,0.272,0.763,0.001,0.55,16,35,539.74,0.844,1
BW-00591,18188.58,700,133368.16,0.589,12,0,6,Equipment Purchase,ATM Cash,Crypto Exchange,1,15,0.014,0.074,0.31,0.144,0.089,0.504,26,29,606.29,0.754,0
BW-00592,65883.1,551,159546.16,0.386,7,7,10,Education,Casino,Retail,0,21,0.44,0.624,0.653,0.63,0.412,0.184,20,37,1733.77,0.534,0
BW-00593,22278.61,571,179521.38,0.411,5,4,118,Business Expansion,Retail,Retail,0,3,0.648,0.866,0.178,0.15,0.401,0.533,19,26,825.13,0.613,0
BW-00594,37838.39,556,94028.75,0.468,16,2,96,Education,Crypto Exchange,Equipment Vendor,0,20,0.702,1.0,0.095,0.481,0.17,0.026,25,33,1112.89,0.581,0
BW-00595,90194.9,755,46672.63,0.629,11,3,23,Business Expansion,Luxury Travel,ATM Cash,0,26,0.176,0.323,0.401,0.116,0.334,0.329,7,25,3469.03,0.905,0
BW-00596,50026.36,663,34562.38,0.431,0,5,112,Business Expansion,ATM Cash,Luxury Travel,0,16,0.972,1.0,0.517,0.06,0.254,0.561,25,26,1852.83,0.862,0
BW-00597,68417.99,821,139031.54,0.408,2,1,17,Equipment Purchase,ATM Cash,Crypto Exchange,1,28,0.615,0.832,0.48,0.136,0.452,0.513,4,12,5262.92,0.3,0
BW-00598,21370.39,632,161102.05,0.108,13,0,110,Equipment Purchase,Casino,Retail,1,3,0.164,0.261,0.571,0.897,0.028,0.214,19,21,971.38,0.323,1
BW-00599,23267.46,728,63106.89,0.145,7,6,84,Debt Consolidation,Casino,Luxury Travel,0,28,0.021,0.098,0.045,0.448,0.407,0.11,10,11,1938.96,0.934,0
BW-00600,8882.52,759,53767.21,0.417,10,7,44,Debt Consolidation,Luxury Travel,Casino,0,25,0.783,0.84,0.343,0.014,0.085,0.126,8,14,592.17,0.301,0
BW-00601,21048.83,673,39330.76,0.615,13,6,41,Business Expansion,Crypto Exchange,Luxury Travel,0,2,0.08,0.261,0.191,0.921,0.196,0.309,16,32,637.84,0.91,0
BW-00602,31466.08,662,153405.44,0.577,7,6,15,Debt Consolidation,Crypto Exchange,Crypto Exchange,0,8,0.141,0.15,0.607,0.903,0.096,0.358,4,20,1498.38,0.652,1
BW-00603,21816.0,561,76707.29,0.64,2,0,44,Equipment Purchase,ATM Cash,ATM Cash,1,21,0.575,0.753,0.698,0.027,0.351,0.02,10,18,1148.21,0.143,1
BW-00604,13426.74,675,90254.53,0.39,6,4,110,Debt Consolidation,Luxury Travel,Equipment Vendor,0,14,0.604,0.999,0.225,0.111,0.339,0.248,19,19,671.34,0.385,0
BW-00605,16460.41,602,105412.53,0.533,18,3,58,Business Expansion,ATM Cash,Crypto Exchange,0,19,0.687,0.955,0.076,0.004,0.274,0.498,16,16,968.26,0.505,0
BW-00606,48773.98,832,155917.99,0.562,3,5,86,Education,Equipment Vendor,ATM Cash,0,2,0.394,0.698,0.203,0.139,0.349,0.267,12,19,2438.7,0.808,0
BW-00607,24601.7,689,127624.98,0.456,24,7,50,Medical,Crypto Exchange,Retail,0,11,0.774,0.822,0.083,0.718,0.32,0.102,20,36,664.91,0.379,0
BW-00608,39605.64,646,122259.69,0.286,15,6,52,Debt Consolidation,Luxury Travel,Retail,0,14,0.974,1.0,0.258,0.053,0.388,0.573,2,9,3960.56,0.364,0
BW-00609,52824.64,554,56350.81,0.358,12,0,70,Equipment Purchase,Luxury Travel,Luxury Travel,1,28,0.271,0.385,0.431,0.016,0.12,0.16,28,46,1123.93,0.882,1
BW-00610,70587.51,606,106978.48,0.572,19,6,68,Education,ATM Cash,Crypto Exchange,0,19,0.703,1.0,0.779,0.099,0.214,0.479,11,14,4705.83,0.167,0
BW-00611,8734.65,618,137307.15,0.264,18,4,63,Equipment Purchase,Casino,Retail,1,7,0.928,1.0,0.319,0.73,0.076,0.116,20,37,229.86,0.569,1
BW-00612,80943.99,667,175989.13,0.608,4,1,58,Debt Consolidation,Luxury Travel,Casino,0,11,0.686,0.869,0.176,0.072,0.215,0.254,23,35,2248.44,0.529,0
BW-00613,64650.54,608,60210.95,0.226,22,6,23,Business Expansion,ATM Cash,Casino,0,20,0.681,0.916,0.133,0.041,0.351,0.294,13,19,3232.53,0.149,0
BW-00614,12767.11,582,31431.5,0.512,4,4,44,Medical,Retail,Equipment Vendor,0,12,0.224,0.43,0.138,0.071,0.346,0.3,3,5,2127.85,0.175,0
BW-00615,87989.97,599,41295.22,0.447,19,3,109,Medical,Casino,Luxury Travel,0,14,0.535,0.867,0.154,0.871,0.355,0.31,17,30,2838.39,0.425,0
BW-00616,92482.88,568,86377.87,0.512,23,7,83,Education,Casino,Retail,0,10,0.563,0.656,0.61,0.532,0.154,0.135,10,18,4867.52,0.214,0
BW-00617,10802.41,763,153081.7,0.341,3,7,118,Medical,Crypto Exchange,Equipment Vendor,0,16,0.7,0.851,0.049,0.896,0.331,0.31,8,10,982.04,0.506,0
BW-00618,31303.38,746,31071.31,0.613,1,6,109,Business Expansion,Equipment Vendor,Casino,0,20,0.997,1.0,0.798,0.093,0.184,0.289,6,12,2407.95,0.618,0
BW-00619,81589.12,596,98509.59,0.448,12,4,95,Equipment Purchase,Crypto Exchange,Equipment Vendor,1,23,0.034,0.245,0.418,0.773,0.472,0.125,14,28,2813.42,0.688,1
BW-00620,76084.67,716,79384.59,0.259,15,0,44,Business Expansion,Retail,Equipment Vendor,0,26,0.065,0.226,0.435,0.035,0.172,0.593,19,22,3308.03,0.564,0
BW-00621,22529.5,838,37872.26,0.451,21,0,52,Education,ATM Cash,Retail,0,11,0.078,0.09,0.286,0.097,0.302,0.519,24,28,776.88,0.423,0
BW-00622,24888.19,690,97535.44,0.258,1,2,67,Education,Casino,Retail,0,19,0.743,1.0,0.552,0.91,0.375,0.533,22,30,802.84,0.21,0
BW-00623,40194.85,633,68212.31,0.261,18,4,28,Medical,Casino,Retail,0,29,0.136,0.525,0.377,0.879,0.453,0.411,1,3,10048.71,0.31,0
BW-00624,51029.68,731,82782.73,0.32,16,1,67,Business Expansion,Luxury Travel,Luxury Travel,0,17,0.622,0.87,0.263,0.125,0.219,0.096,25,40,1244.63,0.457,0
BW-00625,63734.2,628,135842.3,0.569,4,6,78,Equipment Purchase,Equipment Vendor,Equipment Vendor,0,28,0.325,0.668,0.212,0.099,0.18,0.341,11,26,2360.53,0.885,0
BW-00626,40046.8,764,108232.65,0.375,24,5,18,Business Expansion,Equipment Vendor,Equipment Vendor,0,15,0.457,0.664,0.741,0.005,0.215,0.493,25,43,910.15,0.272,0
BW-00627,48940.8,563,48697.11,0.473,17,5,27,Equipment Purchase,Luxury Travel,Luxury Travel,1,2,0.216,0.309,0.233,0.056,0.162,0.023,25,33,1439.44,0.451,0
BW-00628,76009.74,764,174212.18,0.316,22,3,51,Equipment Purchase,Retail,Casino,0,29,0.866,0.872,0.349,0.076,0.327,0.298,14,33,2235.58,0.722,0
BW-00629,8484.9,677,125386.61,0.245,20,2,60,Business Expansion,Equipment Vendor,Crypto Exchange,0,26,0.586,0.847,0.28,0.11,0.466,0.238,13,13,606.06,0.699,0
BW-00630,28981.51,797,144880.26,0.625,17,4,74,Debt Consolidation,Casino,Casino,0,8,0.945,1.0,0.069,0.45,0.063,0.127,12,28,999.36,0.921,0
BW-00631,72768.21,578,41881.97,0.432,7,1,49,Business Expansion,Retail,Luxury Travel,0,29,0.575,0.888,0.149,0.147,0.28,0.227,22,33,2140.24,0.262,0
BW-00632,90044.65,829,37058.76,0.614,14,2,15,Equipment Purchase,Crypto Exchange,Equipment Vendor,1,6,0.124,0.402,0.152,0.858,0.449,0.59,6,14,6002.98,0.114,1
BW-00633,53609.36,751,32917.21,0.212,12,0,83,Education,Crypto Exchange,Equipment Vendor,0,18,0.171,0.566,0.555,0.582,0.05,0.434,29,33,1576.75,0.374,0
BW-00634,55550.78,606,58319.1,0.181,12,3,73,Education,Retail,Retail,0,4,0.989,1.0,0.325,0.015,0.247,0.18,4,18,2923.73,0.227,0
BW-00635,15181.34,767,92161.26,0.571,15,6,68,Medical,Casino,Retail,0,18,0.726,0.897,0.626,0.7,0.433,0.363,24,36,410.31,0.566,0
BW-00636,47504.17,611,170373.92,0.475,21,6,15,Education,Crypto Exchange,Equipment Vendor,0,9,0.049,0.164,0.567,0.71,0.45,0.148,9,27,1696.58,0.864,0
BW-00637,55598.64,706,98558.95,0.203,19,6,51,Debt Consolidation,ATM Cash,Equipment Vendor,0,19,0.704,0.895,0.154,0.074,0.257,0.367,28,30,1793.5,0.685,0
BW-00638,28034.7,751,73538.27,0.248,12,4,48,Equipment Purchase,Casino,ATM Cash,1,11,0.412,0.761,0.45,0.974,0.012,0.538,7,8,3114.97,0.215,1
BW-00639,30578.11,566,114290.29,0.54,19,5,72,Business Expansion,Luxury Travel,Retail,0,7,0.307,0.324,0.594,0.109,0.053,0.334,7,19,1528.91,0.199,0
BW-00640,40842.0,555,46790.19,0.35,1,1,113,Business Expansion,Equipment Vendor,Retail,0,29,0.154,0.545,0.506,0.03,0.293,0.44,13,19,2042.1,0.875,0
BW-00641,6906.76,607,121425.88,0.469,2,6,117,Debt Consolidation,Retail,Casino,0,2,0.84,1.0,0.48,0.089,0.062,0.272,2,10,627.89,0.514,0
BW-00642,35597.52,718,115264.79,0.275,14,6,1,Education,Equipment Vendor,Equipment Vendor,0,18,0.064,0.303,0.592,0.003,0.075,0.314,2,11,2966.46,0.885,0
BW-00643,25087.56,631,148798.96,0.31,22,0,7,Equipment Purchase,Luxury Travel,Equipment Vendor,1,26,0.29,0.423,0.045,0.06,0.386,0.417,28,28,865.09,0.726,0
BW-00644,36112.25,768,178003.14,0.645,18,7,53,Education,Crypto Exchange,Luxury Travel,0,10,0.306,0.395,0.585,0.797,0.375,0.487,15,30,1164.91,0.944,1
BW-00645,16377.4,726,67631.02,0.236,12,2,31,Medical,ATM Cash,Casino,0,7,0.161,0.272,0.218,0.06,0.421,0.396,26,36,442.63,0.841,0
BW-00646,89600.09,753,106448.47,0.379,4,6,18,Education,Casino,Crypto Exchange,0,25,0.508,0.528,0.457,0.7,0.053,0.586,16,23,3733.34,0.452,0
BW-00647,61391.28,620,166329.81,0.564,21,3,12,Medical,Casino,Crypto Exchange,0,12,0.012,0.202,0.194,0.874,0.099,0.492,27,39,1534.78,0.744,1
BW-00648,69514.72,815,147778.48,0.232,5,2,48,Business Expansion,Luxury Travel,Crypto Exchange,0,25,0.301,0.324,0.671,0.091,0.416,0.466,2,17,3861.93,0.501,0
BW-00649,79971.27,647,103110.95,0.328,13,5,30,Equipment Purchase,Retail,ATM Cash,0,22,0.934,1.0,0.384,0.022,0.361,0.507,20,22,3477.01,0.298,0
BW-00650,52352.01,840,171805.75,0.438,3,2,97,Medical,Equipment Vendor,Retail,0,22,0.311,0.46,0.514,0.057,0.403,0.169,25,37,1377.68,0.305,0
BW-00651,13257.43,757,38585.5,0.365,21,1,111,Education,ATM Cash,Crypto Exchange,0,9,0.36,0.44,0.635,0.001,0.495,0.259,5,21,602.61,0.438,0
BW-00652,56025.12,551,169649.79,0.353,18,0,7,Education,Crypto Exchange,Luxury Travel,0,17,0.473,0.691,0.716,0.475,0.432,0.339,2,7,7003.14,0.195,0
BW-00653,60749.91,673,37576.11,0.299,22,4,92,Business Expansion,Retail,Retail,0,11,0.562,0.952,0.586,0.123,0.26,0.277,20,29,2025.0,0.251,0
BW-00654,75816.75,829,112095.71,0.423,6,1,113,Debt Consolidation,ATM Cash,Retail,0,6,0.809,1.0,0.119,0.094,0.155,0.508,7,15,4738.55,0.526,0
BW-00655,46007.66,623,163566.14,0.443,3,5,3,Debt Consolidation,ATM Cash,Crypto Exchange,0,25,0.19,0.387,0.684,0.118,0.285,0.016,5,22,2000.33,0.911,0
BW-00656,17120.13,715,69408.14,0.459,1,3,107,Education,Luxury Travel,Retail,0,10,0.872,1.0,0.495,0.12,0.319,0.126,11,27,611.43,0.591,0
BW-00657,31958.71,571,100837.27,0.139,6,5,63,Debt Consolidation,Luxury Travel,Casino,0,9,0.758,1.0,0.488,0.128,0.168,0.529,8,14,2130.58,0.447,0
BW-00658,39492.82,703,78649.33,0.447,2,5,6,Equipment Purchase,Casino,Casino,1,2,0.723,1.0,0.737,0.978,0.385,0.035,17,18,2078.57,0.306,1
BW-00659,66362.14,844,172821.59,0.624,14,2,95,Debt Consolidation,Crypto Exchange,Crypto Exchange,0,29,0.087,0.169,0.199,0.898,0.046,0.136,14,24,2654.49,0.267,0
BW-00660,59223.94,768,153546.84,0.398,0,3,102,Equipment Purchase,Retail,Luxury Travel,0,6,0.022,0.366,0.192,0.098,0.39,0.211,29,46,1260.08,0.66,0
BW-00661,38829.19,706,136350.23,0.493,1,1,15,Education,Casino,Retail,0,28,0.594,0.714,0.411,0.413,0.016,0.45,5,7,4853.65,0.821,0
BW-00662,98718.95,779,118144.05,0.406,9,5,71,Education,Crypto Exchange,Equipment Vendor,0,3,0.863,1.0,0.601,0.9,0.249,0.336,4,17,5484.39,0.439,1
BW-00663,62548.61,569,153088.77,0.57,15,1,43,Education,Equipment Vendor,Crypto Exchange,0,28,0.584,0.696,0.358,0.143,0.431,0.573,3,22,2719.5,0.568,0
BW-00664,27536.55,590,88840.06,0.611,24,6,94,Business Expansion,Equipment Vendor,ATM Cash,0,7,0.213,0.584,0.507,0.086,0.043,0.137,7,19,1376.83,0.701,0
BW-00665,14669.33,697,97132.78,0.201,14,6,91,Debt Consolidation,Casino,Retail,0,7,0.091,0.477,0.362,0.727,0.259,0.523,26,42,341.15,0.15,0
BW-00666,19521.62,657,139500.26,0.34,23,6,81,Medical,Retail,Crypto Exchange,0,5,0.7,0.758,0.488,0.039,0.08,0.17,11,21,887.35,0.398,0
BW-00667,28365.98,633,83663.21,0.316,14,4,119,Medical,Crypto Exchange,Crypto Exchange,0,12,0.722,1.0,0.658,0.9,0.447,0.147,1,7,3545.75,0.72,0
BW-00668,20264.73,839,39585.14,0.323,13,2,18,Education,Equipment Vendor,Luxury Travel,0,11,0.173,0.207,0.144,0.028,0.416,0.299,22,24,810.59,0.682,0
BW-00669,22723.87,683,41150.19,0.169,21,1,22,Debt Consolidation,Equipment Vendor,Equipment Vendor,0,2,0.028,0.115,0.556,0.078,0.467,0.043,24,26,841.62,0.145,0
BW-00670,32084.04,756,47304.42,0.547,13,6,61,Equipment Purchase,Retail,Retail,0,5,0.408,0.586,0.63,0.074,0.437,0.231,18,19,1604.2,0.302,0
BW-00671,21470.49,832,160452.2,0.12,5,6,61,Medical,Casino,Crypto Exchange,0,21,0.583,0.98,0.358,0.532,0.368,0.213,22,37,565.01,0.678,0
BW-00672,90192.72,815,100833.96,0.391,13,3,53,Education,Luxury Travel,Crypto Exchange,0,18,0.706,0.901,0.259,0.101,0.092,0.096,27,37,2373.49,0.331,0
BW-00673,12622.21,622,136932.36,0.464,16,5,26,Medical,ATM Cash,Retail,0,10,0.81,1.0,0.011,0.018,0.151,0.516,1,14,841.48,0.792,0
BW-00674,54828.58,597,88936.4,0.214,17,6,115,Medical,Crypto Exchange,Crypto Exchange,0,3,0.611,0.889,0.638,0.8,0.248,0.232,29,31,1713.39,0.125,0
BW-00675,43987.7,782,68806.64,0.598,19,4,91,Medical,Equipment Vendor,Crypto Exchange,0,14,0.111,0.498,0.262,0.058,0.294,0.589,16,22,1912.51,0.262,0
BW-00676,98325.97,649,82078.83,0.561,18,3,40,Education,ATM Cash,Crypto Exchange,0,1,0.683,0.996,0.286,0.061,0.391,0.54,13,20,4682.19,0.339,0
BW-00677,15643.7,608,149127.35,0.359,16,2,88,Education,ATM Cash,Casino,0,14,0.984,1.0,0.269,0.048,0.113,0.117,6,18,823.35,0.886,1
BW-00678,42796.28,807,123782.42,0.326,15,7,116,Business Expansion,Luxury Travel,Casino,0,16,0.906,1.0,0.399,0.039,0.064,0.303,6,24,1711.85,0.777,0
BW-00679,97099.69,614,170645.97,0.23,7,7,8,Business Expansion,ATM Cash,Equipment Vendor,0,1,0.872,0.911,0.562,0.051,0.241,0.361,21,31,3034.37,0.852,0
BW-00680,87223.18,632,131955.72,0.501,6,4,21,Business Expansion,Retail,Luxury Travel,0,6,0.302,0.56,0.617,0.025,0.079,0.491,23,23,3634.3,0.474,0
BW-00681,82621.85,703,115527.24,0.172,19,4,93,Medical,Casino,Retail,0,25,0.751,0.823,0.314,0.658,0.347,0.531,14,32,2503.69,0.799,0
BW-00682,29500.77,815,121529.4,0.474,11,4,43,Debt Consolidation,Crypto Exchange,Luxury Travel,0,15,0.851,0.954,0.53,0.574,0.288,0.374,5,17,1638.93,0.825,0
BW-00683,21234.32,628,171355.72,0.563,8,5,21,Education,Retail,Luxury Travel,0,4,0.678,1.0,0.577,0.034,0.371,0.021,8,24,849.37,0.44,0
BW-00684,68521.11,699,148230.14,0.226,13,7,3,Business Expansion,Casino,Casino,0,15,0.251,0.382,0.238,0.684,0.032,0.289,18,26,2537.82,0.945,0
BW-00685,93290.72,597,33606.19,0.577,19,6,31,Debt Consolidation,Retail,Equipment Vendor,0,24,0.954,1.0,0.077,0.021,0.482,0.531,6,24,3731.63,0.824,0
BW-00686,57892.47,797,110120.95,0.118,0,0,119,Business Expansion,Equipment Vendor,Luxury Travel,0,18,0.451,0.61,0.716,0.053,0.0,0.428,5,23,2412.19,0.928,0
BW-00687,59303.21,827,133250.76,0.602,9,4,27,Business Expansion,Equipment Vendor,Luxury Travel,0,1,0.13,0.16,0.542,0.048,0.163,0.522,10,15,3706.45,0.837,0
BW-00688,31598.01,647,142304.77,0.165,16,3,110,Debt Consolidation,Luxury Travel,Crypto Exchange,0,14,0.11,0.255,0.518,0.141,0.34,0.404,18,24,1263.92,0.76,0
BW-00689,78101.83,574,61971.32,0.455,16,7,27,Business Expansion,Retail,Retail,0,3,0.648,0.811,0.047,0.064,0.023,0.026,27,31,2440.68,0.902,0
BW-00690,22769.16,833,160076.6,0.238,16,3,73,Medical,ATM Cash,Equipment Vendor,0,1,0.438,0.796,0.654,0.104,0.042,0.581,13,20,1084.25,0.457,0
BW-00691,35749.53,617,173376.47,0.56,3,2,57,Medical,Equipment Vendor,Retail,0,26,0.094,0.224,0.453,0.09,0.038,0.551,23,36,966.2,0.766,0
BW-00692,45416.46,556,65507.3,0.382,16,1,97,Medical,Casino,Casino,0,22,0.74,0.892,0.678,0.486,0.291,0.076,20,37,1195.17,0.281,0
BW-00693,53222.99,686,162392.32,0.174,17,1,33,Equipment Purchase,Luxury Travel,Luxury Travel,1,9,0.799,1.0,0.78,0.141,0.448,0.068,6,25,2047.04,0.723,1
BW-00694,28028.92,713,44546.81,0.414,19,0,90,Business Expansion,ATM Cash,Luxury Travel,0,21,0.725,1.0,0.766,0.052,0.278,0.323,21,23,1167.87,0.768,0
BW-00695,15909.5,632,38356.03,0.324,22,5,92,Equipment Purchase,Crypto Exchange,ATM Cash,1,23,0.202,0.521,0.685,0.575,0.302,0.454,4,11,1325.79,0.709,1
BW-00696,63008.9,687,49383.57,0.464,1,6,44,Education,Retail,Retail,0,28,0.69,1.0,0.009,0.045,0.173,0.229,13,26,2333.66,0.822,0
BW-00697,32419.9,622,38661.16,0.585,7,5,43,Debt Consolidation,Equipment Vendor,Casino,0,4,0.011,0.329,0.709,0.05,0.009,0.082,18,31,1013.12,0.451,0
BW-00698,60217.63,786,156751.84,0.325,12,6,31,Education,ATM Cash,ATM Cash,0,17,0.305,0.468,0.06,0.014,0.011,0.306,13,19,3010.88,0.563,0
BW-00699,19664.46,595,38857.52,0.259,22,4,117,Equipment Purchase,Casino,ATM Cash,1,28,0.399,0.728,0.681,0.738,0.444,0.203,13,18,1034.97,0.109,1
BW-00700,50708.31,655,70749.63,0.108,24,7,65,Medical,Retail,Crypto Exchange,0,3,0.835,1.0,0.224,0.052,0.051,0.211,7,12,3900.64,0.224,0
BW-00701,55596.0,837,45563.45,0.416,21,6,84,Business Expansion,Casino,ATM Cash,0,0,0.39,0.501,0.488,0.703,0.5,0.387,5,16,3270.35,0.648,0
BW-00702,9923.24,811,74313.31,0.321,19,7,76,Business Expansion,Luxury Travel,ATM Cash,0,17,0.011,0.132,0.03,0.001,0.082,0.531,29,43,225.53,0.578,0
BW-00703,36977.41,725,43583.92,0.306,21,0,17,Medical,Equipment Vendor,Crypto Exchange,0,19,0.352,0.442,0.617,0.147,0.337,0.335,3,21,1680.79,0.268,0
BW-00704,17769.39,715,130200.49,0.201,14,2,15,Business Expansion,Equipment Vendor,Luxury Travel,0,5,0.499,0.557,0.089,0.026,0.474,0.413,6,9,1776.94,0.307,0
BW-00705,11020.62,694,49999.02,0.337,19,2,34,Debt Consolidation,Luxury Travel,Luxury Travel,0,19,0.949,1.0,0.329,0.099,0.181,0.396,8,10,1001.87,0.392,0
BW-00706,99046.22,832,157776.89,0.641,22,1,114,Debt Consolidation,Casino,Equipment Vendor,0,19,0.941,0.966,0.654,0.776,0.367,0.331,27,39,2476.16,0.709,1
BW-00707,35623.62,603,152578.66,0.264,8,2,80,Debt Consolidation,Retail,ATM Cash,0,13,0.181,0.536,0.556,0.026,0.175,0.186,26,41,848.18,0.618,0
BW-00708,81938.07,727,32049.25,0.43,2,4,4,Education,Casino,Retail,0,26,0.185,0.557,0.005,0.498,0.152,0.227,26,38,2100.98,0.159,0
BW-00709,29190.86,793,164358.95,0.527,2,3,72,Medical,Retail,Luxury Travel,0,25,0.163,0.398,0.322,0.023,0.101,0.189,12,21,1326.86,0.746,0
BW-00710,69742.76,676,34341.65,0.512,1,2,98,Debt Consolidation,ATM Cash,Casino,0,9,0.789,1.0,0.034,0.037,0.41,0.55,2,14,4649.52,0.323,0
BW-00711,77221.65,820,65946.87,0.281,0,0,110,Equipment Purchase,Luxury Travel,Retail,1,17,0.006,0.079,0.539,0.025,0.129,0.496,11,18,4064.3,0.671,0
BW-00712,61585.68,681,34858.37,0.436,13,4,89,Debt Consolidation,Crypto Exchange,Equipment Vendor,0,8,0.127,0.488,0.775,0.998,0.142,0.348,26,37,1620.68,0.205,1
BW-00713,49799.74,642,80376.52,0.579,16,2,79,Education,Retail,ATM Cash,0,11,0.538,0.741,0.524,0.063,0.499,0.547,28,35,1383.33,0.948,0
BW-00714,44124.89,622,107079.98,0.108,12,5,28,Equipment Purchase,Equipment Vendor,Crypto Exchange,0,9,0.248,0.275,0.179,0.081,0.164,0.532,20,28,1521.55,0.168,0
BW-00715,38142.49,797,149496.73,0.34,18,6,73,Medical,ATM Cash,Equipment Vendor,0,23,0.092,0.149,0.284,0.007,0.211,0.557,3,12,2934.04,0.73,0
BW-00716,93305.27,822,80697.23,0.223,22,2,2,Medical,Equipment Vendor,Retail,0,23,0.36,0.484,0.781,0.129,0.495,0.133,23,29,3110.18,0.56,0
BW-00717,83908.84,592,135823.5,0.314,14,5,17,Debt Consolidation,ATM Cash,Crypto Exchange,0,20,0.274,0.291,0.179,0.026,0.185,0.431,10,12,6454.53,0.173,0
BW-00718,96677.56,590,58125.67,0.329,24,4,58,Equipment Purchase,Equipment Vendor,Casino,0,18,0.511,0.635,0.449,0.054,0.183,0.366,8,12,7436.74,0.123,0
BW-00719,16808.24,719,142589.77,0.511,13,2,74,Equipment Purchase,Casino,Crypto Exchange,1,5,0.979,1.0,0.32,0.672,0.414,0.44,8,10,1528.02,0.408,1
BW-00720,74432.41,761,65399.49,0.152,1,5,9,Debt Consolidation,Casino,Crypto Exchange,0,13,0.124,0.218,0.615,0.878,0.156,0.158,14,31,2326.01,0.782,1
BW-00721,94142.34,717,51531.71,0.382,6,3,31,Debt Consolidation,Casino,Casino,0,24,0.373,0.479,0.694,0.53,0.117,0.417,4,22,4093.15,0.135,0
BW-00722,22217.14,588,57811.33,0.41,16,7,66,Business Expansion,ATM Cash,Luxury Travel,0,7,0.932,1.0,0.273,0.104,0.212,0.246,15,24,888.69,0.699,0
BW-00723,11317.15,794,57309.47,0.372,17,1,88,Business Expansion,ATM Cash,Luxury Travel,0,22,0.877,0.971,0.528,0.102,0.35,0.5,10,18,595.64,0.657,0
BW-00724,75406.46,700,106929.43,0.503,5,4,62,Debt Consolidation,Equipment Vendor,Crypto Exchange,0,13,0.394,0.49,0.439,0.083,0.022,0.477,18,24,3016.26,0.326,0
BW-00725,59574.95,660,156719.64,0.311,20,5,19,Education,Retail,Crypto Exchange,0,10,0.699,0.974,0.223,0.143,0.187,0.127,22,22,2590.22,0.166,0
BW-00726,84973.73,596,41940.76,0.62,7,0,81,Business Expansion,ATM Cash,Equipment Vendor,0,23,0.088,0.432,0.218,0.076,0.173,0.11,15,24,3398.95,0.878,0
BW-00727,18278.38,612,136043.45,0.365,1,7,107,Debt Consolidation,Equipment Vendor,Luxury Travel,0,15,0.713,0.868,0.431,0.067,0.122,0.431,19,20,870.4,0.355,0
BW-00728,80550.39,774,128151.97,0.414,0,2,113,Equipment Purchase,Retail,Casino,0,19,0.973,1.0,0.123,0.037,0.327,0.33,24,29,2685.01,0.195,0
BW-00729,24154.6,618,160877.99,0.554,15,5,74,Business Expansion,Casino,ATM Cash,0,5,0.537,0.673,0.649,0.428,0.145,0.334,3,8,2683.84,0.679,0
BW-00730,20547.31,848,66622.13,0.251,6,7,114,Education,ATM Cash,ATM Cash,0,14,0.498,0.577,0.055,0.082,0.303,0.452,2,9,2054.73,0.284,0
BW-00731,20605.25,839,97516.48,0.141,21,6,55,Medical,Crypto Exchange,Crypto Exchange,0,14,0.187,0.319,0.076,0.459,0.252,0.513,13,30,664.69,0.504,0
BW-00732,82384.6,845,168874.11,0.489,23,7,28,Equipment Purchase,Casino,Crypto Exchange,1,13,0.634,0.878,0.274,0.568,0.109,0.143,13,19,4119.23,0.143,1
BW-00733,68193.74,752,128999.02,0.366,10,5,102,Education,Luxury Travel,ATM Cash,0,20,0.59,0.737,0.094,0.031,0.133,0.333,25,42,1585.9,0.944,0
BW-00734,54691.22,610,88315.26,0.593,14,5,112,Education,Retail,Equipment Vendor,0,11,0.652,0.921,0.381,0.126,0.085,0.497,9,9,5469.12,0.48,0
BW-00735,39088.9,710,49711.86,0.64,12,6,92,Education,Crypto Exchange,Equipment Vendor,0,1,0.026,0.121,0.32,0.903,0.028,0.524,25,38,1002.28,0.949,0
BW-00736,88334.05,565,69372.75,0.32,23,1,114,Equipment Purchase,Casino,Equipment Vendor,1,7,0.549,0.829,0.577,0.769,0.31,0.172,3,22,3840.61,0.428,1
BW-00737,42282.29,643,117182.32,0.328,1,7,116,Education,ATM Cash,Retail,0,18,0.595,0.734,0.762,0.126,0.336,0.062,2,8,4698.03,0.396,0
BW-00738,82576.95,687,137725.19,0.324,13,6,50,Medical,Crypto Exchange,Casino,0,13,0.208,0.39,0.603,0.923,0.083,0.14,14,33,2428.73,0.877,1
BW-00739,46717.82,587,48663.28,0.279,23,6,65,Business Expansion,Equipment Vendor,Retail,0,4,0.208,0.431,0.144,0.149,0.308,0.567,16,22,2031.21,0.38,0
BW-00740,40809.72,676,119939.59,0.53,5,7,3,Equipment Purchase,Retail,Crypto Exchange,0,23,0.276,0.55,0.748,0.051,0.491,0.277,14,17,2267.21,0.467,0
BW-00741,48954.58,824,112552.69,0.517,8,0,79,Education,Luxury Travel,Equipment Vendor,0,26,0.712,0.807,0.314,0.113,0.037,0.251,4,8,5439.4,0.166,0
BW-00742,33630.9,713,107093.32,0.363,6,6,52,Debt Consolidation,Equipment Vendor,Equipment Vendor,0,8,0.606,0.94,0.379,0.034,0.245,0.008,2,2,11210.3,0.912,0
BW-00743,76022.89,626,133518.47,0.125,17,0,10,Business Expansion,Crypto Exchange,ATM Cash,0,12,0.846,1.0,0.337,0.701,0.367,0.031,16,35,2111.75,0.172,0
BW-00744,52758.44,723,155617.44,0.27,23,3,21,Equipment Purchase,Casino,ATM Cash,1,8,0.296,0.39,0.224,0.624,0.023,0.401,8,10,4796.22,0.756,1
BW-00745,27060.21,640,78448.45,0.261,8,7,37,Debt Consolidation,Retail,Equipment Vendor,0,13,0.912,1.0,0.716,0.111,0.389,0.354,26,38,693.85,0.558,0
BW-00746,90459.58,787,163351.83,0.546,22,6,15,Debt Consolidation,ATM Cash,Luxury Travel,0,4,0.744,1.0,0.266,0.031,0.49,0.345,1,7,11307.45,0.152,0
BW-00747,41469.67,813,54095.04,0.148,3,1,87,Education,Luxury Travel,ATM Cash,0,1,0.395,0.576,0.463,0.127,0.044,0.066,18,23,1727.9,0.101,0
BW-00748,56637.52,728,55953.58,0.543,8,6,78,Equipment Purchase,Casino,Casino,1,6,0.095,0.158,0.192,0.756,0.411,0.211,22,27,2022.77,0.895,1
BW-00749,91114.85,758,70015.81,0.468,3,5,79,Education,Luxury Travel,Retail,0,15,0.257,0.47,0.638,0.032,0.189,0.487,9,10,8283.17,0.731,0
BW-00750,64302.61,622,47929.63,0.503,11,4,74,Medical,ATM Cash,Casino,0,10,0.957,1.0,0.619,0.081,0.072,0.105,26,41,1531.01,0.683,1
BW-00751,16105.31,656,64547.88,0.338,3,1,9,Debt Consolidation,Retail,ATM Cash,0,10,0.31,0.482,0.237,0.13,0.247,0.53,12,17,894.74,0.473,0
BW-00752,94284.05,844,45961.76,0.474,24,6,44,Medical,Crypto Exchange,Equipment Vendor,0,22,0.33,0.493,0.545,0.789,0.036,0.073,5,12,7252.62,0.303,0
BW-00753,64632.27,833,153262.86,0.435,23,1,39,Education,Luxury Travel,Crypto Exchange,0,11,0.19,0.478,0.563,0.112,0.261,0.101,21,31,2019.76,0.678,0
BW-00754,36816.03,731,50845.35,0.523,19,7,5,Business Expansion,Retail,Luxury Travel,0,12,0.807,0.884,0.45,0.001,0.01,0.287,3,20,1753.14,0.617,0
BW-00755,18230.85,586,142094.63,0.346,13,0,25,Debt Consolidation,Luxury Travel,ATM Cash,0,7,0.276,0.605,0.48,0.02,0.364,0.567,8,13,1302.2,0.717,0
BW-00756,80432.39,686,37187.08,0.36,23,3,56,Business Expansion,Casino,Casino,0,23,0.33,0.46,0.46,0.486,0.244,0.198,28,41,1915.06,0.411,0
BW-00757,63906.91,605,172278.05,0.454,23,3,106,Equipment Purchase,Luxury Travel,Crypto Exchange,1,15,0.414,0.592,0.065,0.015,0.229,0.395,22,36,1727.21,0.939,1
BW-00758,55678.8,736,136674.01,0.159,6,7,90,Debt Consolidation,Casino,ATM Cash,0,20,0.434,0.743,0.536,0.427,0.098,0.353,26,36,1504.83,0.157,0
BW-00759,89919.8,807,31019.48,0.34,12,7,64,Medical,Casino,Equipment Vendor,0,0,0.411,0.661,0.376,0.681,0.181,0.09,28,42,2091.16,0.168,0
BW-00760,79916.74,607,144578.48,0.635,21,1,72,Business Expansion,Retail,Equipment Vendor,0,12,0.504,0.627,0.351,0.017,0.091,0.149,16,28,2755.75,0.879,0
BW-00761,19409.11,672,107112.29,0.121,7,7,86,Equipment Purchase,Equipment Vendor,Equipment Vendor,0,10,0.815,0.969,0.688,0.132,0.368,0.558,18,23,808.71,0.651,0
BW-00762,34613.6,737,146904.78,0.274,22,1,52,Debt Consolidation,ATM Cash,Equipment Vendor,0,28,0.819,0.941,0.019,0.092,0.1,0.111,12,15,2163.35,0.377,0
BW-00763,28606.47,779,108374.52,0.273,4,7,89,Equipment Purchase,Luxury Travel,ATM Cash,1,3,0.798,1.0,0.201,0.119,0.308,0.417,12,25,1100.25,0.748,0
BW-00764,75674.9,717,126153.73,0.448,11,6,112,Medical,Crypto Exchange,Luxury Travel,0,3,0.101,0.234,0.097,0.943,0.14,0.579,21,33,2225.73,0.485,0
BW-00765,8185.58,663,147949.75,0.158,12,7,76,Debt Consolidation,Casino,Luxury Travel,0,14,0.8,1.0,0.028,0.637,0.328,0.072,4,13,584.68,0.118,0
BW-00766,59139.52,801,90766.21,0.446,19,2,9,Equipment Purchase,Equipment Vendor,Casino,0,26,0.12,0.352,0.221,0.048,0.27,0.24,27,38,1516.4,0.653,0
BW-00767,77433.58,656,30406.22,0.152,13,5,10,Education,Casino,ATM Cash,0,2,0.125,0.183,0.791,0.935,0.212,0.134,10,17,4301.87,0.307,0
BW-00768,88292.74,586,157491.97,0.152,17,0,112,Debt Consolidation,Equipment Vendor,Equipment Vendor,0,23,0.948,1.0,0.216,0.092,0.337,0.133,9,28,3044.58,0.198,0
BW-00769,37497.77,641,87133.55,0.501,23,5,10,Debt Consolidation,Equipment Vendor,Luxury Travel,0,18,0.819,0.908,0.531,0.074,0.208,0.071,4,8,4166.42,0.291,0
BW-00770,83019.44,567,104406.41,0.278,24,4,73,Debt Consolidation,Crypto Exchange,ATM Cash,0,28,0.552,0.708,0.095,0.831,0.411,0.39,24,25,3193.06,0.505,0
BW-00771,15510.02,612,31165.0,0.638,19,4,62,Debt Consolidation,Equipment Vendor,Crypto Exchange,0,20,0.875,1.0,0.481,0.135,0.365,0.448,1,20,738.57,0.142,0
BW-00772,85412.97,699,103813.8,0.121,3,3,90,Education,Crypto Exchange,Luxury Travel,0,1,0.989,1.0,0.788,0.414,0.27,0.406,5,16,5024.29,0.851,1
BW-00773,17111.42,688,177973.11,0.345,20,0,99,Medical,Retail,Luxury Travel,0,5,0.611,0.913,0.233,0.036,0.439,0.555,25,30,551.98,0.576,0
BW-00774,42742.29,735,71740.15,0.162,17,5,91,Education,Casino,Casino,0,21,0.613,0.689,0.678,0.905,0.414,0.087,3,17,2374.57,0.349,0
BW-00775,80743.06,734,89312.74,0.293,6,3,60,Education,Crypto Exchange,Luxury Travel,0,23,0.754,1.0,0.798,0.848,0.266,0.192,11,28,2784.24,0.684,0
BW-00776,19242.16,754,133078.5,0.649,14,4,95,Equipment Purchase,ATM Cash,Crypto Exchange,1,7,0.232,0.369,0.471,0.096,0.034,0.207,13,30,620.71,0.784,1
BW-00777,26778.88,809,152219.05,0.589,20,1,19,Business Expansion,Casino,Equipment Vendor,0,16,0.167,0.287,0.248,0.784,0.283,0.139,22,31,836.84,0.622,0
BW-00778,73613.99,763,92608.74,0.127,5,0,107,Business Expansion,ATM Cash,Retail,0,4,0.76,1.0,0.539,0.011,0.178,0.085,11,17,4089.67,0.272,0
BW-00779,73403.47,805,76450.33,0.41,15,0,38,Equipment Purchase,Luxury Travel,Casino,1,1,0.345,0.667,0.676,0.01,0.27,0.292,26,35,2038.99,0.194,1
BW-00780,65909.03,684,170673.87,0.456,19,7,6,Education,ATM Cash,Crypto Exchange,0,25,0.135,0.286,0.137,0.023,0.324,0.501,6,10,5991.73,0.831,0
BW-00781,70925.1,610,131571.75,0.215,23,7,15,Equipment Purchase,Retail,Casino,0,11,0.315,0.614,0.362,0.022,0.322,0.573,27,42,1649.42,0.299,0
BW-00782,56558.82,637,47853.2,0.18,7,5,93,Debt Consolidation,Luxury Travel,ATM Cash,0,4,0.359,0.712,0.255,0.063,0.337,0.078,22,40,1379.48,0.117,0
BW-00783,28920.91,756,40339.18,0.597,20,7,47,Equipment Purchase,Luxury Travel,Equipment Vendor,1,9,0.965,1.0,0.227,0.024,0.34,0.494,4,6,4131.56,0.646,1
BW-00784,37841.12,678,102532.48,0.633,15,7,45,Equipment Purchase,Equipment Vendor,Luxury Travel,0,27,0.698,0.712,0.689,0.128,0.055,0.495,7,13,2702.94,0.23,0
BW-00785,22251.78,552,63013.51,0.646,21,6,118,Debt Consolidation,ATM Cash,ATM Cash,0,8,0.531,0.862,0.337,0.087,0.096,0.233,3,21,1011.44,0.942,0
BW-00786,91302.8,791,68097.71,0.534,15,2,5,Business Expansion,Equipment Vendor,Luxury Travel,0,19,0.969,1.0,0.271,0.055,0.315,0.066,22,33,2685.38,0.839,0
BW-00787,60422.22,670,161653.83,0.465,2,5,78,Debt Consolidation,ATM Cash,Crypto Exchange,0,7,0.903,1.0,0.483,0.01,0.204,0.594,10,19,3021.11,0.617,0
BW-00788,43080.88,651,43434.9,0.29,16,7,53,Medical,Luxury Travel,Equipment Vendor,0,0,0.512,0.816,0.176,0.089,0.381,0.393,5,9,4308.09,0.809,0
BW-00789,48890.55,587,137304.62,0.194,8,1,66,Equipment Purchase,Equipment Vendor,Retail,0,23,0.906,1.0,0.184,0.017,0.062,0.589,19,20,2328.12,0.5,0
BW-00790,94991.92,682,70671.34,0.143,24,6,62,Equipment Purchase,Casino,Retail,1,5,0.404,0.576,0.416,0.86,0.096,0.29,18,20,4523.42,0.77,1
BW-00791,19568.38,751,144049.23,0.481,2,6,23,Business Expansion,ATM Cash,Luxury Travel,0,23,0.23,0.257,0.327,0.12,0.279,0.237,28,41,465.91,0.65,0
BW-00792,60691.83,570,138361.71,0.532,19,6,44,Education,ATM Cash,ATM Cash,0,21,0.233,0.417,0.236,0.082,0.25,0.148,17,31,1896.62,0.124,0
BW-00793,53059.42,791,31108.79,0.555,6,1,52,Debt Consolidation,Equipment Vendor,Equipment Vendor,0,10,0.662,0.681,0.043,0.022,0.133,0.59,24,43,1205.9,0.906,0
BW-00794,63088.15,658,106370.31,0.603,17,3,46,Education,ATM Cash,Equipment Vendor,0,2,0.501,0.619,0.417,0.118,0.204,0.152,1,13,4506.3,0.832,0
BW-00795,6720.47,633,50897.92,0.584,11,0,19,Medical,Luxury Travel,Crypto Exchange,0,27,0.659,0.894,0.653,0.046,0.017,0.014,5,21,305.48,0.91,0
BW-00796,87851.77,632,159934.05,0.65,18,3,88,Debt Consolidation,Equipment Vendor,ATM Cash,0,14,0.686,0.81,0.681,0.033,0.019,0.307,21,40,2142.73,0.722,0
BW-00797,93551.24,840,160737.88,0.234,15,1,84,Medical,Equipment Vendor,Retail,0,10,0.022,0.296,0.188,0.071,0.047,0.226,17,20,4454.82,0.45,0
BW-00798,58687.65,618,92751.87,0.52,21,2,47,Medical,Crypto Exchange,Crypto Exchange,0,23,0.054,0.383,0.48,0.712,0.288,0.157,25,43,1333.81,0.276,0
BW-00799,71181.83,678,96659.34,0.423,23,0,91,Medical,Crypto Exchange,Casino,0,4,0.533,0.701,0.685,0.421,0.432,0.381,21,35,1977.27,0.253,0
BW-00800,92637.44,745,75492.44,0.244,16,1,52,Debt Consolidation,Luxury Travel,Equipment Vendor,0,27,0.191,0.551,0.327,0.136,0.13,0.219,9,23,3859.89,0.223,0
BW-00801,72187.67,689,137490.94,0.64,19,2,24,Debt Consolidation,Casino,Retail,0,25,0.633,0.665,0.746,0.783,0.017,0.241,11,19,3609.38,0.288,0
BW-00802,19491.21,832,83799.2,0.594,14,5,17,Business Expansion,ATM Cash,Crypto Exchange,0,15,0.552,0.888,0.722,0.013,0.354,0.014,22,24,779.65,0.568,0
BW-00803,59747.39,783,70168.87,0.171,0,4,89,Equipment Purchase,Retail,Luxury Travel,0,20,0.586,0.917,0.167,0.105,0.428,0.353,7,8,6638.6,0.681,0
BW-00804,62637.93,572,94834.66,0.114,1,6,46,Education,ATM Cash,Casino,0,27,0.302,0.431,0.207,0.029,0.069,0.073,7,13,4474.14,0.367,0
BW-00805,45292.41,702,43723.13,0.479,7,7,64,Education,Retail,Crypto Exchange,0,6,0.64,0.759,0.144,0.047,0.193,0.128,2,10,4117.49,0.566,0
BW-00806,74962.2,826,141990.48,0.432,21,1,119,Medical,Luxury Travel,Luxury Travel,0,5,0.829,0.951,0.157,0.02,0.079,0.43,14,18,3945.38,0.39,0
BW-00807,93764.87,610,31889.46,0.615,24,4,95,Debt Consolidation,Casino,Retail,0,8,0.998,1.0,0.726,0.635,0.053,0.188,16,32,2841.36,0.692,1
BW-00808,92929.01,601,126672.76,0.229,1,3,28,Debt Consolidation,Casino,Retail,0,6,0.838,1.0,0.745,0.541,0.324,0.098,5,7,11616.13,0.94,1
BW-00809,47829.74,702,57429.68,0.146,18,4,50,Medical,Casino,Casino,0,2,0.557,0.689,0.042,0.797,0.484,0.346,18,26,1771.47,0.686,0
BW-00810,15757.61,786,64860.61,0.243,8,1,64,Equipment Purchase,Crypto Exchange,Luxury Travel,1,10,0.193,0.43,0.475,0.744,0.339,0.129,4,11,1313.13,0.15,1
BW-00811,98559.91,581,125344.8,0.11,8,4,28,Education,Luxury Travel,Equipment Vendor,0,26,0.681,0.737,0.451,0.143,0.492,0.163,12,20,4693.33,0.506,0
BW-00812,84695.32,604,178941.52,0.12,12,6,86,Business Expansion,Retail,Retail,0,11,0.938,1.0,0.312,0.109,0.217,0.373,19,35,2352.65,0.755,0
BW-00813,16842.95,585,146657.62,0.603,5,0,56,Equipment Purchase,Casino,ATM Cash,1,20,0.212,0.612,0.505,0.639,0.449,0.444,28,35,467.86,0.561,1
BW-00814,92479.98,659,63875.94,0.294,14,1,59,Debt Consolidation,Luxury Travel,Equipment Vendor,0,24,0.256,0.32,0.758,0.104,0.103,0.444,13,26,3425.18,0.908,0
BW-00815,87640.15,726,56403.71,0.326,18,2,5,Medical,ATM Cash,Equipment Vendor,0,10,0.149,0.528,0.136,0.132,0.059,0.289,27,42,2038.14,0.147,0
BW-00816,54289.62,844,159934.93,0.11,20,4,54,Education,Retail,Crypto Exchange,0,28,0.737,1.0,0.096,0.044,0.351,0.273,6,23,2262.07,0.347,0
BW-00817,61171.17,646,96627.59,0.249,14,0,44,Medical,Crypto Exchange,Crypto Exchange,0,25,0.407,0.796,0.027,0.664,0.186,0.473,11,27,2184.68,0.288,0
BW-00818,42905.26,762,50557.92,0.543,17,6,42,Debt Consolidation,Equipment Vendor,Retail,0,29,0.063,0.135,0.291,0.111,0.159,0.116,15,21,1950.24,0.752,0
BW-00819,10202.36,686,159331.71,0.439,6,3,72,Medical,Retail,Equipment Vendor,0,1,0.875,0.96,0.27,0.034,0.336,0.091,21,40,248.84,0.545,0
BW-00820,36843.74,555,152413.85,0.515,10,3,102,Education,ATM Cash,Crypto Exchange,0,0,0.558,0.565,0.345,0.137,0.167,0.399,17,31,1151.37,0.218,0
BW-00821,81271.08,658,177585.95,0.346,7,6,92,Medical,Retail,Luxury Travel,0,26,0.331,0.621,0.403,0.08,0.286,0.246,2,8,9030.12,0.343,0
BW-00822,5440.04,584,166461.55,0.27,5,4,57,Education,Retail,Luxury Travel,0,23,0.344,0.602,0.606,0.045,0.15,0.426,13,14,362.67,0.544,0
BW-00823,36682.42,588,157768.55,0.366,7,3,47,Medical,Equipment Vendor,Luxury Travel,0,23,0.29,0.361,0.314,0.116,0.392,0.154,23,24,1467.3,0.947,0
BW-00824,42826.03,699,37886.16,0.278,1,2,76,Medical,Casino,Luxury Travel,0,1,0.455,0.771,0.264,0.729,0.156,0.195,25,31,1338.31,0.41,0
BW-00825,56052.58,667,45662.31,0.561,18,1,25,Education,ATM Cash,Equipment Vendor,0,13,0.337,0.457,0.662,0.144,0.267,0.538,1,19,2802.63,0.233,0
BW-00826,92386.28,810,115347.48,0.264,15,0,102,Medical,Equipment Vendor,Luxury Travel,0,12,0.548,0.602,0.68,0.147,0.012,0.253,4,9,9238.63,0.523,0
BW-00827,37902.87,636,109721.89,0.463,6,5,44,Equipment Purchase,Retail,Equipment Vendor,0,23,0.774,0.943,0.186,0.1,0.396,0.355,15,26,1403.81,0.364,0
BW-00828,37960.55,625,98694.48,0.175,9,4,15,Business Expansion,ATM Cash,Retail,0,4,0.674,0.71,0.252,0.017,0.31,0.064,16,30,1224.53,0.581,0
BW-00829,75062.62,763,89518.4,0.478,11,3,108,Equipment Purchase,Crypto Exchange,Retail,1,1,0.294,0.399,0.66,0.991,0.096,0.107,11,23,3127.61,0.497,1
BW-00830,47960.7,834,94681.57,0.602,16,1,105,Business Expansion,Retail,Luxury Travel,0,22,0.529,0.678,0.064,0.077,0.108,0.022,3,9,4796.07,0.686,0
BW-00831,26337.46,788,115394.69,0.435,6,5,51,Equipment Purchase,Crypto Exchange,Luxury Travel,1,22,0.84,1.0,0.261,0.77,0.131,0.255,12,18,1386.18,0.877,1
BW-00832,47981.75,714,30311.48,0.408,21,2,53,Business Expansion,Luxury Travel,Luxury Travel,0,18,0.068,0.385,0.359,0.028,0.288,0.593,12,26,1777.1,0.27,0
BW-00833,18381.42,636,69106.32,0.629,7,3,34,Medical,Crypto Exchange,Retail,0,29,0.078,0.255,0.15,0.478,0.274,0.524,11,14,1225.43,0.798,0
BW-00834,21756.76,690,107741.96,0.445,6,3,109,Education,Retail,Crypto Exchange,0,16,0.556,0.846,0.144,0.011,0.137,0.38,16,18,1145.09,0.907,0
BW-00835,52344.94,709,138332.41,0.243,3,0,77,Education,Equipment Vendor,Retail,0,10,0.639,0.866,0.34,0.076,0.347,0.517,29,29,1744.83,0.418,0
BW-00836,44797.92,595,56123.5,0.261,2,2,8,Debt Consolidation,Retail,Luxury Travel,0,15,0.211,0.347,0.604,0.133,0.445,0.357,21,27,1599.93,0.197,0
BW-00837,91910.36,661,112032.18,0.488,18,2,77,Business Expansion,Retail,Crypto Exchange,0,19,0.745,1.0,0.672,0.006,0.022,0.221,21,29,3063.68,0.799,0
BW-00838,39427.42,594,137168.95,0.504,14,4,100,Debt Consolidation,Luxury Travel,Crypto Exchange,0,17,0.646,0.919,0.783,0.032,0.209,0.104,13,13,2816.24,0.696,0
BW-00839,60155.89,796,96694.15,0.267,3,5,70,Debt Consolidation,Casino,Casino,0,19,0.923,1.0,0.059,0.714,0.297,0.392,12,16,3538.58,0.281,0
BW-00840,65065.11,653,34062.17,0.29,24,0,102,Business Expansion,Retail,Equipment Vendor,0,7,0.169,0.416,0.173,0.124,0.293,0.116,10,24,2602.6,0.478,0
BW-00841,6243.97,634,97390.22,0.645,8,4,96,Education,Luxury Travel,Luxury Travel,0,1,0.751,1.0,0.605,0.121,0.01,0.25,26,29,208.13,0.591,0
BW-00842,68036.05,683,74466.73,0.156,12,0,21,Business Expansion,Equipment Vendor,Equipment Vendor,0,16,0.084,0.238,0.432,0.118,0.105,0.495,11,20,3239.81,0.244,0
BW-00843,21913.42,657,169447.44,0.323,17,2,108,Medical,Luxury Travel,Casino,0,10,0.565,0.913,0.262,0.019,0.031,0.078,18,19,1095.67,0.708,0
BW-00844,96301.68,567,48692.01,0.134,20,0,108,Debt Consolidation,Luxury Travel,Equipment Vendor,0,13,0.552,0.617,0.164,0.06,0.284,0.077,5,11,8025.14,0.686,0
BW-00845,19122.96,643,127871.39,0.552,15,0,113,Debt Consolidation,Crypto Exchange,Luxury Travel,0,15,0.388,0.742,0.224,0.408,0.323,0.135,20,38,490.33,0.854,0
BW-00846,44389.29,699,37907.96,0.151,0,0,7,Business Expansion,Casino,Casino,0,14,0.845,0.982,0.343,0.947,0.08,0.331,13,18,2336.28,0.582,0
BW-00847,13108.22,795,96925.57,0.471,3,7,90,Debt Consolidation,Casino,Equipment Vendor,0,14,0.004,0.054,0.142,0.565,0.167,0.151,17,31,409.63,0.588,0
BW-00848,99703.05,838,113096.92,0.131,17,1,79,Education,ATM Cash,Retail,0,2,0.52,0.76,0.771,0.106,0.165,0.302,12,31,3115.72,0.626,0
BW-00849,52708.53,758,74693.24,0.47,7,1,56,Debt Consolidation,Equipment Vendor,Crypto Exchange,0,25,0.217,0.367,0.086,0.143,0.41,0.181,17,28,1817.54,0.333,0
BW-00850,61561.58,675,98261.35,0.564,19,5,49,Business Expansion,ATM Cash,Casino,0,6,0.743,1.0,0.788,0.067,0.097,0.304,1,11,5130.13,0.745,0
BW-00851,11372.27,784,54533.07,0.319,15,5,42,Education,Luxury Travel,Retail,0,28,0.043,0.215,0.674,0.021,0.274,0.167,8,10,1033.84,0.663,0
BW-00852,76246.24,671,75618.58,0.387,20,6,23,Education,Equipment Vendor,Luxury Travel,0,11,0.832,1.0,0.339,0.1,0.391,0.588,16,35,2117.95,0.813,0
BW-00853,24941.03,687,123165.95,0.321,10,2,52,Debt Consolidation,Equipment Vendor,Crypto Exchange,0,21,0.838,0.961,0.592,0.144,0.415,0.296,15,31,779.41,0.753,0
BW-00854,90315.16,664,75270.01,0.265,19,0,102,Business Expansion,Casino,Casino,0,21,0.833,0.917,0.537,0.807,0.333,0.446,19,25,3473.66,0.643,0
BW-00855,24488.27,711,164961.46,0.542,20,2,105,Debt Consolidation,Casino,Crypto Exchange,0,22,0.153,0.308,0.171,0.729,0.15,0.42,25,42,569.49,0.237,0
BW-00856,23115.33,750,124261.04,0.25,20,1,79,Medical,Casino,ATM Cash,0,23,0.63,0.873,0.271,0.565,0.412,0.294,10,26,856.12,0.881,0
BW-00857,8472.22,783,95797.35,0.498,20,7,112,Medical,Retail,ATM Cash,0,2,0.014,0.277,0.41,0.014,0.371,0.143,2,17,470.68,0.412,0
BW-00858,49846.36,577,35813.54,0.213,18,0,53,Education,Luxury Travel,Casino,0,18,0.848,1.0,0.51,0.025,0.352,0.306,25,26,1846.16,0.92,0
BW-00859,58659.91,560,104932.25,0.237,22,4,104,Debt Consolidation,Equipment Vendor,Casino,0,9,0.723,1.0,0.434,0.147,0.034,0.409,27,31,1833.12,0.442,0
BW-00860,11242.32,755,144716.44,0.285,18,1,16,Medical,Luxury Travel,Equipment Vendor,0,28,0.531,0.807,0.378,0.074,0.022,0.276,25,37,295.85,0.224,0
BW-00861,78675.12,716,69833.64,0.424,17,1,96,Equipment Purchase,Equipment Vendor,Crypto Exchange,0,7,0.731,1.0,0.355,0.002,0.348,0.049,4,14,5245.01,0.852,0
BW-00862,48062.44,796,151016.04,0.35,18,1,37,Medical,Equipment Vendor,ATM Cash,0,15,0.094,0.141,0.399,0.143,0.472,0.011,4,4,9612.49,0.776,0
BW-00863,54817.08,596,67771.01,0.51,10,6,18,Debt Consolidation,ATM Cash,ATM Cash,0,15,0.529,0.554,0.347,0.075,0.387,0.197,20,22,2383.35,0.768,0
BW-00864,46872.46,795,153561.96,0.217,2,0,20,Debt Consolidation,Equipment Vendor,Crypto Exchange,0,11,0.291,0.415,0.433,0.125,0.416,0.09,12,29,1562.42,0.176,0
BW-00865,43072.49,676,42790.25,0.106,7,5,46,Medical,Equipment Vendor,ATM Cash,0,28,0.973,1.0,0.71,0.082,0.272,0.544,17,20,2051.07,0.847,1
BW-00866,58165.83,696,159927.56,0.527,19,3,2,Debt Consolidation,Crypto Exchange,Retail,0,29,0.857,1.0,0.506,0.979,0.152,0.105,21,29,1938.86,0.607,0
BW-00867,19747.82,667,104877.97,0.552,18,4,119,Debt Consolidation,Crypto Exchange,ATM Cash,0,28,0.733,0.941,0.578,0.9,0.339,0.237,29,39,493.7,0.5,0
BW-00868,22283.17,701,74480.64,0.133,9,4,87,Equipment Purchase,ATM Cash,ATM Cash,1,22,0.934,1.0,0.478,0.15,0.356,0.427,22,38,571.36,0.876,1
BW-00869,86869.63,621,69766.99,0.436,15,2,94,Education,Retail,Luxury Travel,0,25,0.347,0.645,0.514,0.005,0.338,0.489,4,14,5791.31,0.666,0
BW-00870,94880.97,686,94801.58,0.308,4,0,63,Debt Consolidation,Casino,Retail,0,4,0.901,1.0,0.463,0.635,0.473,0.287,8,10,8625.54,0.213,0
BW-00871,40464.39,724,179857.42,0.537,19,5,3,Business Expansion,Equipment Vendor,Equipment Vendor,0,19,0.325,0.676,0.021,0.035,0.184,0.109,16,34,1156.13,0.542,0
BW-00872,30720.74,838,63049.11,0.581,8,1,46,Education,Luxury Travel,Casino,0,5,0.733,0.78,0.8,0.059,0.02,0.163,15,34,877.74,0.641,0
BW-00873,66179.96,568,45482.5,0.568,7,3,103,Education,Crypto Exchange,ATM Cash,0,24,0.736,0.871,0.027,0.909,0.454,0.251,14,24,2647.2,0.864,1
BW-00874,43829.75,744,117755.28,0.527,10,0,111,Business Expansion,Casino,Equipment Vendor,0,5,0.018,0.12,0.316,0.63,0.08,0.219,19,32,1328.17,0.338,0
BW-00875,7411.7,724,103281.37,0.248,15,0,49,Medical,Retail,Equipment Vendor,0,7,0.361,0.432,0.084,0.076,0.349,0.209,11,16,435.98,0.775,0
BW-00876,19834.5,690,108629.44,0.547,6,6,1,Equipment Purchase,Casino,Retail,1,16,0.019,0.237,0.078,0.563,0.437,0.079,25,43,450.78,0.78,1
BW-00877,73017.36,795,130040.31,0.393,14,5,105,Debt Consolidation,Equipment Vendor,Casino,0,11,0.997,1.0,0.635,0.123,0.155,0.548,13,27,2607.76,0.209,1
BW-00878,67597.77,642,70071.61,0.129,23,3,22,Medical,Casino,Luxury Travel,0,29,0.122,0.213,0.341,0.437,0.415,0.018,23,33,1988.17,0.115,0
BW-00879,7574.12,788,166599.75,0.351,20,1,93,Business Expansion,Equipment Vendor,Equipment Vendor,0,21,0.543,0.828,0.641,0.013,0.166,0.264,8,25,291.31,0.594,0
BW-00880,26087.36,754,95350.81,0.618,19,0,14,Equipment Purchase,ATM Cash,Luxury Travel,1,29,0.791,1.0,0.218,0.003,0.397,0.588,23,26,966.2,0.771,0
BW-00881,26952.11,597,49362.93,0.588,22,4,112,Equipment Purchase,Crypto Exchange,Casino,1,13,0.201,0.209,0.205,0.764,0.035,0.396,9,27,962.58,0.571,1
BW-00882,68829.81,794,141344.81,0.156,16,7,92,Equipment Purchase,Crypto Exchange,Casino,1,1,0.485,0.643,0.201,0.728,0.328,0.213,2,4,13765.96,0.791,1
BW-00883,6872.5,844,126465.65,0.509,5,4,85,Business Expansion,Equipment Vendor,Retail,0,18,0.607,0.963,0.493,0.131,0.339,0.088,20,31,214.77,0.629,0
BW-00884,14890.32,677,77361.51,0.543,14,3,45,Medical,Luxury Travel,Crypto Exchange,0,5,0.16,0.368,0.652,0.075,0.246,0.578,2,5,2481.72,0.655,0
BW-00885,80992.03,831,123227.81,0.249,7,7,96,Debt Consolidation,Crypto Exchange,ATM Cash,0,17,0.779,0.918,0.362,0.863,0.344,0.008,8,19,4049.6,0.124,0
BW-00886,21961.74,566,62979.29,0.359,6,1,6,Equipment Purchase,Luxury Travel,Retail,1,3,0.299,0.4,0.303,0.121,0.462,0.409,18,18,1155.88,0.175,0
BW-00887,67010.88,620,96725.9,0.491,1,3,118,Equipment Purchase,Equipment Vendor,Luxury Travel,0,21,0.211,0.308,0.779,0.044,0.367,0.528,24,39,1675.27,0.716,0
BW-00888,27627.36,818,164911.88,0.341,12,0,65,Medical,ATM Cash,Retail,0,4,0.558,0.598,0.093,0.14,0.481,0.015,22,23,1151.14,0.748,0
BW-00889,14446.93,831,50030.13,0.162,22,6,21,Equipment Purchase,Equipment Vendor,Casino,0,5,0.41,0.737,0.389,0.038,0.224,0.435,7,9,1444.69,0.561,0
BW-00890,28101.36,556,88004.47,0.488,5,6,4,Equipment Purchase,ATM Cash,Equipment Vendor,1,14,0.92,0.955,0.327,0.025,0.264,0.599,11,26,1040.79,0.602,1
BW-00891,73615.36,652,153171.36,0.601,4,4,3,Business Expansion,Crypto Exchange,ATM Cash,0,5,0.88,0.997,0.079,0.652,0.132,0.384,29,38,1887.57,0.622,1
BW-00892,86291.16,742,175423.63,0.459,19,6,113,Education,Luxury Travel,ATM Cash,0,7,0.483,0.501,0.215,0.008,0.493,0.249,22,30,2783.59,0.189,0
BW-00893,83870.89,790,98088.92,0.526,0,2,30,Medical,Equipment Vendor,Crypto Exchange,0,8,0.359,0.672,0.023,0.005,0.028,0.525,28,41,1996.93,0.668,0
BW-00894,42732.44,611,106049.94,0.297,17,3,31,Medical,Crypto Exchange,Casino,0,20,0.326,0.342,0.702,0.832,0.179,0.333,25,32,1294.92,0.507,0
BW-00895,68468.09,566,115825.79,0.201,14,6,34,Medical,ATM Cash,ATM Cash,0,21,0.268,0.391,0.486,0.032,0.149,0.45,20,21,3112.19,0.612,0
BW-00896,24473.51,720,169852.22,0.454,22,2,83,Business Expansion,Equipment Vendor,ATM Cash,0,5,0.545,0.774,0.652,0.001,0.193,0.353,1,11,2039.46,0.579,0
BW-00897,32849.03,574,158731.02,0.28,9,2,20,Business Expansion,ATM Cash,Equipment Vendor,0,21,0.805,0.969,0.417,0.044,0.459,0.023,25,26,1216.63,0.749,0
BW-00898,90151.9,800,55590.17,0.573,2,5,87,Debt Consolidation,Casino,Luxury Travel,0,1,0.311,0.424,0.48,0.712,0.184,0.128,16,30,2908.13,0.371,0
BW-00899,6235.18,802,95513.67,0.167,4,4,54,Business Expansion,ATM Cash,Luxury Travel,0,15,0.19,0.3,0.561,0.059,0.458,0.047,16,33,183.39,0.417,0
BW-00900,13123.31,756,99600.06,0.338,23,3,104,Medical,Casino,Luxury Travel,0,19,0.475,0.794,0.726,0.465,0.212,0.064,29,33,385.98,0.433,0
BW-00901,24749.19,578,148364.42,0.318,12,2,25,Debt Consolidation,Crypto Exchange,Retail,0,0,0.069,0.459,0.073,0.574,0.427,0.009,10,16,1455.83,0.748,0
BW-00902,7520.56,666,120433.93,0.616,7,0,15,Education,Equipment Vendor,Luxury Travel,0,29,0.701,0.84,0.265,0.107,0.261,0.253,24,42,174.9,0.466,0
BW-00903,22236.37,831,128133.07,0.184,21,6,38,Equipment Purchase,Crypto Exchange,Luxury Travel,1,27,0.518,0.534,0.567,0.753,0.156,0.107,17,35,617.68,0.251,1
BW-00904,60388.95,693,179729.99,0.105,20,5,23,Equipment Purchase,Retail,Retail,0,15,0.496,0.511,0.767,0.059,0.225,0.513,29,44,1341.98,0.936,0
BW-00905,45035.33,574,41244.01,0.231,1,1,52,Debt Consolidation,ATM Cash,Equipment Vendor,0,0,0.3,0.604,0.785,0.021,0.212,0.45,10,28,1552.94,0.519,0
BW-00906,89803.81,705,63451.47,0.551,8,6,66,Education,Crypto Exchange,Casino,0,0,0.905,1.0,0.51,0.736,0.13,0.344,6,22,3904.51,0.193,0
BW-00907,82657.14,622,91184.39,0.215,16,6,57,Equipment Purchase,Crypto Exchange,ATM Cash,1,6,0.09,0.403,0.155,0.584,0.145,0.293,14,26,3061.38,0.67,1
BW-00908,37472.65,669,82167.36,0.232,17,6,57,Debt Consolidation,Casino,Crypto Exchange,0,15,0.87,1.0,0.095,0.458,0.093,0.154,26,33,1102.14,0.728,1
BW-00909,29645.23,642,33246.83,0.171,12,5,79,Business Expansion,ATM Cash,ATM Cash,0,16,0.377,0.74,0.757,0.029,0.168,0.285,28,38,760.13,0.525,0
BW-00910,41070.78,635,43766.64,0.493,0,1,52,Medical,Casino,Luxury Travel,0,15,0.881,1.0,0.347,0.76,0.312,0.385,28,45,892.84,0.649,0
BW-00911,61078.02,667,132142.99,0.138,11,4,108,Education,Equipment Vendor,Luxury Travel,0,15,0.729,1.0,0.156,0.142,0.193,0.469,15,25,2349.15,0.247,0
BW-00912,30466.05,782,161898.67,0.282,19,3,35,Equipment Purchase,Crypto Exchange,ATM Cash,1,5,0.104,0.294,0.747,0.678,0.356,0.049,4,12,2343.54,0.413,1
BW-00913,64294.15,748,107134.05,0.255,19,3,74,Medical,ATM Cash,ATM Cash,0,17,0.832,0.955,0.084,0.047,0.493,0.425,27,40,1568.15,0.238,0
BW-00914,43894.11,755,110878.66,0.405,20,1,14,Debt Consolidation,Crypto Exchange,Luxury Travel,0,21,0.682,0.885,0.584,0.751,0.189,0.446,2,3,10973.53,0.429,0
BW-00915,57444.48,696,68264.01,0.502,4,7,91,Equipment Purchase,Equipment Vendor,Retail,0,21,0.032,0.233,0.5,0.134,0.231,0.335,19,35,1595.68,0.578,0
BW-00916,46432.02,820,145181.45,0.393,7,6,118,Medical,Luxury Travel,Retail,0,27,0.134,0.378,0.07,0.027,0.082,0.129,28,43,1055.27,0.476,0
BW-00917,32974.25,688,142769.19,0.612,14,0,14,Business Expansion,Equipment Vendor,Retail,0,26,0.636,0.71,0.271,0.08,0.196,0.324,13,17,1831.9,0.604,0
BW-00918,95103.06,730,118254.85,0.623,2,1,99,Education,Casino,Crypto Exchange,0,2,0.663,0.925,0.12,0.483,0.363,0.302,12,12,7315.62,0.526,0
BW-00919,77542.55,579,61899.64,0.299,5,1,33,Debt Consolidation,Casino,Casino,0,7,0.747,0.93,0.484,0.453,0.109,0.285,25,33,2280.66,0.37,0
BW-00920,18310.75,606,44552.73,0.528,12,3,52,Equipment Purchase,Crypto Exchange,Luxury Travel,1,26,0.72,0.968,0.382,0.832,0.091,0.276,21,23,762.95,0.222,1
BW-00921,87504.46,781,39635.79,0.506,11,2,1,Business Expansion,Casino,Equipment Vendor,0,3,0.66,0.756,0.003,0.822,0.188,0.066,23,36,2364.99,0.315,0
BW-00922,51305.96,695,118904.41,0.591,18,0,34,Education,ATM Cash,ATM Cash,0,28,0.766,0.94,0.781,0.135,0.409,0.11,13,30,1655.03,0.271,0
BW-00923,89982.46,597,153755.3,0.346,17,3,19,Education,Equipment Vendor,ATM Cash,0,22,0.575,0.659,0.28,0.078,0.312,0.058,15,26,3332.68,0.701,0
BW-00924,80986.25,743,158749.56,0.392,23,5,24,Business Expansion,Crypto Exchange,Luxury Travel,0,3,0.261,0.611,0.207,0.609,0.479,0.145,2,15,5061.64,0.797,0
BW-00925,45395.28,773,99543.31,0.329,0,1,106,Equipment Purchase,Equipment Vendor,Luxury Travel,0,16,0.912,1.0,0.178,0.083,0.452,0.158,8,23,1891.47,0.712,0
BW-00926,7134.58,685,147640.69,0.568,24,7,4,Education,Equipment Vendor,Luxury Travel,0,21,0.018,0.108,0.127,0.142,0.076,0.147,3,7,891.82,0.647,0
BW-00927,30524.35,571,172032.03,0.226,6,2,36,Debt Consolidation,Crypto Exchange,ATM Cash,0,4,0.367,0.383,0.799,0.988,0.021,0.127,1,20,1453.54,0.362,1
BW-00928,56455.25,555,71275.52,0.232,11,0,77,Medical,Luxury Travel,Luxury Travel,0,24,0.729,0.999,0.236,0.072,0.2,0.441,29,48,1152.15,0.704,0
BW-00929,65180.43,753,89694.05,0.305,9,4,58,Debt Consolidation,Casino,ATM Cash,0,13,0.427,0.513,0.324,0.974,0.261,0.491,24,38,1671.29,0.614,0
BW-00930,29499.33,788,169721.85,0.227,11,0,32,Education,Retail,Casino,0,29,0.025,0.421,0.697,0.09,0.258,0.196,11,19,1474.97,0.14,0
BW-00931,18238.83,734,80734.65,0.409,10,0,9,Medical,Retail,Equipment Vendor,0,14,0.066,0.279,0.514,0.101,0.067,0.183,27,43,414.52,0.871,0
BW-00932,84318.37,841,167081.44,0.174,3,6,103,Business Expansion,Retail,Retail,0,24,0.649,0.765,0.295,0.075,0.062,0.506,9,20,4015.16,0.168,0
BW-00933,98518.21,769,177156.73,0.276,18,1,80,Medical,Casino,Equipment Vendor,0,11,0.965,1.0,0.719,0.89,0.023,0.374,24,36,2662.65,0.527,1
BW-00934,54940.57,665,129271.61,0.602,5,1,114,Medical,Luxury Travel,Luxury Travel,0,26,0.552,0.662,0.6,0.027,0.425,0.176,17,26,2034.84,0.536,0
BW-00935,21309.53,598,152533.54,0.325,24,4,67,Medical,Equipment Vendor,Equipment Vendor,0,12,0.507,0.835,0.182,0.05,0.474,0.428,28,34,608.84,0.811,0
BW-00936,30869.2,722,142431.83,0.512,8,4,116,Education,Crypto Exchange,Luxury Travel,0,23,0.318,0.441,0.515,0.442,0.058,0.207,7,13,2204.94,0.876,0
BW-00937,6747.11,631,134930.14,0.162,19,4,20,Equipment Purchase,Luxury Travel,Equipment Vendor,1,22,0.257,0.652,0.738,0.037,0.107,0.352,23,30,217.65,0.899,1
BW-00938,91858.39,594,76039.66,0.236,9,3,74,Education,Retail,Crypto Exchange,0,29,0.021,0.263,0.397,0.066,0.045,0.596,4,18,4834.65,0.584,0
BW-00939,16186.35,569,38564.15,0.544,4,3,62,Equipment Purchase,ATM Cash,Equipment Vendor,1,17,0.273,0.611,0.587,0.145,0.439,0.181,29,46,344.39,0.677,0
BW-00940,59769.07,770,81457.76,0.52,12,1,58,Business Expansion,Casino,Retail,0,13,0.449,0.478,0.777,0.681,0.479,0.558,29,29,1992.3,0.175,0
BW-00941,31035.25,672,130040.4,0.312,8,1,22,Business Expansion,Casino,Retail,0,23,0.198,0.337,0.552,0.441,0.131,0.192,13,22,1349.36,0.515,0
BW-00942,57646.91,783,45379.38,0.625,1,4,112,Business Expansion,Crypto Exchange,Equipment Vendor,0,18,0.087,0.382,0.082,0.526,0.152,0.324,28,46,1226.53,0.863,0
BW-00943,66884.94,770,31787.7,0.601,17,3,67,Business Expansion,ATM Cash,ATM Cash,0,21,0.718,0.98,0.196,0.109,0.181,0.276,24,26,2477.22,0.487,0
BW-00944,83825.47,552,50953.86,0.629,20,2,75,Business Expansion,Equipment Vendor,ATM Cash,0,25,0.895,0.973,0.476,0.089,0.251,0.47,5,11,6985.46,0.159,0
BW-00945,24610.02,731,137360.39,0.335,0,3,89,Debt Consolidation,Luxury Travel,ATM Cash,0,6,0.937,1.0,0.22,0.021,0.341,0.037,29,32,745.76,0.271,0
BW-00946,6044.6,755,175919.06,0.209,23,1,106,Education,ATM Cash,Equipment Vendor,0,27,0.618,0.723,0.766,0.078,0.252,0.376,12,16,355.56,0.465,0
BW-00947,18004.13,589,177459.7,0.445,20,3,48,Equipment Purchase,Luxury Travel,ATM Cash,1,5,0.053,0.298,0.324,0.038,0.476,0.456,20,25,692.47,0.302,0
BW-00948,90501.77,608,104096.87,0.477,11,1,8,Business Expansion,Luxury Travel,Casino,0,4,0.741,0.879,0.366,0.15,0.05,0.283,29,38,2320.56,0.433,0
BW-00949,88019.56,611,160402.85,0.169,9,4,73,Debt Consolidation,Equipment Vendor,Equipment Vendor,0,3,0.11,0.234,0.561,0.04,0.399,0.063,5,16,5177.62,0.383,0
BW-00950,61754.24,681,140523.97,0.533,1,6,15,Debt Consolidation,Equipment Vendor,Retail,0,17,0.67,0.753,0.419,0.035,0.167,0.147,11,24,2470.17,0.371,0
BW-00951,62049.1,609,105156.04,0.11,8,4,32,Debt Consolidation,Equipment Vendor,ATM Cash,0,24,0.779,0.943,0.306,0.094,0.189,0.408,2,3,15512.28,0.177,0
BW-00952,68178.48,671,115914.08,0.366,1,4,53,Education,Crypto Exchange,Crypto Exchange,0,13,0.726,0.804,0.061,0.462,0.354,0.537,4,6,9739.78,0.85,0
BW-00953,21660.27,656,50584.07,0.282,22,2,67,Business Expansion,Casino,ATM Cash,0,15,0.952,1.0,0.477,0.473,0.465,0.253,10,10,1969.12,0.689,0
BW-00954,91869.13,645,170649.22,0.507,23,6,4,Debt Consolidation,Retail,Retail,0,22,0.738,0.8,0.694,0.019,0.358,0.336,24,26,3402.56,0.63,0
BW-00955,44783.2,784,82789.47,0.272,21,2,30,Debt Consolidation,Equipment Vendor,Casino,0,22,0.693,1.0,0.549,0.122,0.388,0.137,7,21,2035.6,0.615,0
BW-00956,41398.16,611,96922.39,0.555,13,1,13,Business Expansion,Casino,Equipment Vendor,0,19,0.262,0.433,0.305,0.55,0.375,0.247,12,27,1478.51,0.437,0
BW-00957,54297.18,805,130749.03,0.427,10,0,108,Education,Equipment Vendor,ATM Cash,0,13,0.925,1.0,0.102,0.022,0.16,0.202,8,27,1939.18,0.8,0
BW-00958,9461.77,598,80085.37,0.537,22,5,21,Debt Consolidation,Retail,Crypto Exchange,0,4,0.18,0.273,0.653,0.07,0.378,0.393,23,24,378.47,0.891,0
BW-00959,20796.92,708,68138.87,0.644,10,2,41,Equipment Purchase,ATM Cash,Retail,1,21,0.905,1.0,0.753,0.038,0.392,0.591,23,42,483.65,0.105,1
BW-00960,75113.19,673,124657.41,0.474,16,1,110,Medical,Equipment Vendor,Crypto Exchange,0,27,0.313,0.587,0.311,0.034,0.267,0.488,27,42,1746.82,0.167,0
BW-00961,12865.87,756,33747.61,0.642,3,6,19,Medical,Casino,Luxury Travel,0,10,0.13,0.317,0.583,0.449,0.268,0.115,23,37,338.58,0.674,0
BW-00962,62299.45,597,138108.77,0.116,12,3,103,Medical,Crypto Exchange,Retail,0,11,0.827,0.849,0.329,0.604,0.38,0.347,16,22,2708.67,0.301,0
BW-00963,28308.17,685,107103.51,0.286,6,6,48,Education,ATM Cash,Luxury Travel,0,17,0.002,0.369,0.402,0.007,0.409,0.04,2,6,4044.02,0.875,0
BW-00964,41983.08,750,120863.06,0.159,15,4,86,Debt Consolidation,ATM Cash,Crypto Exchange,0,3,0.832,1.0,0.669,0.146,0.169,0.148,3,7,5247.88,0.667,0
BW-00965,32425.9,799,124782.02,0.244,0,4,63,Medical,ATM Cash,Equipment Vendor,0,12,0.262,0.434,0.067,0.119,0.401,0.103,17,25,1247.15,0.413,0
BW-00966,38788.91,844,109057.52,0.561,12,4,20,Medical,Retail,Equipment Vendor,0,19,0.885,1.0,0.424,0.038,0.407,0.201,15,28,1337.55,0.453,0
BW-00967,73309.36,758,117380.07,0.118,0,1,64,Business Expansion,Casino,Equipment Vendor,0,27,0.691,0.871,0.172,0.796,0.117,0.407,18,36,1981.33,0.687,0
BW-00968,33226.56,760,132568.23,0.386,10,4,37,Debt Consolidation,Luxury Travel,Luxury Travel,0,12,0.666,0.795,0.272,0.129,0.358,0.3,10,27,1186.66,0.22,0
BW-00969,58808.44,741,142967.83,0.412,5,2,31,Debt Consolidation,Luxury Travel,Equipment Vendor,0,3,0.365,0.396,0.516,0.054,0.093,0.56,22,30,1897.05,0.851,0
BW-00970,50224.79,593,139117.86,0.409,19,3,74,Business Expansion,Luxury Travel,Casino,0,22,0.059,0.241,0.022,0.085,0.047,0.128,2,4,10044.96,0.104,0
BW-00971,68048.76,578,160442.47,0.361,2,4,18,Debt Consolidation,Crypto Exchange,Retail,0,28,0.83,1.0,0.475,0.892,0.287,0.219,17,27,2430.31,0.932,1
BW-00972,93998.83,608,58416.51,0.535,11,1,107,Equipment Purchase,Equipment Vendor,Retail,0,22,0.171,0.178,0.227,0.06,0.454,0.198,16,30,3032.22,0.242,0
BW-00973,74594.35,620,90172.2,0.173,4,3,103,Education,Equipment Vendor,Crypto Exchange,0,6,0.372,0.605,0.536,0.096,0.018,0.142,24,27,2664.08,0.731,0
BW-00974,25419.34,641,172169.41,0.271,8,4,110,Business Expansion,Equipment Vendor,ATM Cash,0,22,0.6,0.952,0.113,0.071,0.413,0.596,25,29,847.31,0.134,0
BW-00975,7962.4,814,89488.59,0.439,11,0,20,Medical,Crypto Exchange,Luxury Travel,0,1,0.482,0.569,0.589,0.514,0.253,0.232,7,24,318.5,0.467,0
BW-00976,29915.08,769,48730.51,0.48,9,7,82,Debt Consolidation,Luxury Travel,Retail,0,20,0.199,0.272,0.517,0.122,0.43,0.564,19,30,965.0,0.636,0
BW-00977,61532.4,764,108816.77,0.322,18,4,11,Equipment Purchase,ATM Cash,Luxury Travel,1,25,0.141,0.45,0.777,0.017,0.422,0.234,16,16,3619.55,0.16,1
BW-00978,9885.45,826,46423.65,0.581,4,5,86,Equipment Purchase,Equipment Vendor,Crypto Exchange,0,17,0.123,0.225,0.729,0.07,0.438,0.122,1,20,470.74,0.477,0
BW-00979,52154.79,613,60427.99,0.329,4,6,44,Education,ATM Cash,Equipment Vendor,0,20,0.863,0.94,0.227,0.087,0.384,0.072,4,5,8692.46,0.358,0
BW-00980,61700.07,841,179747.81,0.322,8,2,82,Equipment Purchase,ATM Cash,ATM Cash,1,27,0.032,0.183,0.022,0.106,0.421,0.513,13,21,2804.55,0.524,0
BW-00981,36753.17,794,111204.4,0.12,19,3,64,Debt Consolidation,Crypto Exchange,Crypto Exchange,0,5,0.977,1.0,0.524,0.594,0.088,0.019,10,27,1312.61,0.529,1
BW-00982,78236.66,611,72608.76,0.403,16,2,34,Debt Consolidation,Crypto Exchange,Casino,0,15,0.199,0.549,0.482,0.546,0.152,0.579,11,15,4889.79,0.767,0
BW-00983,15126.83,719,179216.24,0.49,9,0,87,Equipment Purchase,Casino,Equipment Vendor,1,2,0.11,0.357,0.022,0.843,0.121,0.251,19,32,458.39,0.205,1
BW-00984,12138.09,818,174983.84,0.163,20,0,65,Debt Consolidation,Equipment Vendor,Equipment Vendor,0,21,0.577,0.739,0.098,0.098,0.371,0.148,15,25,466.85,0.17,0
BW-00985,74177.93,816,96110.86,0.268,0,5,55,Debt Consolidation,Luxury Travel,Equipment Vendor,0,14,0.08,0.294,0.468,0.124,0.077,0.37,11,13,5298.42,0.442,0
BW-00986,52071.68,603,69060.47,0.53,21,2,74,Medical,Retail,Crypto Exchange,0,20,0.602,0.984,0.729,0.133,0.091,0.08,3,11,4339.31,0.854,0
BW-00987,70398.23,565,155759.95,0.301,15,3,117,Business Expansion,Crypto Exchange,Casino,0,19,0.851,0.896,0.725,0.813,0.439,0.043,2,3,17599.56,0.827,1
BW-00988,46308.6,557,137343.11,0.233,14,0,1,Debt Consolidation,ATM Cash,ATM Cash,0,9,0.048,0.131,0.121,0.047,0.353,0.497,11,24,1852.34,0.576,0
BW-00989,28408.19,653,133041.22,0.47,22,7,38,Debt Consolidation,Casino,Luxury Travel,0,8,0.8,1.0,0.308,0.656,0.438,0.255,10,11,2367.35,0.855,0
BW-00990,82814.72,608,163967.06,0.208,16,0,103,Education,Retail,Crypto Exchange,0,10,0.394,0.777,0.035,0.052,0.07,0.311,3,12,6370.36,0.785,0
BW-00991,80944.51,589,133412.57,0.593,19,4,113,Business Expansion,Crypto Exchange,Retail,0,13,0.159,0.23,0.375,0.527,0.199,0.106,27,45,1759.66,0.336,0
BW-00992,70996.16,786,72569.69,0.158,24,5,9,Business Expansion,Casino,Retail,0,23,0.176,0.234,0.602,0.681,0.142,0.037,5,6,10142.31,0.245,0
BW-00993,30853.79,643,134079.47,0.489,12,6,95,Business Expansion,ATM Cash,Crypto Exchange,0,11,0.919,1.0,0.632,0.143,0.005,0.221,15,30,995.28,0.356,0
BW-00994,61071.91,771,75872.03,0.375,0,1,71,Equipment Purchase,Equipment Vendor,Luxury Travel,0,6,0.111,0.131,0.399,0.135,0.142,0.304,4,9,6107.19,0.293,0
BW-00995,39292.52,753,143885.85,0.578,24,6,17,Medical,Casino,Retail,0,10,0.867,1.0,0.077,0.765,0.19,0.459,17,28,1354.91,0.629,0
BW-00996,13700.3,687,122962.18,0.169,7,7,99,Medical,Crypto Exchange,Luxury Travel,0,16,0.544,0.575,0.305,0.728,0.046,0.301,1,7,1712.54,0.597,0
BW-00997,92144.79,849,41611.73,0.473,4,6,112,Education,Equipment Vendor,Equipment Vendor,0,24,0.039,0.062,0.746,0.118,0.283,0.47,1,4,18428.96,0.609,0
BW-00998,17997.77,756,106925.3,0.415,5,7,101,Business Expansion,ATM Cash,Crypto Exchange,0,8,0.464,0.658,0.184,0.037,0.192,0.069,12,19,899.89,0.261,0
BW-00999,95272.55,630,81495.15,0.364,22,0,52,Business Expansion,Luxury Travel,Equipment Vendor,0,21,0.817,1.0,0.256,0.079,0.023,0.038,10,28,3285.26,0.773,0
BW-01000,47370.55,767,79285.59,0.37,19,3,18,Debt Consolidation,Casino,Retail,0,22,0.726,0.897,0.597,0.868,0.352,0.095,9,18,2493.19,0.469,0
BW-01001,22587.63,551,120338.45,0.497,13,3,63,Equipment Purchase,Retail,Luxury Travel,0,12,0.489,0.632,0.587,0.029,0.365,0.463,9,9,2258.76,0.502,0
BW-01002,56480.59,727,78348.72,0.616,21,4,33,Equipment Purchase,ATM Cash,Equipment Vendor,1,15,0.86,1.0,0.73,0.092,0.417,0.456,25,29,1882.69,0.947,1
BW-01003,87929.85,828,146534.06,0.15,22,7,4,Education,Equipment Vendor,Retail,0,2,0.12,0.333,0.31,0.149,0.243,0.085,26,31,2747.81,0.34,0
BW-01004,74561.36,695,40618.72,0.111,10,3,87,Medical,ATM Cash,Casino,0,4,0.91,1.0,0.412,0.055,0.484,0.019,20,38,1911.83,0.435,0
BW-01005,81623.31,773,129058.24,0.543,5,4,75,Business Expansion,Equipment Vendor,Equipment Vendor,0,22,0.846,1.0,0.374,0.083,0.457,0.411,20,37,2147.98,0.675,0
BW-01006,67584.42,611,151379.22,0.159,10,0,52,Education,ATM Cash,Casino,0,16,0.708,0.786,0.742,0.049,0.276,0.513,14,32,2048.01,0.848,0
BW-01007,70766.27,843,130924.75,0.643,12,0,9,Equipment Purchase,Luxury Travel,Casino,1,27,0.818,1.0,0.615,0.132,0.222,0.452,26,44,1572.58,0.208,1
BW-01008,85673.59,788,104584.38,0.441,11,6,64,Equipment Purchase,Casino,ATM Cash,1,0,0.544,0.72,0.665,0.775,0.002,0.122,23,23,3569.73,0.725,1
BW-01009,28718.46,744,172546.05,0.458,21,0,30,Equipment Purchase,Retail,Retail,0,20,0.675,0.783,0.106,0.027,0.355,0.35,29,48,586.09,0.881,0
BW-01010,51495.37,715,74990.77,0.209,1,0,8,Business Expansion,Luxury Travel,Crypto Exchange,0,8,0.561,0.625,0.633,0.135,0.282,0.454,19,29,1716.51,0.459,0
BW-01011,26014.9,771,32875.18,0.232,20,7,104,Business Expansion,Casino,Luxury Travel,0,22,0.355,0.479,0.346,0.576,0.469,0.153,10,12,2001.15,0.344,0
BW-01012,98828.46,610,94798.41,0.463,2,1,5,Business Expansion,Retail,Retail,0,16,0.569,0.772,0.019,0.014,0.297,0.317,3,12,7602.19,0.676,0
BW-01013,94685.64,678,34951.79,0.6,22,5,76,Debt Consolidation,ATM Cash,ATM Cash,0,28,0.257,0.28,0.048,0.098,0.496,0.189,20,26,3506.88,0.309,0
BW-01014,8745.55,722,173090.51,0.64,3,6,63,Medical,Retail,ATM Cash,0,12,0.44,0.501,0.542,0.058,0.427,0.135,27,43,198.76,0.427,0
BW-01015,72029.64,705,61487.71,0.209,16,6,1,Equipment Purchase,Crypto Exchange,Equipment Vendor,1,14,0.281,0.66,0.298,0.509,0.477,0.582,22,37,1895.52,0.862,1
BW-01016,92898.59,659,148339.05,0.174,21,5,15,Equipment Purchase,Retail,Luxury Travel,0,27,0.123,0.34,0.694,0.098,0.164,0.548,17,23,3870.77,0.602,0
BW-01017,22154.66,818,146185.81,0.131,5,1,89,Debt Consolidation,Casino,ATM Cash,0,20,0.322,0.347,0.587,0.418,0.075,0.267,27,39,553.87,0.181,0
BW-01018,58954.8,827,62659.33,0.578,6,0,82,Equipment Purchase,Luxury Travel,Crypto Exchange,1,7,0.852,1.0,0.017,0.044,0.398,0.082,3,14,3930.32,0.38,1
BW-01019,91971.39,623,123183.98,0.262,14,3,38,Equipment Purchase,Luxury Travel,Retail,1,7,0.381,0.406,0.55,0.069,0.393,0.437,12,23,3832.14,0.633,0
BW-01020,8224.87,756,37211.85,0.101,10,4,42,Business Expansion,Crypto Exchange,Crypto Exchange,0,27,0.748,1.0,0.154,0.674,0.106,0.153,15,22,357.6,0.509,0
BW-01021,71254.93,828,102536.19,0.223,23,6,46,Business Expansion,Casino,Equipment Vendor,0,1,0.175,0.475,0.338,0.49,0.382,0.101,5,12,5481.15,0.661,0
BW-01022,33248.16,753,32197.07,0.287,2,5,53,Medical,Retail,Retail,0,22,0.424,0.684,0.5,0.013,0.291,0.229,27,39,831.2,0.747,0
BW-01023,92817.64,710,168171.58,0.645,5,2,26,Equipment Purchase,Crypto Exchange,Equipment Vendor,1,9,0.115,0.408,0.698,0.519,0.055,0.318,15,25,3569.91,0.509,1
BW-01024,97250.53,577,176412.9,0.388,1,4,61,Education,ATM Cash,Luxury Travel,0,4,0.139,0.174,0.365,0.137,0.251,0.058,20,20,4630.98,0.939,0
BW-01025,94705.32,806,63342.41,0.213,13,2,104,Equipment Purchase,Equipment Vendor,Luxury Travel,0,15,0.617,0.908,0.647,0.023,0.466,0.343,24,40,2309.89,0.877,0
BW-01026,50050.35,714,61215.91,0.284,8,2,67,Equipment Purchase,ATM Cash,Crypto Exchange,1,24,0.607,0.662,0.626,0.037,0.253,0.009,16,34,1430.01,0.151,1
BW-01027,86894.05,612,143058.03,0.282,17,7,54,Medical,Casino,Crypto Exchange,0,18,0.213,0.349,0.332,0.962,0.394,0.535,9,21,3949.73,0.326,0
BW-01028,85232.19,571,68006.91,0.111,18,6,22,Education,Crypto Exchange,Luxury Travel,0,0,0.474,0.851,0.401,0.738,0.014,0.552,8,22,3705.75,0.355,0
BW-01029,35314.54,619,164261.48,0.174,11,0,26,Equipment Purchase,Luxury Travel,Casino,1,12,0.863,1.0,0.56,0.045,0.364,0.44,11,22,1535.41,0.257,1
BW-01030,83746.97,645,116089.37,0.482,12,7,83,Education,Crypto Exchange,Luxury Travel,0,3,0.174,0.561,0.025,0.856,0.473,0.28,27,43,1903.34,0.365,0
BW-01031,8515.73,712,82616.64,0.166,11,2,108,Business Expansion,Equipment Vendor,Retail,0,6,0.019,0.055,0.713,0.076,0.25,0.153,9,11,709.64,0.461,0
BW-01032,61645.64,628,154904.06,0.227,11,0,108,Business Expansion,Casino,Equipment Vendor,0,0,0.652,0.843,0.616,0.698,0.169,0.446,16,22,2680.25,0.144,0
BW-01033,26850.84,554,104011.01,0.293,17,1,111,Education,Crypto Exchange,Luxury Travel,0,1,0.053,0.078,0.2,0.401,0.323,0.559,14,15,1678.18,0.208,0
BW-01034,16453.85,669,166744.94,0.517,8,3,60,Equipment Purchase,ATM Cash,Luxury Travel,1,15,0.98,1.0,0.785,0.146,0.458,0.095,15,16,967.87,0.182,1
BW-01035,12310.55,727,169202.14,0.42,16,2,39,Education,Retail,ATM Cash,0,13,0.61,0.641,0.144,0.066,0.088,0.279,14,19,615.53,0.139,0
BW-01036,71147.43,725,54813.02,0.479,20,6,36,Education,ATM Cash,Equipment Vendor,0,4,0.47,0.54,0.731,0.143,0.202,0.189,24,27,2540.98,0.509,0
BW-01037,37288.12,766,30348.51,0.412,15,3,21,Business Expansion,Casino,ATM Cash,0,24,0.43,0.534,0.26,0.667,0.078,0.214,10,25,1434.16,0.384,0
BW-01038,73852.84,605,177589.64,0.476,16,0,41,Education,Crypto Exchange,Equipment Vendor,0,13,0.573,0.872,0.611,0.841,0.248,0.243,13,27,2637.6,0.895,0
BW-01039,11208.85,736,165920.63,0.102,20,2,118,Debt Consolidation,ATM Cash,Retail,0,16,0.091,0.157,0.365,0.121,0.27,0.571,1,10,1018.99,0.187,0
BW-01040,34952.58,781,38316.79,0.612,23,4,48,Debt Consolidation,Crypto Exchange,Equipment Vendor,0,11,0.93,1.0,0.589,0.624,0.472,0.155,23,36,944.66,0.887,1
BW-01041,56251.67,804,154955.14,0.161,7,7,26,Business Expansion,ATM Cash,Crypto Exchange,0,19,0.626,0.679,0.125,0.093,0.206,0.296,9,17,3125.09,0.174,0
BW-01042,80118.7,653,98670.74,0.323,10,6,63,Equipment Purchase,Casino,Luxury Travel,1,11,0.184,0.198,0.216,0.911,0.283,0.571,17,31,2503.71,0.626,1
BW-01043,35281.49,626,68844.24,0.524,23,1,77,Equipment Purchase,Luxury Travel,Equipment Vendor,1,29,0.563,0.721,0.08,0.119,0.443,0.286,26,32,1069.14,0.311,1
BW-01044,64459.68,779,161811.98,0.339,1,5,36,Business Expansion,ATM Cash,Retail,0,2,0.133,0.525,0.692,0.142,0.161,0.518,17,23,2685.82,0.803,0
BW-01045,89167.89,807,59500.08,0.621,7,1,24,Equipment Purchase,Retail,Equipment Vendor,0,29,0.018,0.062,0.237,0.001,0.337,0.035,10,17,4953.77,0.152,0
BW-01046,63507.0,813,172095.0,0.357,11,7,105,Medical,ATM Cash,Luxury Travel,0,20,0.631,0.672,0.556,0.088,0.379,0.572,13,31,1984.59,0.91,0
BW-01047,27131.15,731,60843.22,0.581,20,2,90,Debt Consolidation,Casino,Casino,0,20,0.648,0.948,0.656,0.496,0.165,0.113,18,35,753.64,0.14,1
BW-01048,7318.07,805,122052.48,0.546,0,7,21,Medical,ATM Cash,Equipment Vendor,0,25,0.584,0.709,0.721,0.098,0.082,0.588,13,29,243.94,0.305,0
BW-01049,87659.39,587,63462.95,0.64,22,6,18,Medical,Retail,Crypto Exchange,0,1,0.183,0.47,0.085,0.12,0.251,0.105,21,38,2247.68,0.495,0
BW-01050,7020.59,725,111850.3,0.61,12,1,15,Medical,Retail,Luxury Travel,0,20,0.603,0.683,0.714,0.134,0.178,0.267,29,47,146.26,0.743,0
BW-01051,88096.66,576,132596.27,0.594,21,5,79,Business Expansion,Casino,Retail,0,24,0.057,0.241,0.158,0.963,0.133,0.185,28,35,2447.13,0.908,0
BW-01052,55249.03,825,58534.19,0.502,20,4,6,Medical,Crypto Exchange,Luxury Travel,0,20,0.609,0.715,0.59,0.655,0.487,0.26,24,36,1493.22,0.464,0
BW-01053,94211.43,689,108132.87,0.302,16,3,43,Education,ATM Cash,ATM Cash,0,14,0.554,0.735,0.583,0.145,0.251,0.15,13,23,3925.48,0.744,0
BW-01054,80884.41,848,100358.96,0.158,13,7,31,Equipment Purchase,Luxury Travel,Casino,1,10,0.655,0.963,0.007,0.13,0.428,0.579,24,42,1881.03,0.718,1
BW-01055,99803.74,836,40655.61,0.479,13,4,28,Business Expansion,Retail,Retail,0,9,0.895,1.0,0.176,0.122,0.098,0.183,10,16,5870.81,0.585,0
BW-01056,38317.62,640,152746.17,0.638,15,1,8,Education,Retail,Casino,0,17,0.85,1.0,0.394,0.013,0.47,0.392,20,24,1532.7,0.687,0
BW-01057,77882.89,610,80352.36,0.5,16,5,29,Education,ATM Cash,Casino,0,22,0.981,1.0,0.336,0.036,0.397,0.082,7,11,6490.24,0.132,0
BW-01058,43183.44,712,116187.33,0.611,5,3,21,Debt Consolidation,Crypto Exchange,Crypto Exchange,0,21,0.976,1.0,0.735,0.512,0.404,0.495,7,14,2878.9,0.475,0
BW-01059,50588.18,692,107217.64,0.542,6,6,81,Debt Consolidation,ATM Cash,Equipment Vendor,0,22,0.772,0.868,0.288,0.106,0.195,0.326,9,18,2662.54,0.768,0
BW-01060,64613.02,802,106989.08,0.19,0,5,113,Education,Casino,Crypto Exchange,0,23,0.956,1.0,0.75,0.87,0.243,0.588,16,20,3076.81,0.503,1
BW-01061,87999.33,818,46083.36,0.237,24,4,88,Debt Consolidation,Luxury Travel,Crypto Exchange,0,25,0.867,1.0,0.368,0.014,0.297,0.254,15,29,2933.31,0.842,0
BW-01062,98487.93,840,93522.3,0.288,14,0,58,Equipment Purchase,ATM Cash,ATM Cash,1,20,0.728,0.747,0.771,0.047,0.395,0.117,25,40,2402.14,0.809,1
BW-01063,77985.97,736,97855.01,0.193,19,0,60,Equipment Purchase,Retail,Crypto Exchange,0,1,0.075,0.318,0.59,0.116,0.425,0.208,3,12,5998.92,0.834,0
BW-01064,44687.84,840,140046.43,0.42,20,3,50,Debt Consolidation,Retail,Retail,0,6,0.049,0.199,0.663,0.132,0.039,0.442,13,20,2127.99,0.21,0
BW-01065,45028.92,635,156002.82,0.636,17,7,100,Medical,Casino,Equipment Vendor,0,6,0.838,1.0,0.084,0.706,0.452,0.395,11,29,1500.96,0.308,0
BW-01066,75070.32,715,111747.34,0.519,12,3,31,Education,Crypto Exchange,Equipment Vendor,0,23,0.49,0.813,0.469,0.764,0.469,0.467,8,11,6255.86,0.125,0
BW-01067,27683.83,663,43017.44,0.333,23,3,47,Equipment Purchase,ATM Cash,Retail,1,6,0.815,1.0,0.114,0.056,0.296,0.044,21,34,790.97,0.935,1
BW-01068,15495.04,732,65527.42,0.102,1,0,34,Debt Consolidation,Equipment Vendor,Crypto Exchange,0,25,0.313,0.314,0.238,0.061,0.093,0.348,21,28,534.31,0.301,0
BW-01069,38689.1,756,54740.1,0.272,18,4,2,Debt Consolidation,Crypto Exchange,Crypto Exchange,0,22,0.398,0.653,0.499,0.444,0.409,0.559,24,37,1018.13,0.412,0
BW-01070,32287.7,805,48692.26,0.39,14,7,106,Equipment Purchase,Retail,Casino,0,13,0.7,1.0,0.581,0.1,0.274,0.065,6,17,1793.76,0.334,0
BW-01071,33149.27,784,84884.89,0.278,11,3,67,Equipment Purchase,ATM Cash,Casino,1,28,0.915,1.0,0.031,0.054,0.409,0.057,10,10,3013.57,0.134,1
BW-01072,27192.74,552,64409.03,0.161,14,0,94,Medical,Retail,ATM Cash,0,24,0.088,0.274,0.425,0.003,0.407,0.43,26,44,604.28,0.322,0
BW-01073,8998.85,757,62745.47,0.344,24,3,72,Debt Consolidation,Luxury Travel,Luxury Travel,0,23,0.861,1.0,0.452,0.066,0.043,0.189,17,34,257.11,0.183,1
BW-01074,6698.02,746,38203.98,0.239,17,3,52,Debt Consolidation,Crypto Exchange,Casino,0,1,0.793,0.912,0.063,0.576,0.304,0.395,20,31,209.31,0.435,0
BW-01075,98833.63,674,32650.51,0.6,13,7,7,Business Expansion,Equipment Vendor,Equipment Vendor,0,1,0.316,0.405,0.401,0.004,0.242,0.327,9,18,5201.77,0.922,0
BW-01076,45638.45,687,45415.24,0.156,5,7,76,Medical,Luxury Travel,Retail,0,22,0.355,0.439,0.571,0.071,0.473,0.592,21,21,2074.48,0.694,0
BW-01077,41511.03,574,55829.62,0.127,11,5,19,Equipment Purchase,Equipment Vendor,Crypto Exchange,0,25,0.046,0.27,0.043,0.031,0.148,0.533,14,27,1482.54,0.701,0
BW-01078,69566.49,617,94647.56,0.103,19,3,90,Equipment Purchase,Luxury Travel,Luxury Travel,1,14,0.016,0.396,0.608,0.068,0.103,0.407,20,28,2398.84,0.485,1
BW-01079,25734.12,610,106578.04,0.28,22,0,92,Education,Crypto Exchange,Casino,0,10,0.477,0.72,0.461,0.819,0.449,0.157,27,41,612.72,0.79,0
BW-01080,95246.31,578,51088.79,0.463,5,4,15,Equipment Purchase,Retail,Luxury Travel,0,28,0.096,0.217,0.667,0.091,0.074,0.157,13,26,3527.64,0.872,0
BW-01081,79702.78,568,93717.5,0.502,8,0,78,Debt Consolidation,Equipment Vendor,Retail,0,9,0.194,0.449,0.174,0.149,0.343,0.529,26,34,2277.22,0.917,0
BW-01082,13494.05,720,81262.33,0.349,24,0,48,Equipment Purchase,Crypto Exchange,Retail,1,2,0.847,1.0,0.667,0.54,0.15,0.351,1,11,1124.5,0.184,1
BW-01083,44670.17,623,57513.55,0.476,3,3,14,Debt Consolidation,Equipment Vendor,Luxury Travel,0,16,0.571,0.81,0.076,0.097,0.284,0.474,25,29,1489.01,0.848,0
BW-01084,88516.24,610,31026.11,0.298,16,5,3,Debt Consolidation,Crypto Exchange,Luxury Travel,0,8,0.634,0.698,0.323,0.631,0.308,0.27,24,35,2458.78,0.291,0
BW-01085,94749.54,702,100052.68,0.467,1,2,50,Medical,Luxury Travel,ATM Cash,0,29,0.187,0.441,0.16,0.056,0.209,0.062,19,34,2707.13,0.438,0
BW-01086,49403.14,825,132847.76,0.122,15,6,93,Equipment Purchase,Crypto Exchange,Luxury Travel,1,14,0.829,1.0,0.701,0.565,0.487,0.2,9,28,1703.56,0.394,1
BW-01087,63274.08,597,63941.6,0.315,23,2,54,Medical,Luxury Travel,Crypto Exchange,0,29,0.868,0.875,0.564,0.042,0.066,0.097,17,19,3163.7,0.674,0
BW-01088,20868.22,760,49771.02,0.535,13,2,6,Debt Consolidation,Retail,Equipment Vendor,0,13,0.523,0.739,0.02,0.06,0.196,0.469,15,19,1043.41,0.608,0
BW-01089,99161.02,688,163056.41,0.542,7,0,49,Equipment Purchase,Luxury Travel,Casino,1,18,0.913,1.0,0.008,0.097,0.215,0.42,20,38,2542.59,0.193,1
BW-01090,27008.81,659,71253.72,0.494,13,3,23,Equipment Purchase,Casino,Casino,1,16,0.845,0.985,0.233,0.938,0.316,0.053,5,9,2700.88,0.765,1
BW-01091,94559.52,732,63541.89,0.212,1,7,92,Medical,Retail,Casino,0,21,0.731,1.0,0.115,0.128,0.204,0.373,4,21,4298.16,0.474,0
BW-01092,66716.43,577,158564.54,0.236,15,6,78,Medical,ATM Cash,Luxury Travel,0,19,0.734,0.772,0.504,0.011,0.049,0.524,4,7,8339.55,0.102,0
BW-01093,62735.0,746,152566.06,0.648,3,2,78,Debt Consolidation,ATM Cash,Luxury Travel,0,29,0.105,0.398,0.531,0.135,0.474,0.418,25,39,1568.38,0.452,0
BW-01094,53705.41,740,97251.97,0.157,0,1,20,Debt Consolidation,Crypto Exchange,ATM Cash,0,16,0.271,0.317,0.754,0.908,0.208,0.307,15,19,2685.27,0.539,1
BW-01095,26913.63,600,103385.83,0.199,22,1,77,Equipment Purchase,Crypto Exchange,Luxury Travel,1,15,0.067,0.176,0.762,0.797,0.171,0.187,5,12,2070.28,0.159,1
BW-01096,21770.16,698,62662.31,0.172,19,1,91,Equipment Purchase,Casino,ATM Cash,1,19,0.009,0.237,0.527,0.896,0.223,0.532,17,32,659.7,0.228,1
BW-01097,25946.19,817,41745.25,0.28,13,4,60,Business Expansion,Crypto Exchange,ATM Cash,0,7,0.158,0.395,0.005,0.525,0.108,0.254,7,7,3243.27,0.945,0
BW-01098,22711.63,599,116014.77,0.216,7,3,99,Business Expansion,Retail,Crypto Exchange,0,26,0.88,1.0,0.287,0.106,0.05,0.513,6,10,2064.69,0.841,0
BW-01099,79060.52,795,44751.74,0.374,24,0,45,Education,Retail,Crypto Exchange,0,6,0.24,0.486,0.411,0.03,0.074,0.47,15,32,2395.77,0.213,0
BW-01100,38261.9,662,97391.18,0.362,24,0,61,Debt Consolidation,Luxury Travel,Crypto Exchange,0,11,0.97,1.0,0.399,0.135,0.083,0.49,25,40,933.22,0.593,0
BW-01101,10495.05,719,171074.58,0.596,2,3,56,Education,Equipment Vendor,Crypto Exchange,0,0,0.597,0.962,0.483,0.047,0.099,0.594,20,29,349.84,0.422,0
BW-01102,97064.75,715,172925.16,0.119,4,5,2,Education,Crypto Exchange,Retail,0,25,0.237,0.418,0.768,0.903,0.21,0.449,14,17,5392.49,0.562,0
BW-01103,88959.66,563,65899.84,0.276,5,7,105,Medical,Casino,Crypto Exchange,0,11,0.497,0.587,0.708,0.684,0.312,0.02,10,27,3177.13,0.5,0
BW-01104,93136.47,752,123617.01,0.428,21,6,45,Medical,ATM Cash,Crypto Exchange,0,24,0.219,0.284,0.087,0.002,0.314,0.123,6,22,4049.41,0.141,0
BW-01105,99516.24,837,101111.44,0.433,7,5,40,Business Expansion,Retail,Crypto Exchange,0,5,0.984,1.0,0.213,0.029,0.0,0.021,10,22,4326.79,0.368,0
BW-01106,21520.05,738,161352.77,0.364,5,7,112,Education,Retail,ATM Cash,0,15,0.847,1.0,0.666,0.063,0.46,0.114,23,30,694.2,0.207,0
BW-01107,42642.99,704,70714.63,0.549,5,4,24,Business Expansion,Retail,Casino,0,17,0.026,0.043,0.659,0.105,0.411,0.037,20,27,1522.96,0.516,0
BW-01108,77032.66,604,30555.36,0.134,3,3,29,Debt Consolidation,Equipment Vendor,Casino,0,18,0.948,1.0,0.22,0.097,0.482,0.301,28,39,1925.82,0.871,0
BW-01109,71121.96,731,54384.18,0.549,6,5,67,Equipment Purchase,Equipment Vendor,Casino,0,22,0.721,0.763,0.584,0.1,0.18,0.017,9,26,2634.15,0.946,0
BW-01110,19620.11,759,82428.42,0.372,23,6,109,Medical,Crypto Exchange,Equipment Vendor,0,2,0.082,0.316,0.538,0.927,0.332,0.284,13,18,1032.64,0.903,0
BW-01111,82504.15,624,77358.17,0.174,18,4,68,Debt Consolidation,ATM Cash,Retail,0,28,0.671,0.768,0.379,0.018,0.084,0.539,14,20,3928.77,0.938,0
BW-01112,26321.85,826,148704.44,0.587,6,2,114,Debt Consolidation,Casino,ATM Cash,0,2,0.647,0.714,0.161,0.651,0.409,0.449,1,17,1462.32,0.113,0
BW-01113,26262.67,682,132084.1,0.457,2,2,66,Medical,Equipment Vendor,Luxury Travel,0,4,0.219,0.456,0.711,0.109,0.081,0.566,1,5,4377.11,0.72,0
BW-01114,56012.57,608,74933.45,0.19,7,4,84,Medical,Luxury Travel,ATM Cash,0,2,0.758,1.0,0.542,0.095,0.163,0.136,19,37,1474.02,0.332,0
BW-01115,61329.29,731,98661.57,0.119,0,7,54,Education,Equipment Vendor,Crypto Exchange,0,18,0.087,0.22,0.135,0.067,0.245,0.319,9,16,3607.61,0.836,0
BW-01116,60108.19,613,44333.87,0.178,0,3,53,Business Expansion,Retail,Casino,0,26,0.489,0.72,0.564,0.003,0.297,0.191,5,23,2504.51,0.792,0
BW-01117,13691.25,809,164721.97,0.435,13,2,79,Debt Consolidation,Casino,ATM Cash,0,4,0.01,0.049,0.593,0.957,0.28,0.296,17,24,547.65,0.46,0
BW-01118,88358.78,742,170313.72,0.199,5,3,49,Education,Crypto Exchange,Retail,0,13,0.969,1.0,0.71,0.453,0.051,0.334,16,34,2524.54,0.502,1
BW-01119,30232.0,692,176970.53,0.224,9,5,32,Education,Equipment Vendor,Crypto Exchange,0,20,0.752,0.887,0.178,0.051,0.211,0.022,12,18,1591.16,0.325,0
BW-01120,17303.92,653,160282.92,0.114,24,2,61,Debt Consolidation,Retail,Equipment Vendor,0,15,0.159,0.558,0.791,0.018,0.461,0.14,5,7,2162.99,0.345,0
BW-01121,89431.07,763,56094.13,0.498,13,6,42,Debt Consolidation,Luxury Travel,Luxury Travel,0,27,0.342,0.733,0.123,0.064,0.436,0.423,6,11,7452.59,0.934,0
BW-01122,95786.89,791,36929.47,0.546,3,6,1,Equipment Purchase,Luxury Travel,Crypto Exchange,1,24,0.161,0.473,0.481,0.027,0.295,0.464,20,27,3420.96,0.856,1
BW-01123,86902.12,758,116939.51,0.538,5,5,63,Business Expansion,Crypto Exchange,Luxury Travel,0,0,0.767,0.775,0.526,0.754,0.286,0.342,23,40,2119.56,0.263,0
BW-01124,81904.03,642,166890.75,0.17,15,6,102,Debt Consolidation,Crypto Exchange,ATM Cash,0,29,0.059,0.276,0.335,0.568,0.056,0.162,11,25,3150.16,0.334,0
BW-01125,67247.99,691,56602.7,0.597,20,3,35,Medical,Equipment Vendor,Crypto Exchange,0,16,0.84,0.875,0.38,0.058,0.1,0.243,19,35,1868.0,0.192,0
BW-01126,57331.45,661,31056.44,0.47,0,7,51,Equipment Purchase,Crypto Exchange,Equipment Vendor,1,10,0.942,1.0,0.713,0.454,0.126,0.058,21,24,2293.26,0.941,1
BW-01127,13263.74,608,150824.41,0.594,5,3,71,Business Expansion,ATM Cash,ATM Cash,0,29,0.677,0.993,0.516,0.143,0.244,0.572,6,12,1020.29,0.871,0
BW-01128,43803.06,592,41519.35,0.346,8,7,45,Medical,ATM Cash,Retail,0,8,0.213,0.602,0.398,0.08,0.366,0.521,23,39,1095.08,0.569,0
BW-01129,40405.41,756,92055.9,0.34,14,6,77,Medical,Retail,Luxury Travel,0,20,0.36,0.603,0.103,0.149,0.23,0.039,10,15,2525.34,0.689,0
BW-01130,29676.61,817,131833.1,0.531,11,1,113,Business Expansion,Retail,Luxury Travel,0,3,0.477,0.686,0.006,0.021,0.063,0.1,15,27,1059.88,0.736,0
BW-01131,73724.91,845,65519.64,0.151,2,4,65,Equipment Purchase,Retail,Retail,0,1,0.605,0.813,0.1,0.129,0.22,0.349,18,24,2949.0,0.273,0
BW-01132,52108.19,667,42594.38,0.386,10,7,14,Medical,ATM Cash,Luxury Travel,0,27,0.669,0.824,0.765,0.075,0.081,0.139,21,29,1736.94,0.894,0
BW-01133,12699.39,569,145503.18,0.56,14,0,93,Education,Equipment Vendor,ATM Cash,0,8,0.554,0.741,0.611,0.003,0.376,0.561,29,47,264.57,0.548,0
BW-01134,25917.4,771,124526.26,0.557,2,4,3,Business Expansion,Equipment Vendor,Casino,0,21,0.351,0.605,0.774,0.146,0.083,0.453,7,26,959.9,0.179,0
BW-01135,69909.58,715,178273.57,0.626,13,6,110,Business Expansion,Crypto Exchange,Retail,0,24,0.891,1.0,0.029,0.639,0.241,0.164,23,35,1941.93,0.438,1
BW-01136,12232.43,680,81646.2,0.484,1,3,24,Debt Consolidation,Equipment Vendor,Equipment Vendor,0,4,0.081,0.319,0.544,0.057,0.347,0.004,28,42,284.48,0.611,0
BW-01137,85864.66,705,39264.36,0.214,3,7,65,Equipment Purchase,Retail,Crypto Exchange,0,3,0.466,0.809,0.035,0.143,0.114,0.48,3,19,4293.23,0.4,0
BW-01138,52038.92,733,140152.51,0.111,18,3,48,Education,Casino,Crypto Exchange,0,22,0.776,1.0,0.626,0.763,0.038,0.254,24,28,1794.45,0.694,0
BW-01139,50655.72,639,108260.01,0.364,11,4,10,Education,Retail,Retail,0,4,0.061,0.269,0.305,0.102,0.282,0.385,16,34,1447.31,0.85,0
BW-01140,61278.74,643,61980.59,0.383,1,7,13,Debt Consolidation,ATM Cash,Casino,0,23,0.705,0.844,0.077,0.029,0.027,0.172,13,18,3225.2,0.756,0
BW-01141,83344.69,562,147259.35,0.232,16,3,100,Medical,Casino,ATM Cash,0,23,0.82,1.0,0.454,0.938,0.294,0.086,17,28,2873.95,0.646,0
BW-01142,38041.87,842,60563.32,0.169,2,5,73,Medical,Crypto Exchange,Equipment Vendor,0,28,0.661,0.839,0.224,0.721,0.377,0.405,4,18,2002.2,0.535,0
BW-01143,69411.53,779,69099.25,0.422,9,2,14,Education,Luxury Travel,Crypto Exchange,0,17,0.013,0.046,0.528,0.057,0.165,0.27,19,33,2041.52,0.316,0
BW-01144,58744.54,841,43879.28,0.52,15,3,100,Equipment Purchase,Equipment Vendor,Crypto Exchange,0,12,0.18,0.331,0.527,0.001,0.244,0.141,4,6,8392.08,0.487,0
BW-01145,30367.69,575,89914.84,0.646,21,7,10,Medical,Equipment Vendor,ATM Cash,0,4,0.342,0.74,0.564,0.062,0.464,0.083,27,30,979.6,0.349,0
BW-01146,88469.85,624,92839.38,0.517,8,6,40,Business Expansion,ATM Cash,Casino,0,25,0.234,0.253,0.794,0.034,0.236,0.348,25,29,2949.0,0.894,0
BW-01147,80755.47,848,107184.27,0.536,10,6,23,Debt Consolidation,Retail,Luxury Travel,0,23,0.963,1.0,0.309,0.102,0.498,0.435,27,32,2447.14,0.871,0
BW-01148,67552.92,699,136344.64,0.439,20,4,99,Equipment Purchase,Retail,Retail,0,18,0.652,0.988,0.372,0.029,0.079,0.17,12,17,3752.94,0.232,0
BW-01149,85805.26,697,165915.14,0.642,14,4,55,Medical,Casino,Casino,0,22,0.297,0.556,0.644,0.487,0.354,0.441,24,40,2092.81,0.799,1
BW-01150,87392.95,557,50660.11,0.452,2,4,63,Education,Equipment Vendor,Casino,0,2,0.93,1.0,0.463,0.04,0.326,0.11,27,34,2496.94,0.697,0
BW-01151,72294.48,578,38152.21,0.573,15,6,71,Debt Consolidation,ATM Cash,Casino,0,21,0.741,1.0,0.03,0.059,0.436,0.203,4,22,3143.24,0.929,0
BW-01152,84516.27,845,32779.69,0.62,20,1,42,Medical,Crypto Exchange,Casino,0,17,0.285,0.457,0.674,0.679,0.046,0.447,29,48,1724.82,0.494,0
BW-01153,71259.79,758,51543.21,0.611,20,7,99,Education,Retail,Luxury Travel,0,5,0.379,0.416,0.041,0.097,0.14,0.396,24,36,1925.94,0.714,0
BW-01154,69613.37,677,128692.42,0.31,20,6,66,Medical,Equipment Vendor,ATM Cash,0,5,0.199,0.584,0.137,0.015,0.066,0.162,17,31,2175.42,0.54,0
BW-01155,63768.08,665,139121.56,0.143,11,5,79,Debt Consolidation,Luxury Travel,Equipment Vendor,0,23,0.971,1.0,0.082,0.072,0.467,0.073,28,44,1417.07,0.159,0
BW-01156,76508.08,693,147975.86,0.195,22,6,73,Business Expansion,ATM Cash,Casino,0,4,0.517,0.783,0.062,0.05,0.213,0.025,24,40,1866.05,0.14,0
BW-01157,20067.49,784,66556.23,0.133,4,5,47,Business Expansion,Casino,Casino,0,29,0.896,1.0,0.021,0.527,0.455,0.503,26,27,716.7,0.204,0
BW-01158,88682.72,556,75884.22,0.158,6,6,81,Education,Retail,Retail,0,0,0.346,0.368,0.044,0.011,0.147,0.045,18,20,4222.99,0.352,0
BW-01159,87825.14,594,102470.2,0.202,8,6,103,Business Expansion,Retail,Crypto Exchange,0,7,0.861,1.0,0.354,0.124,0.063,0.069,22,30,2833.07,0.32,0
BW-01160,7778.49,788,39477.46,0.288,20,1,52,Debt Consolidation,Crypto Exchange,Luxury Travel,0,27,0.054,0.371,0.202,0.81,0.148,0.143,6,11,648.21,0.719,1
BW-01161,83452.59,704,121671.23,0.399,17,5,18,Education,Retail,Casino,0,24,0.982,1.0,0.101,0.013,0.299,0.267,19,19,4172.63,0.709,0
BW-01162,17242.64,730,177560.26,0.491,20,1,79,Medical,ATM Cash,Equipment Vendor,0,0,0.912,1.0,0.527,0.03,0.423,0.474,29,47,359.22,0.926,0
BW-01163,36836.29,764,84120.95,0.216,7,5,18,Equipment Purchase,Equipment Vendor,Equipment Vendor,0,20,0.363,0.658,0.181,0.015,0.193,0.148,5,8,4092.92,0.364,0
BW-01164,75633.28,637,142927.12,0.47,11,1,24,Medical,Equipment Vendor,Equipment Vendor,0,27,0.775,0.964,0.015,0.078,0.457,0.326,2,14,5042.22,0.898,0
BW-01165,20272.19,805,105005.09,0.487,19,1,23,Debt Consolidation,Equipment Vendor,Retail,0,5,0.752,0.997,0.335,0.148,0.122,0.054,11,30,653.94,0.621,0
BW-01166,82706.87,622,49171.78,0.407,1,5,12,Education,Luxury Travel,Equipment Vendor,0,19,0.901,0.944,0.248,0.005,0.347,0.279,24,31,2584.59,0.521,0
BW-01167,84052.75,728,117335.62,0.597,9,1,23,Medical,Luxury Travel,ATM Cash,0,13,0.307,0.531,0.255,0.069,0.368,0.107,24,28,2898.37,0.668,0
BW-01168,53209.43,761,74981.14,0.161,18,6,21,Education,Retail,Retail,0,10,0.466,0.495,0.356,0.058,0.137,0.127,13,22,2313.45,0.697,0
BW-01169,5606.66,842,35160.48,0.197,8,5,64,Business Expansion,Luxury Travel,Luxury Travel,0,1,0.865,1.0,0.535,0.051,0.013,0.22,5,24,224.27,0.246,0
BW-01170,32268.62,783,125239.46,0.336,24,1,90,Equipment Purchase,Luxury Travel,Equipment Vendor,1,20,0.779,1.0,0.493,0.05,0.183,0.457,23,41,768.3,0.739,1
BW-01171,63608.06,788,158839.85,0.17,23,6,72,Debt Consolidation,Crypto Exchange,Crypto Exchange,0,29,0.393,0.743,0.75,0.975,0.023,0.446,8,19,3180.4,0.716,1
BW-01172,98212.69,772,81715.47,0.411,7,6,94,Medical,Luxury Travel,Casino,0,29,0.846,1.0,0.414,0.003,0.45,0.249,11,11,8184.39,0.948,0
BW-01173,65022.29,668,88544.33,0.319,23,4,34,Equipment Purchase,Casino,Luxury Travel,1,3,0.047,0.147,0.378,0.996,0.477,0.071,4,12,5001.71,0.875,1
BW-01174,29681.34,813,163653.25,0.257,23,0,2,Debt Consolidation,Casino,ATM Cash,0,12,0.782,1.0,0.171,0.65,0.368,0.168,18,33,872.98,0.682,0
BW-01175,65230.54,756,152041.32,0.193,23,5,69,Debt Consolidation,Casino,Crypto Exchange,0,6,0.207,0.436,0.604,0.428,0.363,0.303,15,31,2038.45,0.706,0
BW-01176,56298.61,644,137242.92,0.284,0,1,31,Business Expansion,Retail,Luxury Travel,0,5,0.286,0.529,0.113,0.063,0.12,0.522,5,22,2447.77,0.904,0
BW-01177,79085.31,771,67319.56,0.434,5,4,97,Education,Equipment Vendor,ATM Cash,0,2,0.493,0.561,0.393,0.046,0.037,0.581,23,36,2137.44,0.922,0
BW-01178,15163.16,825,166532.5,0.417,11,0,118,Education,Crypto Exchange,Equipment Vendor,0,8,0.45,0.793,0.337,0.481,0.401,0.382,12,28,522.87,0.803,0
BW-01179,77297.65,780,53162.36,0.19,24,7,68,Equipment Purchase,Retail,Luxury Travel,0,13,0.521,0.893,0.527,0.017,0.28,0.21,4,4,15459.53,0.752,0
BW-01180,56420.32,668,124015.58,0.169,23,7,70,Business Expansion,Equipment Vendor,Luxury Travel,0,19,0.545,0.855,0.734,0.045,0.341,0.416,4,18,2969.49,0.195,0
BW-01181,96484.24,817,34320.18,0.115,18,1,87,Debt Consolidation,Crypto Exchange,Luxury Travel,0,10,0.332,0.708,0.757,0.685,0.39,0.202,20,38,2473.95,0.806,0
BW-01182,37477.86,822,126557.97,0.107,16,7,109,Business Expansion,Crypto Exchange,Retail,0,4,0.175,0.296,0.134,0.525,0.205,0.375,9,10,3407.08,0.315,0
BW-01183,65099.08,613,71571.65,0.584,1,0,19,Business Expansion,Crypto Exchange,Crypto Exchange,0,13,0.768,1.0,0.209,0.455,0.072,0.146,9,22,2830.39,0.579,0
BW-01184,93542.67,847,97451.55,0.125,10,5,107,Equipment Purchase,Casino,ATM Cash,1,18,0.4,0.596,0.649,0.647,0.398,0.16,14,15,5846.42,0.445,1
BW-01185,14738.42,560,81789.68,0.502,17,6,109,Education,Casino,Equipment Vendor,0,7,0.506,0.572,0.415,0.611,0.227,0.045,27,41,350.91,0.394,0
BW-01186,94036.71,647,55913.51,0.58,22,6,72,Business Expansion,Casino,Casino,0,26,0.645,0.913,0.362,0.723,0.413,0.252,26,26,3482.84,0.364,0
BW-01187,70349.14,620,123297.12,0.154,21,0,103,Business Expansion,Crypto Exchange,Equipment Vendor,0,6,0.91,1.0,0.569,0.849,0.219,0.371,24,24,2813.97,0.827,1
BW-01188,11444.52,607,162296.33,0.34,10,7,13,Business Expansion,ATM Cash,Equipment Vendor,0,26,0.708,0.823,0.482,0.148,0.109,0.473,27,38,293.45,0.754,0
BW-01189,33591.54,839,173862.64,0.629,17,6,65,Medical,Crypto Exchange,Retail,0,26,0.045,0.056,0.777,0.875,0.086,0.486,8,22,1460.5,0.545,0
BW-01190,72276.35,800,58851.95,0.559,7,7,6,Business Expansion,Casino,Retail,0,6,0.839,0.919,0.467,0.416,0.372,0.595,23,40,1762.84,0.665,0
BW-01191,11398.31,825,137605.92,0.369,14,2,71,Business Expansion,Crypto Exchange,Luxury Travel,0,23,0.989,1.0,0.373,0.666,0.287,0.053,1,15,712.39,0.937,1
BW-01192,60306.19,599,129650.9,0.519,8,3,112,Debt Consolidation,Casino,Equipment Vendor,0,22,0.472,0.539,0.434,0.752,0.202,0.296,24,30,1945.36,0.438,0
BW-01193,37858.89,765,81506.67,0.558,14,6,27,Medical,Casino,Crypto Exchange,0,2,0.97,1.0,0.647,0.974,0.246,0.313,11,22,1646.04,0.568,1
BW-01194,63986.97,601,32864.88,0.291,6,2,79,Business Expansion,Casino,Retail,0,2,0.547,0.704,0.49,0.744,0.275,0.483,27,36,1729.38,0.553,0
BW-01195,9345.49,820,133468.69,0.591,19,5,52,Business Expansion,ATM Cash,ATM Cash,0,17,0.46,0.845,0.518,0.124,0.12,0.16,4,5,1557.58,0.896,0
BW-01196,87796.0,633,171824.23,0.359,12,5,98,Equipment Purchase,Equipment Vendor,Retail,0,12,0.331,0.637,0.777,0.146,0.189,0.042,29,30,2832.13,0.399,0
BW-01197,97481.45,842,124818.02,0.39,12,0,87,Equipment Purchase,Crypto Exchange,Crypto Exchange,1,0,0.658,0.786,0.495,0.637,0.146,0.188,17,22,4238.32,0.938,1
BW-01198,97043.4,675,95293.91,0.65,0,6,48,Medical,Retail,Retail,0,4,0.23,0.611,0.304,0.015,0.194,0.59,17,36,2622.79,0.359,0
BW-01199,76216.92,845,108773.08,0.564,19,7,113,Debt Consolidation,Casino,Crypto Exchange,0,27,0.105,0.363,0.553,0.518,0.25,0.54,19,24,3048.68,0.193,0
BW-01200,17358.19,621,59944.32,0.299,3,6,88,Medical,ATM Cash,Casino,0,3,0.027,0.209,0.528,0.057,0.087,0.237,13,22,754.7,0.263,0
BW-01201,77035.0,845,142581.62,0.106,23,7,79,Medical,Retail,Crypto Exchange,0,15,0.292,0.479,0.011,0.029,0.197,0.526,19,21,3501.59,0.462,0
BW-01202,7335.76,785,141962.97,0.444,3,7,99,Equipment Purchase,Equipment Vendor,Casino,0,14,0.396,0.56,0.374,0.072,0.193,0.02,26,41,174.66,0.652,0
BW-01203,7101.74,605,51827.6,0.487,3,6,68,Equipment Purchase,Crypto Exchange,ATM Cash,1,28,0.552,0.645,0.594,0.756,0.143,0.189,17,21,322.81,0.539,1
BW-01204,35742.97,659,161696.76,0.458,12,7,44,Debt Consolidation,ATM Cash,Luxury Travel,0,26,0.293,0.448,0.399,0.026,0.499,0.436,24,28,1232.52,0.42,0
BW-01205,51421.1,741,70378.46,0.632,1,4,101,Business Expansion,Casino,Luxury Travel,0,17,0.984,1.0,0.624,0.934,0.037,0.133,20,29,1714.04,0.578,1
BW-01206,78188.7,642,177338.41,0.575,22,1,17,Debt Consolidation,Casino,Retail,0,16,0.292,0.503,0.361,0.77,0.321,0.119,12,24,3127.55,0.813,0
BW-01207,69913.06,605,87435.45,0.347,14,3,95,Business Expansion,Casino,Crypto Exchange,0,13,0.441,0.746,0.787,0.59,0.087,0.517,20,22,3039.7,0.813,1
BW-01208,47360.76,609,56682.61,0.135,3,6,38,Education,ATM Cash,Retail,0,13,0.103,0.247,0.234,0.127,0.42,0.37,14,31,1480.02,0.717,0
BW-01209,30994.53,687,82758.02,0.362,5,1,10,Equipment Purchase,Retail,Crypto Exchange,0,18,0.261,0.548,0.074,0.145,0.457,0.593,22,40,755.96,0.91,0
BW-01210,99726.83,588,96027.05,0.479,2,4,54,Education,Equipment Vendor,Retail,0,28,0.048,0.279,0.344,0.044,0.201,0.081,9,14,6648.46,0.602,0
BW-01211,45487.22,577,40396.17,0.434,6,7,114,Education,Crypto Exchange,Luxury Travel,0,5,0.56,0.945,0.433,0.945,0.412,0.214,25,44,1010.83,0.107,0
BW-01212,47881.77,598,116732.76,0.396,5,7,91,Equipment Purchase,Equipment Vendor,ATM Cash,0,12,0.751,0.905,0.279,0.059,0.125,0.187,12,12,3683.21,0.347,0
BW-01213,20544.26,674,119644.87,0.358,2,5,106,Education,Casino,Luxury Travel,0,17,0.196,0.556,0.194,0.423,0.07,0.528,24,33,604.24,0.379,0
BW-01214,80506.91,562,140839.57,0.262,3,3,6,Medical,Equipment Vendor,Retail,0,25,0.368,0.696,0.538,0.002,0.158,0.153,17,26,2981.74,0.565,0
BW-01215,70899.81,585,34375.48,0.253,9,2,6,Business Expansion,Retail,Crypto Exchange,0,14,0.017,0.272,0.302,0.034,0.171,0.212,16,16,4170.58,0.869,0
BW-01216,25973.11,650,111185.73,0.375,20,5,52,Debt Consolidation,Luxury Travel,Equipment Vendor,0,28,0.84,1.0,0.505,0.106,0.199,0.086,12,30,837.84,0.812,0
BW-01217,12826.2,831,37936.11,0.188,8,5,15,Equipment Purchase,Luxury Travel,ATM Cash,1,22,0.78,0.814,0.623,0.061,0.186,0.465,10,20,610.77,0.297,1
BW-01218,69647.43,635,135171.63,0.287,5,7,68,Medical,Crypto Exchange,Crypto Exchange,0,26,0.063,0.443,0.609,0.533,0.206,0.143,26,38,1785.83,0.541,0
BW-01219,67178.57,553,38359.2,0.278,19,0,57,Debt Consolidation,Crypto Exchange,Retail,0,6,0.365,0.408,0.3,0.821,0.355,0.041,2,18,3535.71,0.66,0
BW-01220,30959.66,772,166759.18,0.423,10,4,112,Debt Consolidation,Equipment Vendor,Crypto Exchange,0,26,0.955,1.0,0.454,0.138,0.123,0.261,3,22,1346.07,0.939,0
BW-01221,95332.04,715,135312.39,0.137,6,0,118,Debt Consolidation,Crypto Exchange,Casino,0,18,0.392,0.524,0.36,0.46,0.009,0.235,27,44,2118.49,0.127,0
BW-01222,19350.5,827,106108.46,0.556,17,0,56,Education,ATM Cash,Crypto Exchange,0,29,0.526,0.698,0.697,0.041,0.245,0.107,5,8,2150.06,0.494,0
BW-01223,46071.81,679,96225.59,0.409,3,1,104,Education,Retail,Luxury Travel,0,16,0.355,0.599,0.703,0.137,0.224,0.08,16,30,1486.19,0.94,0
BW-01224,94643.51,580,49600.89,0.469,4,5,7,Education,Casino,Luxury Travel,0,8,0.596,0.96,0.275,0.426,0.03,0.538,21,22,4114.94,0.931,0
BW-01225,44874.1,560,73649.91,0.487,3,7,51,Education,Casino,Casino,0,10,0.978,1.0,0.073,0.418,0.067,0.041,13,18,2361.79,0.381,0
BW-01226,65659.97,645,160343.87,0.26,3,4,58,Medical,Equipment Vendor,ATM Cash,0,4,0.998,1.0,0.134,0.092,0.255,0.06,26,34,1876.0,0.1,0
BW-01227,42771.47,739,165667.92,0.359,12,0,113,Education,Casino,Crypto Exchange,0,1,0.775,1.0,0.294,0.579,0.117,0.147,24,34,1222.04,0.599,0
BW-01228,31050.44,741,30112.16,0.626,15,7,117,Equipment Purchase,Equipment Vendor,ATM Cash,0,14,0.404,0.468,0.451,0.106,0.439,0.572,18,37,817.12,0.837,0
BW-01229,98477.88,815,119120.46,0.522,24,7,64,Debt Consolidation,Crypto Exchange,Equipment Vendor,0,23,0.494,0.57,0.525,0.873,0.087,0.051,2,17,5470.99,0.376,0
BW-01230,43886.73,677,137895.09,0.633,13,7,109,Medical,Crypto Exchange,Crypto Exchange,0,11,0.357,0.643,0.265,0.697,0.01,0.49,24,31,1371.46,0.894,0
BW-01231,89939.42,787,122812.05,0.51,10,2,111,Education,ATM Cash,Luxury Travel,0,9,0.986,1.0,0.534,0.026,0.224,0.535,1,17,4996.63,0.383,0
BW-01232,26845.69,661,42251.96,0.197,1,3,26,Debt Consolidation,ATM Cash,Luxury Travel,0,9,0.708,0.9,0.75,0.094,0.493,0.227,9,12,2065.05,0.619,0
BW-01233,25244.95,694,62658.73,0.135,21,7,58,Medical,Retail,ATM Cash,0,19,0.449,0.508,0.522,0.027,0.317,0.176,18,24,1009.8,0.714,0
BW-01234,7957.74,614,67551.04,0.418,13,6,31,Debt Consolidation,Casino,Retail,0,10,0.012,0.185,0.127,0.475,0.177,0.406,28,38,204.04,0.394,0
BW-01235,66908.35,796,154758.69,0.297,23,4,66,Medical,ATM Cash,Luxury Travel,0,9,0.52,0.82,0.464,0.101,0.008,0.422,5,15,4181.77,0.399,0
BW-01236,40010.0,772,99479.92,0.252,23,1,92,Business Expansion,Retail,Retail,0,27,0.984,1.0,0.434,0.014,0.242,0.468,3,13,2857.86,0.499,0
BW-01237,87114.03,655,103024.23,0.544,6,4,106,Medical,Luxury Travel,Luxury Travel,0,6,0.523,0.588,0.697,0.028,0.103,0.498,5,19,4355.7,0.81,0
BW-01238,49954.94,730,170233.96,0.302,10,5,13,Education,ATM Cash,Luxury Travel,0,13,0.182,0.283,0.28,0.1,0.324,0.161,12,16,2938.53,0.186,0
BW-01239,96978.38,733,125562.88,0.274,3,1,18,Debt Consolidation,Retail,Equipment Vendor,0,12,0.022,0.169,0.338,0.072,0.292,0.412,8,13,6927.03,0.637,0
BW-01240,22624.92,775,164800.16,0.567,6,3,94,Debt Consolidation,Equipment Vendor,Retail,0,4,0.355,0.383,0.479,0.11,0.133,0.081,8,12,1740.38,0.676,0
BW-01241,87519.2,814,98476.33,0.565,15,7,119,Debt Consolidation,Equipment Vendor,Retail,0,28,0.918,1.0,0.42,0.042,0.034,0.306,22,30,2823.2,0.574,0
BW-01242,78776.7,827,52415.44,0.296,5,2,75,Equipment Purchase,Retail,Luxury Travel,0,18,0.997,1.0,0.575,0.099,0.378,0.368,25,35,2188.24,0.895,0
BW-01243,78237.58,638,169490.34,0.558,5,0,13,Equipment Purchase,Crypto Exchange,Retail,1,9,0.945,0.97,0.032,0.408,0.293,0.097,7,9,7823.76,0.612,1
BW-01244,85254.41,725,98805.77,0.568,1,4,115,Education,Luxury Travel,Luxury Travel,0,7,0.729,0.89,0.451,0.082,0.421,0.046,2,21,3875.2,0.639,0
BW-01245,77297.28,567,57244.71,0.333,23,1,24,Business Expansion,Retail,Luxury Travel,0,17,0.558,0.724,0.097,0.144,0.13,0.117,1,4,15459.46,0.61,0
BW-01246,64490.93,655,75359.36,0.137,7,7,57,Equipment Purchase,ATM Cash,ATM Cash,1,0,0.591,0.725,0.252,0.094,0.326,0.252,24,38,1653.61,0.714,1
BW-01247,17468.26,820,37620.39,0.101,6,3,29,Medical,Crypto Exchange,Crypto Exchange,0,4,0.539,0.762,0.529,0.615,0.059,0.533,1,18,919.38,0.215,0
BW-01248,8089.99,716,100245.09,0.388,24,0,56,Education,Retail,Retail,0,10,0.707,0.845,0.126,0.148,0.146,0.319,8,12,622.31,0.86,0
BW-01249,92480.55,562,157969.23,0.289,23,6,54,Business Expansion,Casino,Casino,0,19,0.419,0.586,0.247,0.734,0.328,0.449,28,38,2371.3,0.136,0
BW-01250,63581.78,581,170037.07,0.648,13,3,5,Medical,ATM Cash,ATM Cash,0,10,0.669,0.988,0.562,0.108,0.413,0.104,25,35,1766.16,0.645,0
BW-01251,80671.04,589,169890.33,0.525,8,2,35,Debt Consolidation,ATM Cash,Retail,0,15,0.122,0.187,0.521,0.08,0.16,0.064,17,20,3841.48,0.623,0
BW-01252,50744.62,697,48784.5,0.519,14,0,19,Equipment Purchase,Equipment Vendor,Retail,0,9,0.266,0.514,0.073,0.044,0.399,0.144,23,38,1301.14,0.277,0
BW-01253,16144.28,767,87308.08,0.625,24,0,55,Medical,Casino,Equipment Vendor,0,14,0.836,1.0,0.462,0.995,0.339,0.188,5,15,1009.02,0.135,1
BW-01254,16892.65,768,34234.31,0.588,21,6,77,Business Expansion,Casino,Casino,0,6,0.904,1.0,0.118,0.418,0.174,0.329,29,29,563.09,0.218,1
BW-01255,70128.7,631,158274.8,0.275,17,7,69,Education,ATM Cash,Casino,0,14,0.539,0.83,0.202,0.129,0.438,0.529,14,26,2597.36,0.331,0
BW-01256,45879.06,757,83813.36,0.191,11,0,44,Medical,Luxury Travel,Equipment Vendor,0,28,0.032,0.252,0.367,0.131,0.255,0.256,8,26,1699.22,0.85,0
BW-01257,24049.85,750,124667.55,0.51,22,1,78,Education,Crypto Exchange,Equipment Vendor,0,24,0.927,1.0,0.087,0.406,0.324,0.311,20,25,924.99,0.827,1
BW-01258,51701.48,587,137234.77,0.308,18,0,38,Debt Consolidation,Equipment Vendor,Retail,0,15,0.702,0.969,0.795,0.016,0.248,0.003,18,37,1360.57,0.154,0
BW-01259,11099.85,760,94476.7,0.36,12,3,62,Business Expansion,Casino,Crypto Exchange,0,5,0.414,0.735,0.132,0.473,0.226,0.02,23,41,264.28,0.346,0
BW-01260,60287.28,798,75966.35,0.447,6,1,22,Business Expansion,Equipment Vendor,Equipment Vendor,0,10,0.598,0.987,0.625,0.073,0.424,0.05,29,34,1722.49,0.856,0
BW-01261,30554.37,776,174331.94,0.599,24,0,73,Equipment Purchase,ATM Cash,Casino,1,16,0.43,0.682,0.664,0.066,0.147,0.419,7,19,1527.72,0.301,1
BW-01262,80768.11,597,174673.23,0.33,9,3,113,Business Expansion,Crypto Exchange,Casino,0,14,0.465,0.815,0.796,0.617,0.018,0.292,24,34,2307.66,0.947,1
BW-01263,34484.39,567,73415.46,0.531,9,3,40,Medical,Retail,Retail,0,15,0.887,0.887,0.343,0.055,0.44,0.116,14,32,1044.98,0.318,0
BW-01264,48245.91,844,101943.76,0.248,1,4,26,Medical,Casino,Crypto Exchange,0,23,0.161,0.373,0.699,0.616,0.413,0.356,25,31,1507.68,0.728,0
BW-01265,6103.95,745,175926.62,0.484,13,3,109,Medical,Crypto Exchange,Luxury Travel,0,1,0.104,0.19,0.766,0.732,0.183,0.327,14,25,234.77,0.455,0
BW-01266,11882.45,736,30730.26,0.101,12,6,5,Debt Consolidation,Equipment Vendor,Equipment Vendor,0,3,0.003,0.041,0.138,0.07,0.093,0.053,6,21,540.11,0.216,0
BW-01267,42286.89,773,91901.74,0.579,21,5,93,Business Expansion,ATM Cash,Equipment Vendor,0,18,0.314,0.527,0.384,0.134,0.338,0.384,3,3,10571.72,0.317,0
BW-01268,50594.19,778,45068.63,0.117,5,2,54,Business Expansion,Crypto Exchange,Retail,0,5,0.147,0.446,0.048,0.912,0.039,0.46,21,35,1405.39,0.674,0
BW-01269,62001.95,626,106373.69,0.492,8,0,86,Medical,Retail,ATM Cash,0,17,0.22,0.385,0.497,0.087,0.212,0.172,14,26,2296.37,0.386,0
BW-01270,32707.94,737,33700.49,0.125,12,6,49,Equipment Purchase,Crypto Exchange,ATM Cash,1,20,0.011,0.279,0.465,0.705,0.043,0.412,14,23,1362.83,0.614,1
BW-01271,71023.28,819,91034.76,0.246,8,0,3,Equipment Purchase,ATM Cash,Crypto Exchange,1,10,0.227,0.423,0.163,0.113,0.299,0.12,3,20,3382.06,0.275,0
BW-01272,86711.63,644,63104.86,0.373,12,0,92,Business Expansion,Equipment Vendor,Casino,0,8,0.333,0.508,0.638,0.015,0.014,0.454,10,13,6193.69,0.481,0
BW-01273,79085.84,681,109996.25,0.331,4,3,38,Business Expansion,Casino,Casino,0,2,0.032,0.148,0.03,0.619,0.315,0.547,9,14,5272.39,0.535,0
BW-01274,8763.79,588,179399.05,0.206,13,3,14,Education,Casino,Luxury Travel,0,1,0.608,0.761,0.645,0.785,0.337,0.265,21,28,302.2,0.451,0
BW-01275,50648.16,621,150080.42,0.284,4,0,47,Business Expansion,Luxury Travel,Casino,0,17,0.569,0.709,0.021,0.027,0.244,0.147,7,26,1875.86,0.268,0
BW-01276,14968.37,830,156846.31,0.5,8,5,14,Medical,Equipment Vendor,ATM Cash,0,14,0.097,0.355,0.525,0.094,0.088,0.24,26,34,427.67,0.492,0
BW-01277,27994.28,709,125289.75,0.468,7,1,107,Debt Consolidation,Luxury Travel,ATM Cash,0,24,0.595,0.641,0.063,0.146,0.051,0.15,7,14,1866.29,0.689,0
BW-01278,98732.95,736,36233.98,0.139,6,1,75,Business Expansion,Luxury Travel,Equipment Vendor,0,21,0.999,1.0,0.201,0.078,0.157,0.001,7,24,3949.32,0.92,0
BW-01279,18537.08,740,61019.65,0.511,7,2,73,Business Expansion,ATM Cash,Luxury Travel,0,17,0.944,1.0,0.578,0.028,0.233,0.39,12,18,975.64,0.771,0
BW-01280,52394.37,669,168759.68,0.129,21,4,38,Medical,ATM Cash,Crypto Exchange,0,18,0.003,0.222,0.224,0.048,0.321,0.026,26,44,1164.32,0.237,0
BW-01281,63724.79,769,84916.97,0.399,2,7,64,Education,ATM Cash,Luxury Travel,0,14,0.795,0.967,0.409,0.124,0.001,0.126,4,21,2896.58,0.332,0
BW-01282,71734.17,602,45545.51,0.243,22,6,111,Business Expansion,Retail,Crypto Exchange,0,29,0.354,0.415,0.732,0.053,0.356,0.433,20,20,3415.91,0.167,0
BW-01283,58166.62,771,135360.8,0.423,23,2,44,Equipment Purchase,Equipment Vendor,ATM Cash,0,16,0.064,0.228,0.04,0.109,0.356,0.399,13,23,2423.61,0.215,0
BW-01284,5928.23,680,74918.66,0.244,14,7,70,Equipment Purchase,Casino,Casino,1,17,0.296,0.612,0.649,0.764,0.222,0.044,3,11,494.02,0.313,1
BW-01285,36013.82,786,70328.54,0.642,7,0,65,Equipment Purchase,Equipment Vendor,Retail,0,17,0.322,0.678,0.052,0.075,0.172,0.396,20,29,1200.46,0.27,0
BW-01286,54182.61,795,179696.62,0.27,0,6,25,Debt Consolidation,ATM Cash,Luxury Travel,0,10,0.523,0.804,0.101,0.117,0.421,0.558,9,18,2851.72,0.282,0
BW-01287,13347.32,775,158720.84,0.233,6,0,16,Debt Consolidation,Retail,Luxury Travel,0,17,0.661,0.685,0.095,0.048,0.392,0.045,21,21,606.7,0.296,0
BW-01288,38309.56,757,91190.67,0.253,18,0,116,Business Expansion,Equipment Vendor,Equipment Vendor,0,22,0.749,1.0,0.795,0.077,0.492,0.249,22,38,982.3,0.356,0
BW-01289,8154.3,645,177039.18,0.593,1,4,15,Business Expansion,Equipment Vendor,Equipment Vendor,0,2,0.246,0.342,0.144,0.103,0.186,0.438,20,31,254.82,0.207,0
BW-01290,12464.96,749,127516.98,0.45,13,3,98,Business Expansion,Luxury Travel,ATM Cash,0,12,0.322,0.448,0.717,0.025,0.453,0.401,13,24,498.6,0.336,0
BW-01291,42707.71,796,141303.37,0.502,17,4,81,Debt Consolidation,Equipment Vendor,Crypto Exchange,0,13,0.308,0.386,0.793,0.041,0.044,0.136,1,19,2135.39,0.685,0
BW-01292,17608.0,621,34726.96,0.605,14,2,3,Business Expansion,Luxury Travel,Retail,0,26,0.363,0.673,0.307,0.098,0.206,0.098,29,45,382.78,0.301,0
BW-01293,58916.38,734,48240.79,0.602,13,3,67,Medical,Luxury Travel,Equipment Vendor,0,3,1.0,1.0,0.505,0.098,0.233,0.471,23,29,1963.88,0.246,0
BW-01294,70499.17,555,124962.77,0.506,23,3,37,Education,Crypto Exchange,Equipment Vendor,0,17,0.778,1.0,0.623,0.823,0.22,0.574,29,39,1762.48,0.158,0
BW-01295,81055.74,755,164853.6,0.209,24,2,81,Equipment Purchase,ATM Cash,Casino,1,4,0.975,1.0,0.314,0.119,0.313,0.461,23,24,3242.23,0.525,1
BW-01296,24014.27,581,123561.56,0.564,18,3,55,Equipment Purchase,Retail,Casino,0,13,0.693,0.788,0.129,0.072,0.085,0.578,6,21,1091.56,0.816,0
BW-01297,20910.85,648,50103.73,0.212,18,6,113,Medical,Luxury Travel,ATM Cash,0,24,0.406,0.584,0.347,0.132,0.433,0.363,20,28,721.06,0.15,0
BW-01298,14933.94,805,47364.01,0.509,21,1,116,Business Expansion,Equipment Vendor,ATM Cash,0,11,0.39,0.643,0.618,0.11,0.276,0.557,26,35,414.83,0.561,0
BW-01299,65460.87,736,156627.88,0.477,16,2,38,Debt Consolidation,Luxury Travel,Equipment Vendor,0,24,0.489,0.744,0.625,0.047,0.452,0.414,29,38,1678.48,0.653,0
BW-01300,72115.19,625,50895.35,0.517,21,7,63,Business Expansion,Luxury Travel,Crypto Exchange,0,6,0.417,0.734,0.184,0.059,0.001,0.545,24,26,2670.93,0.604,0
BW-01301,8000.68,726,108034.79,0.393,18,2,1,Business Expansion,Luxury Travel,Retail,0,11,0.828,0.943,0.14,0.1,0.315,0.097,28,44,177.79,0.846,0
BW-01302,93940.16,836,35567.0,0.451,15,1,71,Equipment Purchase,Casino,Equipment Vendor,1,7,0.465,0.773,0.736,0.445,0.206,0.489,8,21,4270.01,0.836,1
BW-01303,9937.27,804,42100.47,0.624,19,4,90,Equipment Purchase,Casino,Crypto Exchange,1,28,0.296,0.472,0.035,0.43,0.253,0.118,17,35,276.04,0.149,1
BW-01304,56423.15,739,130852.24,0.156,24,4,111,Debt Consolidation,Casino,Crypto Exchange,0,29,0.775,1.0,0.588,0.476,0.372,0.016,25,42,1312.17,0.407,0
BW-01305,72360.75,676,133377.21,0.27,18,4,103,Equipment Purchase,Casino,Equipment Vendor,1,20,0.854,1.0,0.037,0.47,0.114,0.311,24,41,1722.88,0.67,1
BW-01306,87742.07,836,81220.41,0.436,0,3,19,Business Expansion,Crypto Exchange,Crypto Exchange,0,20,0.42,0.799,0.67,0.453,0.102,0.191,18,31,2741.94,0.91,1
BW-01307,72838.26,803,62341.46,0.63,18,1,52,Medical,Luxury Travel,Luxury Travel,0,27,0.668,0.74,0.724,0.103,0.352,0.026,25,27,2601.37,0.784,0
BW-01308,81164.17,762,152056.54,0.153,6,6,118,Debt Consolidation,Crypto Exchange,Crypto Exchange,0,2,0.059,0.329,0.238,0.761,0.261,0.588,4,13,5797.44,0.25,0
BW-01309,37247.77,799,62565.48,0.112,22,2,30,Medical,Equipment Vendor,Equipment Vendor,0,21,0.529,0.76,0.059,0.099,0.117,0.4,26,38,955.07,0.337,0
BW-01310,82408.39,633,111304.06,0.131,10,2,107,Business Expansion,ATM Cash,Crypto Exchange,0,0,0.045,0.114,0.385,0.135,0.242,0.541,12,23,3433.68,0.749,0
BW-01311,12610.91,562,175231.33,0.129,4,2,55,Debt Consolidation,Retail,Equipment Vendor,0,2,0.029,0.055,0.239,0.145,0.23,0.599,22,30,406.8,0.501,0
BW-01312,90007.58,594,52177.87,0.599,16,3,14,Medical,Crypto Exchange,Casino,0,10,0.613,0.933,0.334,0.524,0.346,0.235,16,25,3461.83,0.565,0
BW-01313,57021.28,676,171131.44,0.497,10,3,13,Debt Consolidation,Casino,Equipment Vendor,0,17,0.303,0.366,0.532,0.773,0.001,0.153,18,36,1541.12,0.618,0
BW-01314,82643.29,663,57433.96,0.472,23,5,84,Business Expansion,Casino,Crypto Exchange,0,6,0.743,0.818,0.168,0.748,0.293,0.11,10,25,3178.59,0.188,0
BW-01315,47970.24,825,115116.48,0.387,7,6,90,Debt Consolidation,Equipment Vendor,Equipment Vendor,0,8,0.896,1.0,0.286,0.014,0.303,0.309,4,6,6852.89,0.828,0
BW-01316,66139.88,754,86551.16,0.53,9,4,27,Business Expansion,Luxury Travel,Retail,0,3,0.139,0.426,0.626,0.062,0.373,0.364,2,13,4724.28,0.834,0
BW-01317,55008.25,822,174739.29,0.186,11,7,89,Debt Consolidation,Retail,Equipment Vendor,0,22,0.725,0.825,0.515,0.138,0.445,0.283,28,35,1528.01,0.498,0
BW-01318,74501.0,607,71031.3,0.316,9,5,9,Debt Consolidation,Crypto Exchange,Equipment Vendor,0,23,0.515,0.751,0.261,0.792,0.22,0.232,25,39,1862.52,0.633,0
BW-01319,12754.85,768,89948.7,0.37,12,5,41,Equipment Purchase,Luxury Travel,Retail,1,9,0.112,0.326,0.531,0.14,0.171,0.101,15,25,490.57,0.661,1
BW-01320,10733.45,658,177429.02,0.161,17,3,48,Business Expansion,Luxury Travel,Retail,0,17,0.652,0.99,0.612,0.079,0.051,0.265,9,21,487.88,0.261,0
BW-01321,28474.81,828,110470.56,0.331,9,4,12,Education,ATM Cash,Retail,0,22,0.609,0.901,0.474,0.015,0.168,0.051,15,20,1355.94,0.196,0
BW-01322,20156.74,723,105394.52,0.274,18,4,10,Debt Consolidation,ATM Cash,ATM Cash,0,15,0.516,0.849,0.192,0.067,0.034,0.519,5,17,1119.82,0.118,0
BW-01323,87819.44,813,68666.77,0.12,19,2,6,Medical,Crypto Exchange,Luxury Travel,0,28,0.926,1.0,0.0,0.976,0.401,0.028,19,29,2927.31,0.876,1
BW-01324,25825.33,660,135204.53,0.175,16,3,114,Equipment Purchase,Crypto Exchange,ATM Cash,1,11,0.521,0.777,0.642,0.466,0.404,0.228,3,8,2869.48,0.394,1
BW-01325,97707.2,736,32155.94,0.52,19,4,34,Equipment Purchase,Crypto Exchange,Equipment Vendor,1,18,0.991,1.0,0.658,0.441,0.209,0.06,17,22,4248.14,0.173,1
BW-01326,37005.1,818,37426.89,0.11,15,7,52,Debt Consolidation,Crypto Exchange,ATM Cash,0,23,0.509,0.537,0.558,0.426,0.13,0.465,13,17,2055.84,0.496,0
BW-01327,22301.2,778,119903.79,0.614,4,5,41,Education,Casino,ATM Cash,0,21,0.116,0.401,0.061,0.656,0.059,0.188,24,30,719.39,0.164,0
BW-01328,80021.36,705,81251.19,0.148,2,1,83,Equipment Purchase,Luxury Travel,Retail,1,2,0.47,0.48,0.468,0.013,0.426,0.068,3,21,3637.33,0.172,0
BW-01329,67577.24,738,172997.46,0.54,14,1,6,Business Expansion,Luxury Travel,Retail,0,7,0.182,0.414,0.657,0.12,0.439,0.319,28,38,1732.75,0.516,0
BW-01330,52328.59,821,165478.6,0.594,1,3,2,Debt Consolidation,Casino,Casino,0,26,0.597,0.933,0.312,0.939,0.133,0.55,4,9,5232.86,0.533,0
BW-01331,57759.54,551,137055.94,0.618,12,2,15,Debt Consolidation,Luxury Travel,ATM Cash,0,28,0.693,0.845,0.158,0.123,0.311,0.545,18,26,2139.24,0.593,0
BW-01332,73324.17,795,152721.84,0.577,21,2,17,Education,Crypto Exchange,Luxury Travel,0,18,0.468,0.486,0.47,0.777,0.129,0.15,24,43,1666.46,0.658,0
BW-01333,26703.2,759,130099.78,0.258,7,4,16,Business Expansion,Retail,Equipment Vendor,0,8,0.098,0.384,0.661,0.048,0.113,0.432,3,20,1271.58,0.668,0
BW-01334,99651.72,835,48837.32,0.283,22,7,28,Business Expansion,ATM Cash,Crypto Exchange,0,26,0.469,0.841,0.039,0.001,0.011,0.018,14,21,4529.62,0.468,0
BW-01335,97605.35,562,144831.51,0.335,16,6,85,Education,ATM Cash,Luxury Travel,0,18,0.081,0.368,0.478,0.137,0.289,0.079,16,33,2870.75,0.647,0
BW-01336,66780.94,645,61528.8,0.177,3,3,72,Medical,Luxury Travel,Luxury Travel,0,16,0.682,0.913,0.515,0.114,0.075,0.3,12,16,3928.29,0.359,0
BW-01337,23956.53,770,78516.43,0.112,18,6,10,Business Expansion,Retail,Casino,0,12,0.79,0.882,0.482,0.016,0.006,0.137,11,16,1409.21,0.475,0
BW-01338,69621.68,787,152885.13,0.578,21,1,10,Medical,ATM Cash,Equipment Vendor,0,1,0.962,0.968,0.52,0.105,0.052,0.479,2,3,17405.42,0.434,0
BW-01339,11858.85,643,110478.84,0.405,24,5,114,Medical,Retail,Equipment Vendor,0,3,0.149,0.427,0.505,0.003,0.157,0.559,1,4,2371.77,0.38,0
BW-01340,7911.99,818,158991.11,0.435,8,4,10,Debt Consolidation,Casino,Retail,0,28,0.532,0.624,0.104,0.799,0.335,0.003,13,31,247.25,0.303,0
BW-01341,29479.87,720,61955.3,0.61,22,5,73,Debt Consolidation,Equipment Vendor,Retail,0,10,0.568,0.911,0.188,0.079,0.101,0.14,26,29,982.66,0.167,0
BW-01342,48949.18,643,121166.77,0.466,14,6,28,Equipment Purchase,Luxury Travel,Luxury Travel,1,1,0.922,1.0,0.495,0.014,0.444,0.264,18,33,1439.68,0.53,1
BW-01343,87485.89,698,42568.65,0.48,8,4,24,Debt Consolidation,Casino,Casino,0,3,0.627,0.839,0.014,0.965,0.144,0.338,18,18,4604.52,0.557,0
BW-01344,74081.06,661,126459.15,0.533,23,0,19,Business Expansion,Casino,Equipment Vendor,0,3,0.146,0.448,0.508,0.731,0.166,0.55,13,28,2554.52,0.386,0
BW-01345,75557.12,604,144380.11,0.164,20,5,97,Business Expansion,Retail,Casino,0,19,0.436,0.748,0.532,0.097,0.109,0.535,4,4,15111.42,0.929,0
BW-01346,45421.87,665,117739.63,0.298,8,3,68,Medical,Luxury Travel,Crypto Exchange,0,0,0.655,0.912,0.191,0.01,0.127,0.382,27,43,1032.32,0.573,0
BW-01347,37863.82,692,69934.73,0.633,13,5,56,Business Expansion,Casino,Equipment Vendor,0,24,0.7,1.0,0.479,0.829,0.037,0.154,1,5,6310.64,0.856,0
BW-01348,40248.68,750,34701.4,0.608,22,5,67,Debt Consolidation,Crypto Exchange,Retail,0,25,0.863,1.0,0.427,0.723,0.147,0.47,15,30,1298.34,0.585,0
BW-01349,98826.71,729,47917.33,0.586,20,4,42,Debt Consolidation,Casino,Luxury Travel,0,10,0.181,0.56,0.209,0.96,0.43,0.122,17,19,4941.34,0.261,0
BW-01350,8810.37,751,123345.45,0.349,15,1,12,Debt Consolidation,Crypto Exchange,Casino,0,22,0.952,1.0,0.37,0.543,0.344,0.579,6,15,550.65,0.928,1
BW-01351,87367.99,602,170163.03,0.571,23,6,18,Education,Equipment Vendor,Retail,0,1,0.059,0.341,0.728,0.087,0.438,0.004,5,22,3798.61,0.853,0
BW-01352,59974.16,729,60980.16,0.127,22,0,23,Business Expansion,Crypto Exchange,Luxury Travel,0,18,0.984,1.0,0.341,0.59,0.052,0.342,1,18,3156.53,0.501,0
BW-01353,46668.46,686,140253.92,0.182,24,5,84,Equipment Purchase,Crypto Exchange,Retail,1,28,0.858,0.9,0.504,0.884,0.228,0.053,22,38,1196.63,0.307,1
BW-01354,73899.48,731,159967.66,0.328,16,7,6,Business Expansion,Retail,Equipment Vendor,0,7,0.66,0.769,0.028,0.14,0.115,0.245,16,26,2737.02,0.289,0
BW-01355,51233.55,550,108132.33,0.366,12,6,53,Business Expansion,Casino,Casino,0,22,0.735,0.737,0.062,0.673,0.361,0.381,14,22,2227.55,0.785,0
BW-01356,87975.21,593,130389.87,0.245,8,7,98,Education,Equipment Vendor,Crypto Exchange,0,19,0.073,0.128,0.065,0.097,0.485,0.414,24,34,2513.58,0.159,0
BW-01357,90566.68,776,152252.3,0.296,14,6,42,Business Expansion,Casino,ATM Cash,0,3,0.041,0.217,0.623,0.444,0.408,0.471,29,37,2383.33,0.642,0
BW-01358,45063.49,647,69101.27,0.19,6,7,66,Medical,Crypto Exchange,Retail,0,24,0.102,0.161,0.28,0.646,0.018,0.356,5,21,2048.34,0.644,0
BW-01359,31298.64,757,74534.35,0.369,0,1,30,Debt Consolidation,ATM Cash,ATM Cash,0,15,0.087,0.448,0.182,0.135,0.158,0.151,3,22,1360.81,0.255,0
BW-01360,61273.28,814,30094.13,0.537,0,2,9,Debt Consolidation,Crypto Exchange,Casino,0,14,0.547,0.869,0.598,0.439,0.014,0.534,3,7,7659.16,0.699,0
BW-01361,91674.52,837,174464.12,0.464,4,0,91,Education,Casino,Equipment Vendor,0,4,0.215,0.244,0.136,0.706,0.02,0.487,29,40,2235.96,0.7,0
BW-01362,25012.91,820,167631.73,0.159,23,0,42,Debt Consolidation,Equipment Vendor,Retail,0,29,0.86,0.96,0.197,0.086,0.04,0.096,27,44,555.84,0.398,0
BW-01363,64181.83,689,144685.24,0.368,8,7,34,Medical,ATM Cash,Equipment Vendor,0,28,0.446,0.774,0.345,0.14,0.138,0.496,12,27,2292.21,0.511,0
BW-01364,64998.22,786,41861.4,0.484,11,7,40,Education,Equipment Vendor,Crypto Exchange,0,26,0.696,1.0,0.265,0.052,0.152,0.584,18,26,2407.34,0.808,0
BW-01365,74645.74,621,97125.43,0.391,5,7,88,Equipment Purchase,Retail,Crypto Exchange,0,4,0.653,1.0,0.468,0.028,0.2,0.382,9,16,4390.93,0.545,0
BW-01366,17498.93,704,45283.76,0.315,12,6,113,Debt Consolidation,Crypto Exchange,Luxury Travel,0,14,0.32,0.719,0.27,0.571,0.202,0.169,25,30,564.48,0.625,0
BW-01367,73003.37,739,32388.04,0.442,7,4,17,Business Expansion,Crypto Exchange,Luxury Travel,0,22,0.243,0.634,0.314,0.998,0.386,0.364,23,39,1825.08,0.451,0
BW-01368,91358.09,817,122427.44,0.633,14,5,29,Medical,Retail,Luxury Travel,0,16,0.342,0.506,0.69,0.063,0.071,0.206,17,30,2947.04,0.227,0
BW-01369,22069.9,656,174124.41,0.152,5,2,100,Medical,Casino,Equipment Vendor,0,2,0.797,0.897,0.708,0.672,0.079,0.406,17,30,711.93,0.948,1
BW-01370,27566.62,781,165430.2,0.315,5,7,50,Debt Consolidation,Crypto Exchange,Luxury Travel,0,17,0.586,0.889,0.662,0.402,0.313,0.327,20,23,1148.61,0.552,0
BW-01371,97282.53,591,134513.22,0.324,3,4,76,Equipment Purchase,Casino,Casino,1,10,0.254,0.374,0.692,0.61,0.286,0.558,28,35,2702.29,0.386,1
BW-01372,22192.81,739,44496.09,0.417,10,3,95,Business Expansion,Equipment Vendor,ATM Cash,0,25,0.818,1.0,0.456,0.06,0.077,0.371,18,34,634.08,0.707,0
BW-01373,86166.58,688,71124.61,0.184,20,1,49,Equipment Purchase,ATM Cash,ATM Cash,1,5,0.055,0.269,0.517,0.005,0.426,0.128,29,29,2872.22,0.628,0
BW-01374,51766.4,652,78008.51,0.197,17,1,73,Equipment Purchase,ATM Cash,Equipment Vendor,1,26,0.699,1.0,0.446,0.067,0.165,0.435,3,5,8627.73,0.298,1
BW-01375,28486.95,720,144472.51,0.257,2,4,61,Debt Consolidation,ATM Cash,Equipment Vendor,0,11,0.439,0.549,0.628,0.027,0.183,0.181,18,34,813.91,0.845,0
BW-01376,87721.24,822,150337.38,0.626,2,6,83,Business Expansion,Luxury Travel,Luxury Travel,0,21,0.731,0.934,0.441,0.021,0.21,0.163,15,34,2506.32,0.16,0
BW-01377,47304.0,770,87765.92,0.504,11,1,46,Debt Consolidation,Retail,ATM Cash,0,25,0.927,1.0,0.089,0.059,0.161,0.235,1,3,11826.0,0.615,0
BW-01378,53907.65,762,92682.6,0.464,20,5,46,Debt Consolidation,ATM Cash,ATM Cash,0,16,0.75,1.0,0.648,0.015,0.279,0.007,3,9,5390.76,0.506,0
BW-01379,39127.17,605,36676.36,0.549,20,1,17,Medical,Crypto Exchange,Luxury Travel,0,29,0.442,0.549,0.608,0.6,0.194,0.581,7,17,2173.73,0.37,0
BW-01380,61330.33,651,73370.51,0.17,5,5,66,Debt Consolidation,Retail,Equipment Vendor,0,13,0.151,0.526,0.656,0.007,0.13,0.319,10,24,2453.21,0.802,0
BW-01381,20534.77,741,97692.78,0.573,20,3,104,Education,Equipment Vendor,Crypto Exchange,0,5,0.806,1.0,0.152,0.06,0.452,0.464,9,15,1283.42,0.658,0
BW-01382,42152.75,749,47547.46,0.427,5,7,5,Business Expansion,Equipment Vendor,Crypto Exchange,0,9,0.461,0.753,0.217,0.024,0.154,0.155,26,30,1359.77,0.746,0
BW-01383,97094.17,782,97990.12,0.284,7,2,103,Medical,Equipment Vendor,Luxury Travel,0,15,0.075,0.39,0.237,0.103,0.349,0.448,9,25,3734.39,0.452,0
BW-01384,29522.68,776,157976.37,0.549,14,0,54,Business Expansion,Equipment Vendor,Crypto Exchange,0,17,0.719,0.961,0.406,0.012,0.174,0.34,8,12,2270.98,0.901,0
BW-01385,67389.98,688,117198.15,0.541,17,4,112,Medical,Luxury Travel,Casino,0,26,0.292,0.39,0.107,0.082,0.218,0.254,6,6,9627.14,0.393,0
BW-01386,35893.06,698,41839.48,0.565,19,4,16,Education,Casino,Casino,0,19,0.049,0.125,0.308,0.43,0.118,0.582,1,7,4486.63,0.551,0
BW-01387,78479.95,664,58750.7,0.164,15,5,81,Debt Consolidation,Casino,Casino,0,5,0.903,1.0,0.146,0.655,0.376,0.296,16,32,2378.18,0.894,0
BW-01388,17433.0,612,101181.65,0.633,5,3,118,Medical,ATM Cash,Equipment Vendor,0,18,0.483,0.773,0.212,0.105,0.369,0.394,24,31,544.78,0.171,0
BW-01389,97133.0,653,84223.07,0.628,20,3,91,Medical,Luxury Travel,Equipment Vendor,0,2,0.281,0.366,0.565,0.015,0.011,0.009,24,35,2698.14,0.192,0
BW-01390,48110.01,705,83809.05,0.297,16,6,7,Medical,Casino,Equipment Vendor,0,11,0.716,0.962,0.684,0.488,0.03,0.181,28,29,1603.67,0.945,0
BW-01391,27424.79,822,109390.12,0.136,8,0,116,Education,Equipment Vendor,Equipment Vendor,0,15,0.886,1.0,0.018,0.11,0.461,0.533,25,41,652.97,0.926,0
BW-01392,11982.19,555,117659.39,0.192,18,7,8,Business Expansion,Casino,Equipment Vendor,0,2,0.0,0.063,0.453,0.529,0.444,0.455,10,29,399.41,0.756,0
BW-01393,21127.0,696,149529.24,0.646,17,2,72,Education,Retail,Luxury Travel,0,15,0.688,0.901,0.029,0.067,0.253,0.322,11,24,845.08,0.512,0
BW-01394,54378.53,733,81144.98,0.41,24,4,87,Medical,ATM Cash,Crypto Exchange,0,3,0.767,0.88,0.068,0.146,0.247,0.54,12,14,3625.24,0.53,0
BW-01395,37015.3,577,150819.94,0.296,22,5,96,Medical,Casino,Luxury Travel,0,24,0.21,0.248,0.564,0.959,0.406,0.292,22,40,902.81,0.319,0
BW-01396,83743.92,587,80791.68,0.259,4,3,107,Debt Consolidation,Retail,Crypto Exchange,0,19,0.49,0.677,0.588,0.127,0.069,0.34,3,16,4926.11,0.468,0
BW-01397,45934.31,668,38314.95,0.241,5,7,111,Education,Crypto Exchange,Luxury Travel,0,12,0.089,0.325,0.651,0.468,0.327,0.229,6,13,3281.02,0.467,0
BW-01398,28627.86,842,113128.15,0.465,11,4,82,Education,Retail,Casino,0,3,0.747,0.766,0.379,0.093,0.238,0.372,8,14,1908.52,0.131,0
BW-01399,63628.77,793,118185.35,0.331,10,5,38,Equipment Purchase,Retail,Retail,0,3,0.847,1.0,0.688,0.112,0.372,0.191,23,27,2272.46,0.485,0
BW-01400,72143.84,617,170181.04,0.631,15,1,54,Business Expansion,Equipment Vendor,Equipment Vendor,0,6,0.108,0.211,0.133,0.054,0.015,0.231,13,15,4508.99,0.508,0
BW-01401,20868.98,763,138909.2,0.476,19,7,76,Equipment Purchase,Equipment Vendor,Retail,0,20,0.816,0.828,0.2,0.15,0.296,0.58,24,24,834.76,0.666,0
BW-01402,20923.83,767,167665.9,0.536,16,4,15,Equipment Purchase,ATM Cash,Retail,1,11,0.772,0.822,0.108,0.042,0.278,0.067,19,37,550.63,0.539,0
BW-01403,8483.79,726,166252.08,0.261,19,2,92,Business Expansion,Equipment Vendor,Casino,0,1,0.347,0.403,0.638,0.089,0.42,0.063,8,22,368.86,0.832,0
BW-01404,74958.19,848,120686.12,0.144,8,7,119,Debt Consolidation,Retail,Retail,0,15,0.69,0.763,0.183,0.042,0.338,0.026,21,21,3407.19,0.412,0
BW-01405,68061.43,713,109164.31,0.368,0,5,102,Debt Consolidation,Luxury Travel,Retail,0,6,0.0,0.321,0.124,0.017,0.44,0.192,23,27,2430.77,0.448,0
BW-01406,50089.93,607,113616.15,0.273,2,2,50,Business Expansion,Equipment Vendor,Casino,0,18,0.932,1.0,0.498,0.085,0.444,0.239,13,32,1517.88,0.586,0
BW-01407,85196.19,818,176749.62,0.211,20,4,56,Business Expansion,Equipment Vendor,Crypto Exchange,0,10,0.55,0.609,0.062,0.053,0.204,0.057,4,14,5679.75,0.272,0
BW-01408,81538.66,607,145975.15,0.624,22,1,95,Education,Retail,Luxury Travel,0,0,0.62,0.66,0.036,0.087,0.069,0.329,3,16,4796.39,0.434,0
BW-01409,60608.66,837,45939.89,0.344,8,2,116,Education,Crypto Exchange,ATM Cash,0,8,0.665,0.784,0.085,0.409,0.315,0.35,22,39,1515.22,0.683,0
BW-01410,87485.77,654,146764.26,0.196,21,3,9,Education,Crypto Exchange,Retail,0,4,0.561,0.88,0.0,0.655,0.437,0.451,25,44,1944.13,0.45,0
BW-01411,24554.91,777,55580.71,0.209,18,5,8,Education,Casino,Equipment Vendor,0,25,0.857,1.0,0.558,0.754,0.037,0.586,20,28,846.72,0.871,0
BW-01412,15632.36,796,97102.58,0.254,12,4,110,Medical,ATM Cash,Casino,0,16,0.61,0.674,0.45,0.066,0.279,0.372,28,42,363.54,0.623,0
BW-01413,30626.21,737,61568.95,0.65,22,1,19,Medical,Crypto Exchange,Retail,0,26,0.908,1.0,0.168,0.556,0.057,0.067,25,35,850.73,0.231,0
BW-01414,10423.25,632,133437.46,0.247,13,3,51,Debt Consolidation,Equipment Vendor,ATM Cash,0,0,0.582,0.804,0.186,0.047,0.013,0.053,3,7,1302.91,0.514,0
BW-01415,55461.11,735,161596.46,0.281,19,4,72,Medical,Luxury Travel,Crypto Exchange,0,16,0.171,0.183,0.649,0.067,0.34,0.467,22,36,1498.95,0.75,0
BW-01416,93977.54,801,73554.28,0.463,18,7,98,Medical,Casino,Crypto Exchange,0,11,0.914,1.0,0.401,0.5,0.341,0.39,12,13,6712.68,0.647,0
BW-01417,8737.64,787,42301.61,0.262,22,6,57,Education,ATM Cash,ATM Cash,0,24,0.682,0.84,0.559,0.129,0.3,0.097,5,16,513.98,0.852,0
BW-01418,16600.44,733,74773.96,0.219,6,1,68,Education,Luxury Travel,Equipment Vendor,0,12,0.699,0.703,0.362,0.098,0.43,0.152,25,31,518.76,0.737,0
BW-01419,47958.91,833,130854.28,0.187,3,3,31,Business Expansion,Luxury Travel,Retail,0,23,0.985,1.0,0.19,0.015,0.04,0.45,6,7,5994.86,0.152,0
BW-01420,93718.13,759,79314.02,0.272,11,2,102,Education,Equipment Vendor,Equipment Vendor,0,10,0.075,0.36,0.776,0.13,0.053,0.34,18,25,3604.54,0.196,0
BW-01421,35034.83,845,71716.83,0.158,22,4,3,Business Expansion,Retail,Crypto Exchange,0,12,0.429,0.681,0.453,0.125,0.432,0.351,20,28,1208.1,0.652,0
BW-01422,53187.31,646,57665.28,0.11,13,4,99,Business Expansion,Retail,Crypto Exchange,0,12,0.239,0.376,0.105,0.113,0.252,0.126,14,18,2799.33,0.303,0
BW-01423,8949.42,757,104627.46,0.543,1,2,83,Medical,Retail,Luxury Travel,0,5,0.63,0.842,0.325,0.07,0.137,0.377,5,19,447.47,0.6,0
BW-01424,19092.6,686,71392.32,0.176,0,6,43,Education,Crypto Exchange,Crypto Exchange,0,25,0.807,0.962,0.263,0.425,0.369,0.462,11,29,636.42,0.773,0
BW-01425,98729.86,733,139651.55,0.527,17,0,29,Medical,Retail,Casino,0,21,0.966,1.0,0.171,0.072,0.447,0.531,27,45,2146.3,0.59,0
BW-01426,96686.28,625,41493.36,0.539,19,3,10,Education,ATM Cash,Luxury Travel,0,5,0.455,0.688,0.747,0.11,0.345,0.442,9,21,4394.83,0.453,0
BW-01427,5469.3,836,129604.95,0.396,7,2,12,Medical,Equipment Vendor,Equipment Vendor,0,19,0.786,0.819,0.705,0.132,0.396,0.346,29,41,130.22,0.649,0
BW-01428,95422.12,691,65634.0,0.27,2,7,46,Medical,Crypto Exchange,Crypto Exchange,0,20,0.917,1.0,0.159,0.804,0.141,0.404,17,22,4148.79,0.222,1
BW-01429,65716.39,786,103391.89,0.18,5,4,30,Medical,ATM Cash,ATM Cash,0,9,0.683,0.958,0.282,0.068,0.144,0.291,12,12,5055.11,0.715,0
BW-01430,87452.24,574,72913.49,0.505,21,7,94,Debt Consolidation,Retail,Casino,0,18,0.243,0.391,0.61,0.129,0.432,0.136,25,34,2498.64,0.692,0
BW-01431,48200.29,839,138415.3,0.431,12,3,82,Medical,ATM Cash,Luxury Travel,0,2,0.608,0.958,0.167,0.015,0.307,0.529,26,31,1506.26,0.537,0
BW-01432,53981.62,616,171796.06,0.46,8,6,88,Equipment Purchase,Luxury Travel,Casino,1,25,0.97,1.0,0.473,0.015,0.117,0.32,1,3,13495.4,0.337,1
BW-01433,51440.43,799,167561.52,0.105,8,3,32,Equipment Purchase,Equipment Vendor,Luxury Travel,0,6,0.988,1.0,0.56,0.082,0.262,0.357,1,13,3674.32,0.778,0
BW-01434,68352.1,667,117513.93,0.61,19,7,73,Equipment Purchase,Equipment Vendor,Luxury Travel,0,4,0.642,1.0,0.523,0.098,0.343,0.594,4,22,2971.83,0.534,0
BW-01435,18266.87,622,99391.55,0.136,8,7,47,Business Expansion,ATM Cash,Luxury Travel,0,7,0.887,1.0,0.565,0.023,0.109,0.591,29,38,468.38,0.15,0
BW-01436,7847.49,831,152745.08,0.302,14,0,88,Medical,Casino,ATM Cash,0,4,0.2,0.489,0.565,0.903,0.327,0.352,22,34,224.21,0.881,0
BW-01437,34253.34,559,132498.95,0.321,12,4,63,Equipment Purchase,Equipment Vendor,Equipment Vendor,0,11,0.246,0.572,0.772,0.014,0.021,0.02,18,24,1370.13,0.753,1
BW-01438,71944.67,760,57534.62,0.101,21,1,26,Business Expansion,Luxury Travel,Luxury Travel,0,3,0.953,1.0,0.277,0.09,0.152,0.238,17,31,2248.27,0.597,0
BW-01439,24176.08,701,153137.88,0.373,15,0,3,Equipment Purchase,Equipment Vendor,Luxury Travel,0,29,0.135,0.295,0.703,0.128,0.337,0.562,12,15,1511.0,0.471,0
BW-01440,68976.08,554,94332.66,0.514,1,0,23,Education,Casino,Casino,0,18,0.191,0.557,0.017,0.548,0.075,0.173,20,30,2225.03,0.916,0
BW-01441,97141.64,744,58347.85,0.553,13,1,75,Debt Consolidation,Equipment Vendor,Luxury Travel,0,27,0.421,0.513,0.231,0.057,0.111,0.6,24,31,3035.68,0.759,0
BW-01442,13920.57,832,72269.6,0.584,5,1,74,Medical,Equipment Vendor,Equipment Vendor,0,17,0.59,0.693,0.039,0.149,0.44,0.051,22,23,580.02,0.555,0
BW-01443,68897.2,662,70129.05,0.368,1,6,50,Debt Consolidation,Casino,ATM Cash,0,2,0.604,0.749,0.521,0.807,0.337,0.341,12,12,5299.78,0.655,0
BW-01444,47156.27,820,107881.05,0.447,7,6,36,Debt Consolidation,Equipment Vendor,ATM Cash,0,6,0.292,0.636,0.081,0.122,0.249,0.309,5,5,7859.38,0.339,0
BW-01445,87473.51,712,65155.51,0.144,3,0,13,Education,ATM Cash,Casino,0,7,0.921,1.0,0.677,0.1,0.105,0.153,1,16,5145.5,0.266,0
BW-01446,21829.23,654,48534.97,0.368,20,3,29,Education,Crypto Exchange,Luxury Travel,0,14,0.915,1.0,0.517,0.871,0.171,0.569,19,36,589.98,0.332,0
BW-01447,70799.47,730,48553.63,0.185,23,2,38,Education,ATM Cash,Casino,0,20,0.392,0.738,0.023,0.123,0.287,0.372,7,17,3933.3,0.349,0
BW-01448,84620.95,593,117491.43,0.303,13,2,117,Business Expansion,Equipment Vendor,ATM Cash,0,26,0.434,0.537,0.572,0.078,0.078,0.138,15,22,3679.17,0.729,0
BW-01449,94738.35,831,140213.89,0.281,10,0,77,Equipment Purchase,Retail,Equipment Vendor,0,16,0.702,1.0,0.69,0.055,0.241,0.23,14,32,2870.86,0.219,0
BW-01450,69908.56,724,78229.95,0.333,23,3,90,Medical,Retail,Casino,0,18,0.663,0.902,0.529,0.102,0.204,0.433,26,37,1839.7,0.761,0
BW-01451,52231.6,711,35197.61,0.414,13,1,84,Education,Crypto Exchange,Equipment Vendor,0,3,0.382,0.385,0.024,0.837,0.238,0.179,3,8,5803.51,0.545,0
BW-01452,63695.49,689,49083.73,0.597,11,5,5,Medical,Equipment Vendor,Crypto Exchange,0,15,0.414,0.428,0.686,0.094,0.053,0.528,5,20,3033.12,0.427,0
BW-01453,87545.97,681,167204.18,0.317,15,0,20,Medical,Luxury Travel,Luxury Travel,0,25,0.348,0.407,0.586,0.051,0.053,0.099,6,13,6253.28,0.355,0
BW-01454,59207.93,636,104031.55,0.64,5,4,78,Medical,Equipment Vendor,Equipment Vendor,0,12,0.235,0.31,0.303,0.064,0.482,0.159,25,31,1850.25,0.536,0
BW-01455,7886.77,725,98035.92,0.517,19,3,109,Education,Retail,Luxury Travel,0,28,0.458,0.765,0.263,0.084,0.49,0.087,11,30,254.41,0.37,0
BW-01456,93440.13,732,35707.38,0.381,0,4,14,Education,Casino,Equipment Vendor,0,11,0.686,0.775,0.384,0.572,0.213,0.063,19,21,4247.28,0.465,0
BW-01457,70505.04,678,139295.55,0.454,11,4,8,Equipment Purchase,Crypto Exchange,Retail,1,3,0.742,1.0,0.694,0.604,0.394,0.18,22,22,3065.44,0.728,1
BW-01458,69268.77,795,109210.21,0.156,6,0,48,Education,Casino,Retail,0,11,0.779,1.0,0.202,0.709,0.328,0.6,27,32,2099.05,0.632,0
BW-01459,25489.14,638,60312.14,0.564,7,3,13,Education,Luxury Travel,Retail,0,16,0.375,0.652,0.081,0.037,0.058,0.057,2,4,5097.83,0.736,0
BW-01460,67594.12,615,46511.06,0.42,8,4,24,Medical,Equipment Vendor,Equipment Vendor,0,25,0.765,0.852,0.692,0.004,0.148,0.128,25,43,1536.23,0.706,0
BW-01461,42417.12,707,87508.18,0.642,1,6,79,Equipment Purchase,Luxury Travel,ATM Cash,1,8,0.007,0.364,0.021,0.001,0.157,0.163,12,13,3029.79,0.793,1
BW-01462,66867.13,698,155574.29,0.45,16,7,115,Debt Consolidation,Casino,ATM Cash,0,11,0.477,0.744,0.729,0.689,0.298,0.371,25,41,1592.07,0.271,0
BW-01463,15126.34,665,159794.18,0.559,19,6,65,Education,Equipment Vendor,Luxury Travel,0,25,0.794,1.0,0.245,0.12,0.29,0.447,23,38,387.85,0.946,0
BW-01464,67495.3,763,120426.96,0.54,12,3,86,Education,ATM Cash,Retail,0,14,0.63,1.0,0.407,0.136,0.462,0.451,14,20,3214.06,0.504,0
BW-01465,99944.3,843,139130.46,0.29,4,2,34,Debt Consolidation,ATM Cash,Luxury Travel,0,19,0.474,0.524,0.106,0.059,0.395,0.005,27,32,3028.62,0.71,0
BW-01466,9580.14,802,47273.37,0.243,9,7,114,Medical,Luxury Travel,Equipment Vendor,0,1,0.645,0.684,0.722,0.084,0.428,0.391,9,19,479.01,0.676,0
BW-01467,97831.55,692,118218.91,0.337,11,5,51,Equipment Purchase,ATM Cash,Luxury Travel,1,28,0.907,1.0,0.6,0.106,0.446,0.378,20,34,2795.19,0.581,1
BW-01468,43656.26,799,130044.86,0.357,16,4,104,Medical,ATM Cash,Luxury Travel,0,8,0.566,0.912,0.739,0.143,0.401,0.311,16,26,1616.9,0.946,0
BW-01469,87721.58,574,60106.93,0.232,20,4,3,Business Expansion,Retail,Retail,0,13,0.8,1.0,0.547,0.137,0.166,0.228,26,32,2658.23,0.285,0
BW-01470,79326.62,826,162023.21,0.592,5,3,119,Education,ATM Cash,ATM Cash,0,3,0.981,1.0,0.148,0.009,0.108,0.478,17,31,2478.96,0.458,0
BW-01471,58866.54,619,59249.51,0.398,2,6,90,Business Expansion,Retail,Casino,0,3,0.706,0.967,0.247,0.037,0.286,0.206,17,32,1783.83,0.209,0
BW-01472,75152.67,662,77021.6,0.638,14,5,78,Education,Crypto Exchange,Crypto Exchange,0,26,0.573,0.695,0.389,0.928,0.345,0.138,2,9,7515.27,0.255,0
BW-01473,88458.98,661,123083.53,0.546,6,2,58,Business Expansion,Retail,Equipment Vendor,0,5,0.037,0.132,0.486,0.092,0.193,0.186,10,14,5897.27,0.706,0
BW-01474,43393.33,640,125752.51,0.406,5,4,105,Debt Consolidation,Retail,Equipment Vendor,0,23,0.374,0.569,0.741,0.107,0.424,0.264,11,27,1549.76,0.104,0
BW-01475,36068.15,567,134907.71,0.621,3,0,72,Education,Casino,Equipment Vendor,0,4,0.565,0.651,0.307,0.852,0.48,0.128,3,4,7213.63,0.856,1
BW-01476,68421.37,698,46801.76,0.378,18,6,113,Education,Retail,Crypto Exchange,0,27,0.797,0.99,0.562,0.128,0.285,0.365,2,8,7602.37,0.638,0
BW-01477,81745.36,776,157419.66,0.588,4,3,55,Business Expansion,Retail,Casino,0,23,0.438,0.821,0.769,0.068,0.228,0.531,4,9,8174.54,0.475,0
BW-01478,77417.09,763,109927.07,0.297,2,3,119,Equipment Purchase,Casino,ATM Cash,1,16,0.96,1.0,0.122,0.911,0.421,0.357,8,19,3870.85,0.382,1
BW-01479,80792.3,700,100698.27,0.308,24,6,80,Business Expansion,Retail,Luxury Travel,0,12,0.272,0.649,0.69,0.0,0.012,0.268,19,34,2308.35,0.207,0
BW-01480,46380.41,741,177164.64,0.33,8,4,42,Education,ATM Cash,ATM Cash,0,19,0.745,1.0,0.337,0.016,0.065,0.478,20,30,1496.14,0.883,0
BW-01481,82694.25,589,141056.74,0.401,5,2,21,Education,Retail,Equipment Vendor,0,16,0.419,0.561,0.586,0.045,0.423,0.449,18,34,2362.69,0.705,0
BW-01482,16419.86,791,47700.9,0.404,12,4,10,Equipment Purchase,Crypto Exchange,Luxury Travel,1,18,0.486,0.811,0.235,0.914,0.366,0.22,1,10,1492.71,0.386,0
BW-01483,56726.46,687,143480.88,0.373,21,6,57,Medical,Retail,Retail,0,26,0.803,1.0,0.267,0.117,0.208,0.362,24,39,1418.16,0.16,0
BW-01484,5547.07,729,44287.34,0.268,19,7,25,Equipment Purchase,Retail,ATM Cash,0,22,0.296,0.675,0.022,0.008,0.444,0.438,23,38,142.23,0.377,0
BW-01485,35835.65,749,34120.58,0.61,3,1,56,Medical,Crypto Exchange,Retail,0,0,0.097,0.37,0.777,0.68,0.176,0.147,26,40,874.04,0.257,1
BW-01486,39813.85,752,90543.88,0.424,1,4,38,Education,Casino,Retail,0,20,0.52,0.605,0.651,0.988,0.317,0.22,2,16,2341.99,0.768,0
BW-01487,42636.41,610,179036.73,0.324,3,5,86,Debt Consolidation,ATM Cash,ATM Cash,0,16,0.529,0.545,0.075,0.038,0.317,0.063,8,27,1522.73,0.712,0
BW-01488,71069.38,741,56232.59,0.458,7,7,113,Debt Consolidation,Retail,Equipment Vendor,0,21,0.797,0.856,0.8,0.126,0.092,0.593,29,32,2153.62,0.523,0
BW-01489,41913.02,554,130896.65,0.522,12,6,61,Business Expansion,ATM Cash,Crypto Exchange,0,24,0.968,1.0,0.484,0.143,0.142,0.052,10,12,3224.08,0.853,1
BW-01490,47625.89,786,56009.41,0.628,9,7,112,Equipment Purchase,Luxury Travel,Equipment Vendor,1,2,0.055,0.24,0.683,0.062,0.458,0.101,19,32,1443.21,0.254,1
BW-01491,27566.69,730,138718.05,0.375,17,5,47,Equipment Purchase,ATM Cash,Retail,1,26,0.592,0.934,0.053,0.145,0.092,0.288,7,16,1621.57,0.484,0
BW-01492,40458.92,586,105803.05,0.162,8,7,54,Debt Consolidation,Casino,Retail,0,26,0.681,0.867,0.312,0.583,0.087,0.519,17,22,1759.08,0.704,0
BW-01493,26590.61,605,131995.76,0.342,0,7,46,Medical,Casino,Equipment Vendor,0,13,0.986,1.0,0.536,0.786,0.24,0.214,28,38,681.81,0.158,0
BW-01494,11953.61,786,60430.98,0.363,12,6,68,Equipment Purchase,Retail,Crypto Exchange,0,11,0.943,0.953,0.085,0.12,0.046,0.461,29,32,362.23,0.417,0
BW-01495,62327.62,746,141844.25,0.593,17,1,4,Medical,Crypto Exchange,Crypto Exchange,0,14,0.712,0.812,0.391,0.879,0.447,0.406,3,12,4794.43,0.586,0
BW-01496,68480.22,622,179342.86,0.317,14,5,94,Medical,Casino,Luxury Travel,0,5,0.522,0.697,0.354,0.856,0.05,0.383,25,40,1670.25,0.412,0
BW-01497,63851.58,608,129847.58,0.624,1,5,66,Medical,Crypto Exchange,Casino,0,19,0.162,0.414,0.173,0.587,0.308,0.507,15,22,2776.16,0.508,0
BW-01498,49031.93,789,104022.0,0.367,10,0,93,Medical,Luxury Travel,Retail,0,21,0.384,0.453,0.24,0.059,0.17,0.009,4,12,3771.69,0.617,0
BW-01499,41079.65,551,168476.1,0.636,13,3,43,Business Expansion,Crypto Exchange,Crypto Exchange,0,1,0.585,0.891,0.774,0.697,0.402,0.557,17,20,1956.17,0.413,0
BW-01500,87016.7,737,32377.78,0.105,21,5,62,Business Expansion,Equipment Vendor,ATM Cash,0,3,0.725,0.871,0.231,0.01,0.295,0.498,11,27,3107.74,0.19,0
BW-01501,54312.77,579,139488.53,0.594,14,3,100,Debt Consolidation,Crypto Exchange,Retail,0,12,0.635,0.962,0.171,0.648,0.194,0.563,6,15,3394.55,0.219,0
BW-01502,50522.28,816,163311.98,0.612,13,6,85,Business Expansion,Casino,Casino,0,12,0.714,0.753,0.429,0.937,0.492,0.476,17,29,1684.08,0.548,0
BW-01503,7436.0,657,39251.19,0.629,15,2,85,Equipment Purchase,Crypto Exchange,ATM Cash,1,22,0.429,0.701,0.537,0.616,0.033,0.527,10,26,275.41,0.249,1
BW-01504,37418.54,639,97509.63,0.107,22,4,112,Business Expansion,Crypto Exchange,Retail,0,26,0.728,0.845,0.58,0.572,0.289,0.122,1,19,1870.93,0.856,0
BW-01505,41118.58,754,60707.92,0.194,14,0,85,Equipment Purchase,Equipment Vendor,Crypto Exchange,0,21,0.144,0.462,0.603,0.062,0.495,0.192,18,34,1174.82,0.809,0
BW-01506,42888.16,769,114977.72,0.46,18,6,4,Equipment Purchase,Equipment Vendor,Luxury Travel,0,24,0.163,0.324,0.029,0.107,0.345,0.189,14,17,2382.68,0.397,0
BW-01507,60116.38,643,127431.44,0.114,8,1,65,Medical,Retail,Equipment Vendor,0,26,0.163,0.429,0.315,0.136,0.37,0.066,19,24,2404.66,0.806,0
BW-01508,55692.24,652,75393.48,0.135,4,2,62,Debt Consolidation,Casino,ATM Cash,0,22,0.891,1.0,0.619,0.488,0.016,0.438,29,42,1295.17,0.553,1
BW-01509,62750.98,772,98997.25,0.222,4,7,90,Medical,Retail,Equipment Vendor,0,16,0.076,0.084,0.724,0.077,0.011,0.082,18,26,2324.11,0.235,0
BW-01510,77663.91,735,71900.92,0.382,10,0,115,Medical,Equipment Vendor,Crypto Exchange,0,5,0.802,0.806,0.482,0.102,0.018,0.032,24,29,2588.8,0.622,0
BW-01511,82233.65,733,85408.67,0.4,19,0,2,Business Expansion,Crypto Exchange,Crypto Exchange,0,10,0.234,0.542,0.042,0.759,0.496,0.465,22,31,2569.8,0.678,0
BW-01512,73221.69,711,53930.99,0.119,24,6,9,Business Expansion,Equipment Vendor,ATM Cash,0,18,0.468,0.727,0.317,0.097,0.49,0.543,1,6,10460.24,0.171,0
BW-01513,95774.75,796,162833.92,0.194,23,1,119,Equipment Purchase,Luxury Travel,Casino,1,15,0.916,1.0,0.059,0.039,0.167,0.458,22,30,3089.51,0.367,1
BW-01514,6732.1,580,31501.56,0.375,3,1,57,Business Expansion,Crypto Exchange,ATM Cash,0,7,0.586,0.784,0.599,0.673,0.145,0.495,1,13,480.86,0.105,0
BW-01515,23598.91,601,162361.38,0.427,19,3,45,Business Expansion,Retail,Retail,0,28,0.21,0.227,0.051,0.031,0.073,0.357,9,24,943.96,0.369,0
BW-01516,5718.47,625,115751.83,0.182,17,4,18,Education,Crypto Exchange,Casino,0,0,0.284,0.361,0.149,0.861,0.165,0.533,14,29,190.62,0.385,0
BW-01517,66510.1,827,79748.68,0.319,24,6,112,Equipment Purchase,Luxury Travel,Equipment Vendor,1,9,0.92,1.0,0.334,0.088,0.185,0.298,3,21,3023.19,0.636,1
BW-01518,90312.9,589,138458.57,0.597,2,2,48,Equipment Purchase,Equipment Vendor,Retail,0,1,0.427,0.761,0.37,0.13,0.374,0.593,12,16,5312.52,0.269,0
BW-01519,28130.82,650,106162.82,0.649,3,4,42,Education,Casino,Casino,0,18,0.587,0.779,0.325,0.46,0.433,0.062,17,27,1004.67,0.126,0
BW-01520,93068.28,660,104866.3,0.643,13,2,41,Equipment Purchase,ATM Cash,Equipment Vendor,1,13,0.46,0.695,0.371,0.029,0.373,0.486,17,31,2908.38,0.368,0
BW-01521,10725.4,798,46521.34,0.585,6,0,75,Debt Consolidation,Casino,Retail,0,2,0.378,0.728,0.571,0.559,0.323,0.385,2,9,1072.54,0.802,0
BW-01522,93771.42,740,88427.4,0.317,7,5,89,Debt Consolidation,Casino,Luxury Travel,0,22,0.223,0.347,0.295,0.872,0.383,0.348,29,43,2131.17,0.439,0
BW-01523,38404.16,731,66159.65,0.478,23,5,90,Education,Equipment Vendor,ATM Cash,0,28,0.686,0.966,0.438,0.026,0.369,0.435,6,16,2259.07,0.453,0
BW-01524,14634.98,758,32354.39,0.329,15,6,58,Business Expansion,Casino,ATM Cash,0,23,0.718,1.0,0.243,0.941,0.238,0.504,1,13,1045.36,0.499,0
BW-01525,51157.82,571,84014.94,0.457,19,1,100,Debt Consolidation,Luxury Travel,ATM Cash,0,8,0.275,0.356,0.283,0.078,0.168,0.518,23,24,2046.31,0.739,0
BW-01526,29393.77,715,43473.32,0.27,14,1,42,Education,Equipment Vendor,Luxury Travel,0,22,0.789,0.932,0.491,0.123,0.141,0.105,27,28,1013.58,0.508,0
BW-01527,32062.93,648,68524.51,0.433,6,7,35,Debt Consolidation,Casino,Casino,0,7,0.855,1.0,0.392,0.619,0.34,0.118,12,23,1335.96,0.178,0
BW-01528,34192.55,757,43877.49,0.388,16,0,38,Medical,ATM Cash,Crypto Exchange,0,10,0.921,1.0,0.578,0.052,0.48,0.01,4,23,1424.69,0.275,0
BW-01529,81287.46,557,45141.24,0.113,21,0,67,Education,Retail,Retail,0,14,0.161,0.25,0.448,0.1,0.291,0.079,23,31,2540.23,0.26,0
BW-01530,56220.32,739,59851.69,0.535,21,2,41,Equipment Purchase,Equipment Vendor,Casino,0,5,0.304,0.331,0.643,0.02,0.456,0.158,16,35,1561.68,0.532,0
BW-01531,34574.23,724,179977.39,0.107,21,0,99,Debt Consolidation,Equipment Vendor,Crypto Exchange,0,1,0.86,0.968,0.355,0.035,0.007,0.433,20,34,987.84,0.125,0
BW-01532,62981.71,822,30327.62,0.261,11,7,50,Equipment Purchase,Crypto Exchange,ATM Cash,1,0,0.199,0.358,0.393,0.741,0.397,0.285,11,17,3498.98,0.341,1
BW-01533,73034.31,566,125800.9,0.103,17,6,104,Education,Casino,ATM Cash,0,2,0.003,0.179,0.536,0.773,0.427,0.455,20,33,2148.07,0.616,0
BW-01534,30899.28,639,51186.55,0.307,23,2,86,Debt Consolidation,Retail,ATM Cash,0,24,0.871,1.0,0.177,0.043,0.315,0.292,20,36,835.12,0.401,0
BW-01535,44287.16,690,168094.22,0.135,13,4,72,Equipment Purchase,ATM Cash,Crypto Exchange,1,28,0.326,0.686,0.309,0.073,0.467,0.333,26,27,1581.68,0.702,1
BW-01536,16579.18,694,44044.93,0.602,14,1,79,Business Expansion,Luxury Travel,Retail,0,22,0.414,0.546,0.5,0.06,0.295,0.067,28,36,448.09,0.433,0
BW-01537,22209.19,715,173259.48,0.329,14,1,45,Business Expansion,Equipment Vendor,Retail,0,17,0.446,0.786,0.023,0.135,0.12,0.466,10,22,965.62,0.932,0
BW-01538,69706.2,627,121638.96,0.353,4,5,71,Medical,Luxury Travel,Crypto Exchange,0,13,0.848,0.885,0.35,0.011,0.108,0.455,8,12,5362.02,0.921,0
BW-01539,22236.64,811,30190.21,0.292,15,5,19,Education,Luxury Travel,Equipment Vendor,0,16,0.338,0.355,0.479,0.085,0.278,0.185,2,5,3706.11,0.78,0
BW-01540,54890.52,712,164101.08,0.445,4,7,104,Equipment Purchase,Luxury Travel,ATM Cash,1,1,0.892,1.0,0.774,0.127,0.453,0.197,8,8,6098.95,0.911,1
BW-01541,72359.39,563,108256.77,0.531,1,6,106,Medical,Crypto Exchange,Casino,0,18,0.617,0.641,0.702,0.632,0.036,0.132,26,34,2067.41,0.274,1
BW-01542,15153.31,788,69400.46,0.456,19,1,17,Education,Luxury Travel,Retail,0,29,0.527,0.684,0.225,0.105,0.302,0.488,27,42,352.4,0.738,0
BW-01543,58894.66,621,145091.88,0.512,24,7,65,Business Expansion,Casino,Crypto Exchange,0,21,0.326,0.685,0.406,0.464,0.385,0.448,1,19,2944.73,0.373,0
BW-01544,29373.46,692,168999.83,0.598,8,6,109,Equipment Purchase,Casino,Equipment Vendor,1,27,0.244,0.341,0.045,0.485,0.058,0.365,29,31,917.92,0.717,1
BW-01545,96478.05,832,102553.62,0.575,21,4,93,Debt Consolidation,Retail,Luxury Travel,0,8,0.624,0.906,0.193,0.053,0.058,0.143,23,25,3710.69,0.418,0
BW-01546,50936.84,818,77333.02,0.471,8,4,77,Business Expansion,Retail,Crypto Exchange,0,7,0.447,0.568,0.62,0.091,0.183,0.103,7,13,3638.35,0.346,0
BW-01547,81569.29,790,148341.77,0.218,3,3,56,Debt Consolidation,ATM Cash,Equipment Vendor,0,9,0.911,0.929,0.099,0.111,0.137,0.03,22,39,2039.23,0.915,0
BW-01548,57271.52,794,132267.82,0.451,14,2,112,Debt Consolidation,Luxury Travel,Luxury Travel,0,8,0.492,0.715,0.206,0.123,0.099,0.027,14,33,1684.46,0.278,0
BW-01549,9124.19,712,163312.87,0.378,10,5,93,Equipment Purchase,Luxury Travel,Equipment Vendor,1,26,0.512,0.846,0.755,0.062,0.099,0.112,4,10,829.47,0.745,1
BW-01550,65149.38,609,133877.1,0.494,0,2,41,Equipment Purchase,Crypto Exchange,Retail,1,26,0.417,0.581,0.659,0.451,0.065,0.06,21,36,1760.79,0.673,1
BW-01551,95383.32,555,66529.25,0.558,17,5,42,Debt Consolidation,Luxury Travel,Crypto Exchange,0,7,0.789,1.0,0.625,0.137,0.305,0.334,17,20,4542.06,0.358,0
BW-01552,62153.12,746,169748.89,0.508,0,3,6,Medical,Luxury Travel,Luxury Travel,0,6,0.425,0.785,0.692,0.138,0.344,0.215,2,14,4143.54,0.49,0
BW-01553,82822.94,607,45725.36,0.566,7,1,69,Debt Consolidation,Luxury Travel,Equipment Vendor,0,21,0.269,0.585,0.6,0.106,0.351,0.267,26,35,2300.64,0.222,0
BW-01554,88999.61,766,70191.41,0.135,24,7,98,Debt Consolidation,Equipment Vendor,Luxury Travel,0,23,0.862,0.94,0.096,0.096,0.266,0.356,23,24,3559.98,0.883,0
BW-01555,26667.58,575,108029.19,0.117,15,6,75,Equipment Purchase,Equipment Vendor,Casino,0,5,0.597,0.89,0.413,0.08,0.476,0.395,2,20,1269.88,0.923,0
BW-01556,25144.26,554,114861.3,0.242,21,2,73,Education,Crypto Exchange,Crypto Exchange,0,1,0.592,0.793,0.355,0.478,0.44,0.389,8,21,1142.92,0.723,0
BW-01557,63043.19,569,32296.59,0.595,17,5,102,Business Expansion,Crypto Exchange,Retail,0,28,0.611,0.909,0.249,0.487,0.479,0.157,7,12,4849.48,0.822,0
BW-01558,44047.7,747,147085.91,0.553,21,2,40,Equipment Purchase,Casino,Luxury Travel,1,8,0.719,0.917,0.667,0.855,0.194,0.486,26,38,1129.43,0.17,1
BW-01559,84786.82,608,84241.1,0.476,8,1,41,Medical,Crypto Exchange,ATM Cash,0,8,0.313,0.364,0.371,0.487,0.439,0.551,8,19,4239.34,0.426,0
BW-01560,90502.2,791,90962.78,0.485,11,6,9,Business Expansion,ATM Cash,Equipment Vendor,0,18,0.034,0.262,0.048,0.087,0.381,0.19,20,31,2828.19,0.381,0
BW-01561,38575.03,695,151405.43,0.5,18,0,8,Equipment Purchase,Casino,ATM Cash,1,8,0.811,1.0,0.22,0.523,0.17,0.01,17,28,1330.17,0.58,1
BW-01562,27502.7,822,86892.51,0.618,24,5,44,Equipment Purchase,Luxury Travel,Luxury Travel,1,1,0.129,0.336,0.183,0.079,0.053,0.539,23,33,808.9,0.256,0
BW-01563,79149.92,798,37083.73,0.558,17,7,58,Education,Crypto Exchange,ATM Cash,0,27,0.722,1.0,0.71,0.445,0.341,0.554,17,30,2553.22,0.579,0
BW-01564,31106.57,563,56465.97,0.443,4,0,104,Medical,ATM Cash,Equipment Vendor,0,29,0.082,0.44,0.518,0.009,0.068,0.031,7,10,2827.87,0.656,0
BW-01565,83148.36,562,173385.48,0.466,1,3,67,Medical,Crypto Exchange,Luxury Travel,0,18,0.375,0.556,0.448,0.916,0.147,0.003,25,37,2188.11,0.213,0
BW-01566,45255.13,593,40560.8,0.218,6,6,13,Equipment Purchase,Crypto Exchange,Retail,1,15,0.063,0.245,0.405,0.648,0.25,0.49,5,12,3481.16,0.212,1
BW-01567,68417.24,568,83239.68,0.462,9,4,19,Education,Casino,Retail,0,29,0.522,0.728,0.52,0.767,0.34,0.181,15,17,3800.96,0.13,0
BW-01568,14075.85,612,105476.88,0.334,14,2,98,Equipment Purchase,Casino,Crypto Exchange,1,21,0.653,0.861,0.604,0.785,0.463,0.549,2,15,879.74,0.747,1
BW-01569,64266.64,788,103992.12,0.184,24,5,96,Debt Consolidation,Retail,Retail,0,13,0.171,0.551,0.444,0.044,0.297,0.13,11,29,2142.22,0.381,0
BW-01570,47917.93,649,30593.99,0.544,6,7,49,Debt Consolidation,Casino,Luxury Travel,0,19,0.372,0.632,0.751,0.712,0.336,0.517,17,34,1369.08,0.292,0
BW-01571,60727.8,712,105174.41,0.381,4,2,80,Education,Casino,Luxury Travel,0,23,0.93,1.0,0.781,0.706,0.155,0.041,24,34,1735.08,0.761,1
BW-01572,20961.35,671,87565.87,0.638,14,3,100,Equipment Purchase,Equipment Vendor,Retail,0,0,0.442,0.655,0.796,0.098,0.344,0.156,13,25,806.21,0.222,0
BW-01573,75003.01,593,175811.9,0.255,19,3,82,Education,Crypto Exchange,Casino,0,12,0.803,1.0,0.536,0.822,0.219,0.584,4,9,7500.3,0.463,0
BW-01574,86965.72,694,53873.86,0.364,19,2,78,Equipment Purchase,Casino,Luxury Travel,1,21,0.927,1.0,0.746,0.608,0.428,0.139,24,41,2070.61,0.733,1
BW-01575,25590.28,599,83123.13,0.346,14,5,30,Equipment Purchase,Crypto Exchange,Crypto Exchange,1,1,0.974,1.0,0.324,0.598,0.196,0.08,18,37,673.43,0.588,1
BW-01576,14092.88,614,92922.22,0.166,9,7,66,Debt Consolidation,Crypto Exchange,Casino,0,21,0.898,0.969,0.688,0.562,0.234,0.514,29,29,469.76,0.571,1
BW-01577,7245.67,837,88604.03,0.334,23,6,77,Business Expansion,Equipment Vendor,Retail,0,13,0.317,0.33,0.727,0.073,0.216,0.071,14,15,452.85,0.234,0
BW-01578,65987.29,713,129874.62,0.258,13,1,91,Medical,Crypto Exchange,Equipment Vendor,0,0,0.963,1.0,0.723,0.616,0.406,0.058,19,25,2537.97,0.254,0
BW-01579,62673.93,690,62326.93,0.188,9,6,59,Medical,ATM Cash,Luxury Travel,0,14,0.812,0.983,0.665,0.052,0.477,0.194,3,7,7834.24,0.595,0
BW-01580,56936.25,677,63160.73,0.255,16,1,53,Education,Casino,Equipment Vendor,0,17,0.837,0.862,0.325,0.644,0.164,0.381,4,22,2475.49,0.12,0
BW-01581,27034.97,788,139381.64,0.228,20,7,52,Medical,Crypto Exchange,ATM Cash,0,8,0.015,0.341,0.127,0.902,0.238,0.426,25,26,1001.3,0.839,1
BW-01582,42136.07,845,105043.58,0.504,13,4,81,Debt Consolidation,Retail,Crypto Exchange,0,21,0.954,1.0,0.267,0.062,0.353,0.529,9,11,3511.34,0.398,0
BW-01583,61475.25,736,92273.35,0.117,1,6,31,Business Expansion,Retail,Casino,0,7,0.778,1.0,0.614,0.064,0.448,0.325,21,40,1499.4,0.454,0
BW-01584,52192.85,757,55380.46,0.44,15,7,15,Equipment Purchase,Equipment Vendor,Equipment Vendor,0,6,0.768,0.83,0.186,0.07,0.247,0.236,23,32,1581.6,0.32,0
BW-01585,98839.62,769,58129.08,0.518,12,2,20,Equipment Purchase,ATM Cash,Crypto Exchange,1,8,0.082,0.105,0.383,0.129,0.054,0.215,14,23,4118.32,0.845,1
BW-01586,17961.78,739,31582.75,0.364,8,2,5,Debt Consolidation,Casino,Equipment Vendor,0,8,0.233,0.426,0.452,0.653,0.184,0.508,29,36,485.45,0.646,0
BW-01587,71038.73,833,43713.94,0.612,6,5,7,Medical,Equipment Vendor,Equipment Vendor,0,10,0.962,1.0,0.483,0.015,0.275,0.434,25,33,2089.37,0.482,0
BW-01588,43410.28,786,113525.8,0.489,15,2,18,Equipment Purchase,Retail,Crypto Exchange,0,3,0.501,0.876,0.749,0.093,0.209,0.543,17,18,2284.75,0.598,0
BW-01589,45678.96,743,163780.97,0.511,9,5,56,Medical,ATM Cash,Luxury Travel,0,6,0.398,0.402,0.529,0.026,0.093,0.578,29,31,1427.47,0.423,0
BW-01590,73171.79,836,73074.71,0.208,23,7,75,Debt Consolidation,Casino,Equipment Vendor,0,20,0.84,1.0,0.629,0.938,0.018,0.18,2,17,4065.1,0.496,1
BW-01591,70781.43,808,79162.08,0.528,21,2,96,Equipment Purchase,Crypto Exchange,Crypto Exchange,1,6,0.087,0.458,0.466,0.79,0.344,0.318,14,17,3932.3,0.404,1
BW-01592,99169.32,795,47340.84,0.558,8,3,114,Education,Casino,Equipment Vendor,0,3,0.417,0.571,0.667,0.864,0.496,0.379,22,27,3541.76,0.449,0
BW-01593,17197.46,685,88294.64,0.299,21,0,91,Business Expansion,Luxury Travel,Luxury Travel,0,11,0.376,0.413,0.211,0.054,0.46,0.098,16,28,593.02,0.368,0
BW-01594,14890.42,829,35583.26,0.217,22,7,90,Medical,Casino,Crypto Exchange,0,25,0.35,0.471,0.168,0.715,0.342,0.032,19,24,595.62,0.166,0
BW-01595,73812.19,820,167640.1,0.312,6,2,101,Medical,Crypto Exchange,Equipment Vendor,0,26,0.308,0.507,0.741,0.98,0.421,0.521,16,25,2838.93,0.132,1
BW-01596,59946.76,720,130966.7,0.507,15,0,45,Medical,Luxury Travel,Retail,0,26,0.21,0.284,0.555,0.084,0.128,0.321,11,27,2140.96,0.248,0
BW-01597,31045.26,708,178612.32,0.33,8,1,28,Medical,ATM Cash,Luxury Travel,0,16,0.173,0.36,0.537,0.004,0.311,0.342,28,35,862.37,0.314,0
BW-01598,12544.84,750,162423.47,0.505,23,4,50,Debt Consolidation,Equipment Vendor,Equipment Vendor,0,19,0.64,0.975,0.374,0.145,0.03,0.333,27,35,348.47,0.857,0
BW-01599,13137.53,594,100948.59,0.162,16,6,2,Debt Consolidation,ATM Cash,Casino,0,28,0.919,1.0,0.301,0.051,0.354,0.453,14,15,821.1,0.62,0
BW-01600,89948.13,813,107952.75,0.543,19,6,84,Debt Consolidation,Casino,Crypto Exchange,0,25,0.509,0.529,0.445,0.511,0.485,0.087,7,23,3747.84,0.915,0
BW-01601,23227.4,620,58586.41,0.239,6,7,68,Debt Consolidation,Equipment Vendor,Equipment Vendor,0,2,0.298,0.362,0.096,0.122,0.43,0.368,5,24,929.1,0.389,0
BW-01602,35720.3,652,99305.9,0.237,10,1,77,Equipment Purchase,Casino,Luxury Travel,1,8,0.159,0.269,0.364,0.647,0.267,0.282,26,36,965.41,0.441,1
BW-01603,26532.36,674,165454.18,0.425,7,2,24,Debt Consolidation,Retail,Luxury Travel,0,4,0.83,1.0,0.364,0.112,0.394,0.538,8,25,1020.48,0.712,1
BW-01604,38724.65,835,37628.01,0.139,6,6,112,Equipment Purchase,Retail,Casino,0,19,0.971,1.0,0.431,0.125,0.472,0.312,29,31,1210.15,0.591,0
BW-01605,11595.27,779,159533.52,0.114,18,5,102,Education,Crypto Exchange,Casino,0,15,0.349,0.687,0.508,0.588,0.108,0.566,17,25,445.97,0.549,0
BW-01606,54310.68,695,81142.17,0.244,19,1,104,Debt Consolidation,ATM Cash,ATM Cash,0,7,0.291,0.578,0.766,0.149,0.397,0.212,25,32,1645.78,0.589,0
BW-01607,11423.19,746,164926.91,0.396,11,3,48,Education,Retail,ATM Cash,0,20,0.601,0.641,0.522,0.003,0.135,0.58,14,20,543.96,0.597,0
BW-01608,81033.87,770,171131.99,0.599,6,0,45,Debt Consolidation,Luxury Travel,Equipment Vendor,0,15,0.775,1.0,0.707,0.033,0.438,0.525,27,33,2383.35,0.751,0
BW-01609,27202.65,609,130629.73,0.566,7,5,119,Education,Luxury Travel,Retail,0,18,0.455,0.5,0.445,0.117,0.049,0.351,10,17,1511.26,0.668,0
BW-01610,56301.13,647,129663.57,0.37,6,6,93,Business Expansion,Casino,Luxury Travel,0,15,0.63,0.732,0.502,0.633,0.089,0.212,22,41,1340.5,0.914,0
BW-01611,88607.51,720,97913.15,0.12,5,5,58,Education,Equipment Vendor,Retail,0,17,0.717,0.788,0.056,0.105,0.36,0.226,12,16,5212.21,0.906,0
BW-01612,66833.35,722,155331.03,0.394,24,2,36,Equipment Purchase,Luxury Travel,Retail,1,14,0.961,1.0,0.107,0.128,0.087,0.464,5,7,8354.17,0.459,1
BW-01613,55630.99,700,174241.91,0.488,8,3,2,Medical,Casino,Equipment Vendor,0,23,0.165,0.412,0.464,0.428,0.079,0.348,8,26,2060.41,0.13,0
BW-01614,35811.71,671,146262.27,0.287,12,0,105,Education,Equipment Vendor,Crypto Exchange,0,27,0.997,1.0,0.317,0.071,0.278,0.241,28,29,1193.72,0.109,0
BW-01615,36635.18,657,123290.51,0.161,6,3,18,Medical,Retail,Crypto Exchange,0,17,0.392,0.462,0.639,0.146,0.417,0.382,12,25,1409.05,0.205,0
BW-01616,68601.26,553,121018.93,0.253,7,1,49,Business Expansion,Casino,Crypto Exchange,0,13,0.723,1.0,0.435,0.93,0.134,0.44,4,5,11433.54,0.164,0
BW-01617,99443.24,642,157420.49,0.524,21,2,8,Business Expansion,Equipment Vendor,Casino,0,23,0.572,0.741,0.706,0.033,0.421,0.014,28,37,2616.93,0.417,0
BW-01618,67874.72,555,111180.56,0.293,16,5,58,Equipment Purchase,Crypto Exchange,Luxury Travel,1,15,0.487,0.526,0.778,0.627,0.404,0.054,13,32,2056.81,0.145,1
BW-01619,57989.42,837,150578.98,0.547,16,5,15,Equipment Purchase,ATM Cash,Casino,1,4,0.698,0.746,0.118,0.097,0.29,0.057,25,34,1656.84,0.631,0
BW-01620,74411.8,655,106332.79,0.276,15,1,105,Education,ATM Cash,Luxury Travel,0,7,0.396,0.63,0.316,0.069,0.323,0.139,21,37,1958.21,0.262,0
BW-01621,49194.53,695,39366.64,0.19,21,5,17,Debt Consolidation,Crypto Exchange,ATM Cash,0,15,0.126,0.518,0.532,0.822,0.02,0.256,17,18,2589.19,0.537,0
BW-01622,10713.52,820,87592.05,0.34,1,4,23,Business Expansion,Luxury Travel,Luxury Travel,0,20,0.489,0.718,0.244,0.062,0.184,0.482,24,24,428.54,0.188,0
BW-01623,58418.2,645,96666.14,0.349,7,2,66,Medical,ATM Cash,Luxury Travel,0,0,0.522,0.902,0.214,0.079,0.132,0.211,25,42,1358.56,0.804,0
BW-01624,95974.4,778,51242.59,0.109,16,1,70,Debt Consolidation,Equipment Vendor,Equipment Vendor,0,27,0.202,0.38,0.651,0.143,0.075,0.01,21,24,3838.98,0.763,0
BW-01625,21653.78,751,45374.45,0.164,12,2,93,Business Expansion,Crypto Exchange,Crypto Exchange,0,28,0.936,1.0,0.784,0.558,0.195,0.29,29,29,721.79,0.429,1
BW-01626,70550.46,761,110319.74,0.202,17,0,27,Education,Luxury Travel,Casino,0,10,0.227,0.427,0.619,0.038,0.177,0.598,5,21,3206.84,0.874,0
BW-01627,24088.7,555,42771.55,0.162,23,2,37,Business Expansion,Casino,ATM Cash,0,29,0.409,0.688,0.419,0.981,0.364,0.209,6,8,2676.52,0.258,0
BW-01628,55903.63,661,75441.78,0.288,21,2,49,Equipment Purchase,Casino,Casino,1,10,0.155,0.302,0.354,0.952,0.299,0.577,9,10,5082.15,0.792,1
BW-01629,14184.26,655,141689.55,0.631,9,0,64,Medical,Equipment Vendor,Equipment Vendor,0,1,0.536,0.882,0.432,0.122,0.457,0.061,5,22,616.71,0.564,0
BW-01630,47785.24,688,174664.83,0.38,1,1,34,Medical,Equipment Vendor,Luxury Travel,0,29,0.308,0.32,0.37,0.009,0.073,0.104,2,5,7964.21,0.38,0
BW-01631,76835.52,848,137680.59,0.445,1,2,18,Equipment Purchase,Equipment Vendor,ATM Cash,0,21,0.489,0.665,0.402,0.05,0.03,0.434,3,5,12805.92,0.172,0
BW-01632,38019.29,645,178893.83,0.296,13,3,64,Debt Consolidation,ATM Cash,Crypto Exchange,0,18,0.225,0.429,0.163,0.014,0.267,0.301,11,22,1653.01,0.246,0
BW-01633,68166.61,846,134750.7,0.278,15,2,106,Equipment Purchase,Equipment Vendor,Retail,0,23,0.054,0.297,0.723,0.013,0.001,0.459,10,25,2621.79,0.833,0
BW-01634,80567.75,763,74069.17,0.113,6,1,74,Medical,Crypto Exchange,Retail,0,4,0.779,0.889,0.604,0.561,0.394,0.518,3,13,5754.84,0.616,0
BW-01635,93081.89,840,130807.88,0.375,20,7,102,Education,Crypto Exchange,Equipment Vendor,0,2,0.641,0.812,0.545,0.606,0.253,0.151,9,18,4899.05,0.302,0
BW-01636,27291.0,571,135323.51,0.366,20,5,44,Debt Consolidation,Luxury Travel,Crypto Exchange,0,27,0.341,0.535,0.76,0.131,0.244,0.41,8,26,1010.78,0.521,0
BW-01637,42935.01,742,85759.05,0.187,23,6,17,Business Expansion,Crypto Exchange,Retail,0,25,0.047,0.322,0.228,0.704,0.181,0.365,16,25,1651.35,0.192,0
BW-01638,19479.52,699,32657.08,0.52,11,0,59,Education,ATM Cash,Retail,0,22,0.866,1.0,0.065,0.044,0.187,0.517,29,31,608.74,0.184,0
BW-01639,99285.93,796,135479.97,0.371,22,5,13,Debt Consolidation,Casino,ATM Cash,0,29,0.17,0.465,0.661,0.717,0.216,0.258,29,34,2836.74,0.872,1
BW-01640,93065.09,816,33255.01,0.286,13,1,52,Medical,Luxury Travel,ATM Cash,0,7,0.931,1.0,0.799,0.094,0.008,0.031,22,35,2585.14,0.489,0
BW-01641,56295.93,800,124678.21,0.181,24,4,60,Medical,Crypto Exchange,Casino,0,3,0.479,0.879,0.463,0.551,0.042,0.345,21,32,1705.94,0.407,0
BW-01642,84993.16,552,54542.47,0.404,3,6,112,Education,Equipment Vendor,Crypto Exchange,0,28,0.34,0.679,0.047,0.097,0.253,0.575,26,33,2499.8,0.907,0
BW-01643,54491.01,625,114840.53,0.514,3,5,42,Debt Consolidation,Crypto Exchange,Retail,0,12,0.742,0.846,0.624,0.75,0.075,0.009,2,3,13622.75,0.439,0
BW-01644,64240.64,636,105586.95,0.255,17,2,91,Business Expansion,Retail,ATM Cash,0,26,0.877,0.955,0.059,0.101,0.389,0.144,25,33,1889.43,0.386,0
BW-01645,13466.82,819,32027.05,0.22,2,6,64,Business Expansion,Luxury Travel,ATM Cash,0,24,0.371,0.497,0.432,0.059,0.137,0.19,10,23,561.12,0.332,0
BW-01646,76750.69,774,84429.87,0.387,0,2,117,Equipment Purchase,ATM Cash,ATM Cash,1,21,0.407,0.588,0.222,0.069,0.049,0.46,24,24,3070.03,0.58,0
BW-01647,17132.78,567,120163.68,0.185,16,0,66,Education,Crypto Exchange,Casino,0,13,0.433,0.773,0.732,0.946,0.118,0.194,14,16,1007.81,0.575,1
BW-01648,83476.42,662,157290.98,0.467,6,2,34,Debt Consolidation,Crypto Exchange,Crypto Exchange,0,0,0.922,1.0,0.361,0.706,0.179,0.143,5,24,3339.06,0.114,1
BW-01649,79292.67,800,163296.32,0.433,15,6,95,Education,ATM Cash,Luxury Travel,0,4,0.693,1.0,0.719,0.092,0.018,0.389,22,27,2831.88,0.656,0
BW-01650,72330.75,782,102577.5,0.148,4,3,87,Business Expansion,Casino,ATM Cash,0,20,0.248,0.357,0.239,0.948,0.071,0.028,25,44,1607.35,0.77,0
BW-01651,8435.24,828,139263.37,0.12,18,3,71,Debt Consolidation,Equipment Vendor,Crypto Exchange,0,6,0.185,0.422,0.31,0.014,0.162,0.102,1,13,602.52,0.624,0
BW-01652,33797.19,751,77468.19,0.441,6,7,102,Medical,Equipment Vendor,Equipment Vendor,0,22,0.23,0.343,0.758,0.068,0.155,0.245,13,23,1408.22,0.839,0
BW-01653,29995.69,632,81327.96,0.262,13,5,64,Medical,Casino,Casino,0,5,0.264,0.308,0.161,0.833,0.4,0.213,4,18,1578.72,0.335,0
BW-01654,39212.96,674,59169.53,0.148,1,1,33,Debt Consolidation,Casino,Luxury Travel,0,14,0.23,0.504,0.463,0.556,0.422,0.208,21,38,1005.46,0.263,0
BW-01655,13326.06,724,114292.22,0.518,2,7,12,Education,Retail,ATM Cash,0,14,0.659,0.716,0.311,0.059,0.097,0.065,9,27,475.93,0.693,0
BW-01656,94010.99,618,77184.62,0.273,16,0,109,Education,ATM Cash,ATM Cash,0,7,0.116,0.383,0.619,0.123,0.062,0.217,16,34,2686.03,0.26,0
BW-01657,57611.21,596,42655.63,0.353,15,4,76,Medical,Luxury Travel,Casino,0,1,0.387,0.646,0.103,0.004,0.317,0.479,28,33,1694.45,0.177,0
BW-01658,34024.81,805,132750.91,0.23,7,7,19,Medical,Equipment Vendor,Casino,0,13,0.625,0.949,0.35,0.044,0.402,0.248,21,35,945.13,0.182,0
BW-01659,42713.24,764,136162.98,0.445,17,5,9,Business Expansion,Casino,Retail,0,28,0.291,0.347,0.559,0.772,0.482,0.352,21,34,1220.38,0.753,0
BW-01660,47484.24,579,83998.86,0.266,14,1,74,Debt Consolidation,Casino,ATM Cash,0,15,0.065,0.378,0.326,0.654,0.003,0.098,28,32,1438.92,0.124,0
BW-01661,62056.46,830,41508.51,0.632,6,0,17,Education,ATM Cash,Crypto Exchange,0,28,0.082,0.482,0.047,0.062,0.207,0.042,28,38,1591.19,0.346,0
BW-01662,53989.55,786,93944.66,0.487,8,6,50,Business Expansion,Luxury Travel,Casino,0,22,0.126,0.466,0.564,0.133,0.367,0.528,19,38,1384.35,0.21,0
BW-01663,92342.24,797,96350.32,0.175,5,0,104,Education,Casino,Casino,0,9,0.836,1.0,0.403,0.903,0.414,0.199,24,36,2495.74,0.742,0
BW-01664,52211.53,574,130300.63,0.329,17,6,39,Medical,Retail,Equipment Vendor,0,14,0.658,0.923,0.009,0.033,0.031,0.21,14,26,1933.76,0.528,0
BW-01665,99255.01,623,77312.46,0.312,17,5,41,Debt Consolidation,Luxury Travel,Equipment Vendor,0,22,0.065,0.234,0.49,0.127,0.34,0.527,23,26,3676.11,0.275,0
BW-01666,85885.37,755,132389.89,0.394,24,1,10,Equipment Purchase,Retail,Equipment Vendor,0,3,0.391,0.683,0.736,0.135,0.144,0.425,24,32,2602.59,0.738,0
BW-01667,24808.5,643,160723.28,0.563,23,7,12,Debt Consolidation,Crypto Exchange,Casino,0,11,0.279,0.569,0.089,0.796,0.037,0.454,20,32,751.77,0.738,1
BW-01668,93406.55,676,65622.91,0.421,13,1,79,Equipment Purchase,Equipment Vendor,Luxury Travel,0,9,0.578,0.831,0.473,0.009,0.245,0.409,8,15,5837.91,0.545,0
BW-01669,16054.81,574,176837.93,0.134,13,2,95,Business Expansion,Casino,Crypto Exchange,0,1,0.523,0.842,0.583,0.488,0.079,0.063,10,29,535.16,0.334,0
BW-01670,82657.72,665,87955.22,0.46,13,4,15,Equipment Purchase,Luxury Travel,Casino,1,3,0.481,0.661,0.057,0.039,0.369,0.575,20,30,2666.38,0.598,0
BW-01671,41159.21,597,70088.8,0.105,24,3,28,Equipment Purchase,Retail,Retail,0,19,0.315,0.364,0.018,0.114,0.371,0.545,1,19,2057.96,0.894,0
BW-01672,88407.56,775,93226.68,0.529,3,2,4,Business Expansion,Equipment Vendor,ATM Cash,0,27,0.138,0.362,0.371,0.076,0.421,0.142,20,20,4209.88,0.144,0
BW-01673,87465.39,815,44159.62,0.467,3,0,36,Debt Consolidation,Equipment Vendor,Luxury Travel,0,27,0.742,0.848,0.633,0.068,0.189,0.482,5,13,6247.53,0.327,0
BW-01674,81562.91,648,48855.89,0.27,14,4,119,Business Expansion,Casino,Luxury Travel,0,5,0.88,1.0,0.129,0.963,0.007,0.246,26,27,2912.96,0.342,1
BW-01675,80052.89,560,92165.11,0.261,14,4,65,Medical,Equipment Vendor,Crypto Exchange,0,13,0.944,0.951,0.669,0.134,0.13,0.41,15,18,4213.31,0.637,0
BW-01676,33944.52,634,144366.68,0.539,17,1,108,Medical,Casino,Luxury Travel,0,22,0.059,0.212,0.525,0.445,0.234,0.099,8,11,2828.71,0.653,0
BW-01677,12687.33,763,165046.84,0.531,13,4,98,Equipment Purchase,Crypto Exchange,Crypto Exchange,1,2,0.74,1.0,0.266,0.482,0.347,0.323,28,28,437.49,0.275,0
BW-01678,43283.12,722,129722.7,0.294,0,5,47,Business Expansion,Casino,Luxury Travel,0,14,0.727,0.944,0.413,0.761,0.191,0.076,10,27,1545.83,0.284,0
BW-01679,21484.83,758,45782.93,0.264,9,4,81,Business Expansion,ATM Cash,ATM Cash,0,25,0.947,0.951,0.772,0.032,0.268,0.322,6,19,1074.24,0.889,1
BW-01680,71020.35,613,130802.96,0.408,19,0,39,Business Expansion,Retail,Crypto Exchange,0,0,0.253,0.441,0.173,0.126,0.262,0.146,15,27,2536.44,0.743,0
BW-01681,37879.47,807,125314.19,0.105,9,5,38,Debt Consolidation,ATM Cash,Equipment Vendor,0,18,0.742,0.859,0.4,0.105,0.082,0.271,15,22,1646.93,0.894,0
BW-01682,97682.97,670,150864.59,0.145,9,5,44,Education,Equipment Vendor,Equipment Vendor,0,24,0.055,0.246,0.5,0.002,0.312,0.401,27,32,2960.09,0.805,0
BW-01683,65892.35,847,153787.3,0.169,23,2,51,Education,Equipment Vendor,Luxury Travel,0,0,0.631,0.793,0.11,0.035,0.22,0.526,10,26,2440.46,0.442,0
BW-01684,83135.65,603,160230.46,0.202,1,4,97,Education,Equipment Vendor,Luxury Travel,0,12,0.351,0.724,0.035,0.091,0.404,0.099,21,31,2597.99,0.204,0
BW-01685,17589.84,821,92119.73,0.382,7,1,85,Debt Consolidation,Casino,Crypto Exchange,0,7,0.769,0.785,0.011,0.884,0.345,0.536,19,33,517.35,0.635,0
BW-01686,86891.38,790,134679.66,0.646,0,6,26,Business Expansion,Luxury Travel,Crypto Exchange,0,17,0.863,1.0,0.26,0.079,0.056,0.234,4,10,7899.22,0.399,0
BW-01687,92661.93,792,70237.55,0.459,0,2,110,Education,Casino,ATM Cash,0,21,0.365,0.705,0.059,0.41,0.244,0.506,22,29,3088.73,0.462,0
BW-01688,51270.88,567,179900.44,0.134,3,1,36,Business Expansion,Retail,Casino,0,2,0.526,0.91,0.643,0.101,0.351,0.308,6,16,3015.93,0.462,0
BW-01689,62594.03,736,56300.14,0.389,6,4,69,Equipment Purchase,Casino,Equipment Vendor,1,22,0.117,0.188,0.798,0.73,0.044,0.517,15,16,3682.0,0.896,1
BW-01690,77656.93,693,31517.16,0.373,8,2,97,Education,Equipment Vendor,Casino,0,17,0.417,0.63,0.049,0.058,0.396,0.398,6,25,2986.8,0.159,0
BW-01691,21609.67,811,52321.31,0.179,15,4,1,Equipment Purchase,Crypto Exchange,Casino,1,19,0.361,0.378,0.346,0.605,0.111,0.305,18,28,745.16,0.264,1
BW-01692,52743.78,788,146380.84,0.606,4,0,53,Debt Consolidation,Retail,Retail,0,25,0.183,0.383,0.021,0.101,0.252,0.188,11,24,2109.75,0.617,0
BW-01693,42872.99,847,97017.55,0.342,1,2,6,Medical,ATM Cash,Crypto Exchange,0,8,0.894,0.944,0.107,0.014,0.47,0.581,12,24,1714.92,0.851,0
BW-01694,18905.53,625,97125.04,0.647,22,1,37,Debt Consolidation,Crypto Exchange,Retail,0,5,0.148,0.483,0.258,0.805,0.286,0.481,8,15,1181.6,0.88,1
BW-01695,39915.77,737,173253.44,0.331,10,0,2,Debt Consolidation,Retail,Retail,0,19,0.636,0.682,0.315,0.03,0.212,0.229,24,35,1108.77,0.575,0
BW-01696,11476.37,795,167945.24,0.434,17,3,117,Debt Consolidation,Retail,Casino,0,1,0.89,1.0,0.752,0.016,0.003,0.1,22,30,370.21,0.129,0
BW-01697,7452.13,679,76679.21,0.158,24,1,69,Education,Equipment Vendor,Retail,0,25,0.912,1.0,0.317,0.031,0.067,0.468,14,23,310.51,0.408,0
BW-01698,17840.8,832,61358.72,0.35,24,6,90,Equipment Purchase,ATM Cash,ATM Cash,1,29,0.793,1.0,0.397,0.091,0.289,0.594,4,14,1189.39,0.881,1
BW-01699,96495.94,628,157272.33,0.231,18,7,41,Education,Casino,Crypto Exchange,0,24,0.176,0.438,0.196,0.696,0.247,0.167,18,28,3327.45,0.525,0
BW-01700,57205.31,621,165902.86,0.56,12,4,51,Medical,ATM Cash,Casino,0,3,0.817,0.932,0.0,0.099,0.182,0.55,6,21,2600.24,0.718,1
BW-01701,96753.11,812,111239.54,0.531,23,1,117,Debt Consolidation,Equipment Vendor,Crypto Exchange,0,24,0.277,0.373,0.719,0.071,0.462,0.075,6,23,4031.38,0.329,0
BW-01702,46087.3,740,124413.56,0.553,10,3,47,Business Expansion,Equipment Vendor,ATM Cash,0,29,0.922,0.973,0.065,0.008,0.166,0.571,26,34,1316.78,0.121,0
BW-01703,34622.53,612,68537.14,0.498,19,1,13,Medical,Equipment Vendor,Luxury Travel,0,17,0.709,1.0,0.771,0.144,0.269,0.447,19,21,1573.75,0.592,0
BW-01704,53083.48,561,150120.4,0.558,18,0,76,Equipment Purchase,Crypto Exchange,Retail,1,6,0.785,1.0,0.105,0.912,0.284,0.208,2,5,8847.25,0.81,1
BW-01705,46753.61,690,124818.36,0.21,16,5,69,Medical,ATM Cash,Casino,0,26,0.085,0.329,0.484,0.1,0.264,0.183,4,23,1948.07,0.942,0
BW-01706,15038.15,803,105527.03,0.349,4,7,66,Education,ATM Cash,Equipment Vendor,0,10,0.583,0.599,0.8,0.137,0.239,0.386,24,42,349.72,0.82,0
BW-01707,65878.5,592,39016.28,0.481,12,1,59,Business Expansion,Retail,Crypto Exchange,0,4,0.821,1.0,0.111,0.105,0.169,0.356,5,14,4391.9,0.571,0
BW-01708,25523.63,566,167390.24,0.451,19,2,68,Education,Luxury Travel,ATM Cash,0,7,0.862,1.0,0.339,0.033,0.454,0.551,15,27,911.56,0.617,0
BW-01709,63860.86,612,122317.71,0.494,0,6,59,Debt Consolidation,Casino,Retail,0,10,0.029,0.415,0.624,0.528,0.225,0.46,3,3,15965.22,0.801,0
BW-01710,66769.1,802,58903.66,0.223,9,3,91,Debt Consolidation,Equipment Vendor,Crypto Exchange,0,29,0.939,1.0,0.026,0.005,0.264,0.324,29,40,1628.51,0.117,0
BW-01711,19442.36,841,120957.92,0.154,7,1,114,Medical,ATM Cash,ATM Cash,0,23,0.043,0.165,0.552,0.092,0.328,0.557,16,26,720.09,0.909,0
BW-01712,10828.21,557,131619.5,0.604,23,3,117,Debt Consolidation,ATM Cash,Crypto Exchange,0,29,0.615,0.768,0.064,0.092,0.034,0.356,13,17,601.57,0.552,0
BW-01713,79172.35,639,108865.55,0.408,7,5,10,Debt Consolidation,Retail,Luxury Travel,0,29,0.693,0.763,0.189,0.109,0.391,0.51,12,13,5655.17,0.909,0
BW-01714,48681.04,757,137715.26,0.185,18,0,13,Equipment Purchase,Casino,ATM Cash,1,19,0.107,0.396,0.128,0.865,0.256,0.505,21,37,1281.08,0.75,1
BW-01715,10525.56,841,117218.09,0.536,5,2,108,Equipment Purchase,Luxury Travel,Crypto Exchange,1,28,0.048,0.331,0.726,0.123,0.329,0.552,9,25,404.83,0.229,1
BW-01716,99512.3,833,172165.44,0.603,11,4,2,Education,Luxury Travel,Luxury Travel,0,19,0.785,0.865,0.144,0.111,0.386,0.041,11,30,3210.07,0.24,0
BW-01717,10489.15,667,38054.56,0.193,6,1,90,Education,Equipment Vendor,Luxury Travel,0,14,0.385,0.448,0.032,0.021,0.437,0.35,8,22,456.05,0.401,0
BW-01718,71028.35,724,45936.86,0.55,15,0,15,Equipment Purchase,Luxury Travel,Luxury Travel,1,23,0.107,0.138,0.47,0.052,0.196,0.281,28,31,2219.64,0.324,0
BW-01719,98449.5,625,56050.75,0.613,8,7,46,Medical,Luxury Travel,Retail,0,2,0.763,1.0,0.277,0.096,0.406,0.294,26,36,2660.8,0.473,0
BW-01720,27722.11,650,133525.66,0.616,20,3,57,Equipment Purchase,Casino,ATM Cash,1,6,0.849,0.942,0.325,0.964,0.129,0.276,7,7,3465.26,0.613,1
BW-01721,18513.69,700,126839.38,0.603,24,5,10,Education,Casino,Crypto Exchange,0,23,0.587,0.725,0.095,0.674,0.33,0.502,4,13,1322.41,0.471,0
BW-01722,16531.57,819,163808.83,0.401,21,6,22,Business Expansion,Equipment Vendor,Crypto Exchange,0,7,0.161,0.273,0.599,0.013,0.051,0.191,2,19,826.58,0.148,0
BW-01723,33811.14,620,139931.62,0.296,9,3,104,Debt Consolidation,ATM Cash,ATM Cash,0,10,0.015,0.18,0.481,0.117,0.01,0.278,28,42,786.31,0.929,0
BW-01724,14599.35,729,106253.32,0.104,9,6,89,Business Expansion,Retail,Luxury Travel,0,9,0.701,0.987,0.291,0.023,0.048,0.12,25,43,331.8,0.461,0
BW-01725,70755.33,673,178774.77,0.134,9,5,79,Business Expansion,Equipment Vendor,Crypto Exchange,0,19,0.55,0.898,0.137,0.026,0.16,0.151,19,22,3076.32,0.823,0
BW-01726,10917.72,842,69916.19,0.336,19,6,77,Debt Consolidation,Crypto Exchange,Crypto Exchange,0,8,0.651,0.724,0.475,0.737,0.016,0.396,22,27,389.92,0.163,0
BW-01727,53395.1,834,154978.75,0.32,15,5,8,Equipment Purchase,Luxury Travel,Luxury Travel,1,14,0.813,1.0,0.623,0.092,0.315,0.07,29,30,1722.42,0.789,1
BW-01728,99686.2,744,94018.56,0.202,0,0,21,Medical,Retail,Equipment Vendor,0,25,0.434,0.575,0.25,0.091,0.158,0.113,23,35,2769.06,0.247,0
BW-01729,82327.18,777,127310.27,0.318,16,1,85,Business Expansion,ATM Cash,Equipment Vendor,0,19,0.125,0.517,0.021,0.072,0.368,0.317,12,13,5880.51,0.677,0
BW-01730,63445.85,824,139090.27,0.196,20,4,22,Medical,ATM Cash,Luxury Travel,0,23,0.94,1.0,0.171,0.085,0.023,0.026,3,15,3965.37,0.663,0
BW-01731,34094.09,655,125063.11,0.567,13,1,110,Education,Casino,Retail,0,21,0.545,0.548,0.546,0.445,0.108,0.076,19,33,1002.77,0.873,0
BW-01732,64270.1,570,51076.1,0.264,18,7,97,Business Expansion,Crypto Exchange,Crypto Exchange,0,4,0.615,0.821,0.791,0.624,0.204,0.518,3,20,3060.48,0.373,0
BW-01733,55068.94,613,96442.65,0.429,20,7,45,Education,ATM Cash,Crypto Exchange,0,14,0.933,0.993,0.011,0.033,0.191,0.508,19,29,1835.63,0.193,0
BW-01734,45477.92,714,114215.76,0.377,20,2,91,Equipment Purchase,Crypto Exchange,Equipment Vendor,1,3,0.932,0.95,0.245,0.769,0.065,0.209,19,23,1894.91,0.835,1
BW-01735,17417.49,576,157356.56,0.129,16,1,40,Business Expansion,Luxury Travel,Luxury Travel,0,4,0.572,0.851,0.05,0.009,0.497,0.209,7,20,829.4,0.382,0
BW-01736,89227.4,834,96546.86,0.618,13,5,114,Education,Casino,ATM Cash,0,28,0.298,0.591,0.253,0.598,0.142,0.562,29,44,1982.83,0.298,0
BW-01737,47729.54,697,167812.1,0.39,7,5,22,Education,Retail,ATM Cash,0,14,0.997,1.0,0.325,0.082,0.361,0.016,14,27,1704.63,0.513,0
BW-01738,23489.14,830,96056.13,0.279,20,2,30,Equipment Purchase,Casino,Retail,1,26,0.681,0.952,0.737,0.719,0.11,0.348,21,29,782.97,0.224,1
BW-01739,39937.14,713,112316.98,0.187,20,3,62,Medical,Luxury Travel,Luxury Travel,0,16,0.408,0.623,0.064,0.055,0.439,0.358,4,9,3993.71,0.352,0
BW-01740,44342.33,773,149442.85,0.286,8,5,73,Medical,ATM Cash,Equipment Vendor,0,22,0.56,0.812,0.622,0.027,0.194,0.473,6,14,2956.16,0.427,0
BW-01741,83616.1,821,117460.15,0.111,7,2,45,Business Expansion,Crypto Exchange,Equipment Vendor,0,7,0.416,0.655,0.316,0.98,0.45,0.571,14,18,4400.85,0.336,0
BW-01742,74693.37,695,174032.71,0.3,12,5,35,Equipment Purchase,Luxury Travel,Crypto Exchange,1,27,0.888,1.0,0.649,0.143,0.171,0.213,8,18,3931.23,0.483,1
BW-01743,78083.96,579,129050.37,0.392,16,4,82,Business Expansion,ATM Cash,Casino,0,24,0.482,0.562,0.411,0.102,0.004,0.263,18,29,2602.8,0.427,0
BW-01744,6047.97,594,108406.42,0.58,18,5,42,Medical,Equipment Vendor,Retail,0,28,0.824,0.931,0.031,0.001,0.259,0.403,28,44,134.4,0.758,0
BW-01745,44534.63,824,33538.8,0.478,6,0,5,Equipment Purchase,Crypto Exchange,Retail,1,18,0.84,1.0,0.757,0.593,0.262,0.58,15,20,2120.7,0.881,1
BW-01746,50727.69,583,92059.93,0.161,16,2,27,Debt Consolidation,Luxury Travel,Casino,0,8,0.824,1.0,0.066,0.002,0.06,0.534,19,38,1300.71,0.186,0
BW-01747,6823.27,690,74887.26,0.181,0,6,70,Equipment Purchase,Retail,ATM Cash,0,9,0.722,1.0,0.478,0.107,0.117,0.4,18,23,284.3,0.8,0
BW-01748,29682.25,770,142215.85,0.335,4,7,62,Equipment Purchase,Retail,ATM Cash,0,4,0.855,1.0,0.702,0.07,0.392,0.514,15,29,989.41,0.892,1
BW-01749,77227.53,571,61241.65,0.208,24,1,32,Debt Consolidation,ATM Cash,ATM Cash,0,9,0.387,0.452,0.064,0.149,0.018,0.051,23,39,1930.69,0.684,0
BW-01750,18025.42,729,60783.01,0.115,5,2,8,Education,ATM Cash,Equipment Vendor,0,21,0.115,0.216,0.443,0.11,0.245,0.226,12,14,1201.69,0.947,0
BW-01751,55854.46,780,58427.86,0.543,1,3,103,Education,Retail,Luxury Travel,0,0,0.842,0.928,0.659,0.078,0.265,0.008,18,36,1509.58,0.385,0
BW-01752,25444.18,587,48842.34,0.111,24,5,85,Education,Equipment Vendor,Retail,0,24,0.498,0.791,0.789,0.121,0.344,0.106,5,6,3634.88,0.806,0
BW-01753,6151.47,619,76651.05,0.557,15,2,18,Medical,Casino,Casino,0,24,0.127,0.315,0.579,0.684,0.019,0.378,27,35,170.87,0.673,0
BW-01754,27914.14,665,162888.32,0.179,21,4,78,Equipment Purchase,Retail,Crypto Exchange,0,21,0.115,0.398,0.223,0.037,0.293,0.531,15,23,1163.09,0.375,0
BW-01755,97708.01,788,146239.27,0.636,4,2,15,Debt Consolidation,ATM Cash,Crypto Exchange,0,23,0.159,0.325,0.56,0.08,0.002,0.38,26,32,2960.85,0.699,0
BW-01756,81146.03,697,140287.68,0.432,4,4,106,Medical,ATM Cash,Equipment Vendor,0,3,0.751,1.0,0.565,0.083,0.133,0.398,9,24,3245.84,0.533,0
BW-01757,96159.78,558,149600.52,0.504,11,7,26,Debt Consolidation,Equipment Vendor,Retail,0,20,0.711,1.0,0.56,0.068,0.25,0.062,8,13,6868.56,0.261,0
BW-01758,51346.13,837,70412.68,0.161,2,7,53,Medical,Retail,Luxury Travel,0,4,0.204,0.472,0.683,0.027,0.456,0.399,8,16,3020.36,0.248,0
BW-01759,15424.94,599,163116.25,0.574,15,5,44,Medical,Equipment Vendor,Retail,0,22,0.847,1.0,0.07,0.034,0.063,0.273,3,15,964.06,0.706,0
BW-01760,57056.15,554,50595.51,0.562,5,1,32,Medical,Retail,ATM Cash,0,6,0.281,0.484,0.087,0.042,0.085,0.391,13,14,3803.74,0.705,0
BW-01761,48165.85,675,80451.86,0.459,14,5,103,Debt Consolidation,Casino,Crypto Exchange,0,22,0.793,1.0,0.512,0.702,0.335,0.196,13,26,1783.92,0.551,0
BW-01762,85213.92,624,118012.22,0.376,14,3,28,Business Expansion,Luxury Travel,Retail,0,4,0.489,0.822,0.763,0.138,0.187,0.349,12,16,5012.58,0.526,0
BW-01763,14317.85,714,45435.76,0.497,15,0,39,Medical,Retail,Crypto Exchange,0,19,0.732,1.0,0.373,0.103,0.312,0.254,15,25,550.69,0.253,0
BW-01764,51382.91,827,139519.53,0.103,19,1,107,Education,Luxury Travel,Casino,0,7,0.381,0.63,0.768,0.103,0.499,0.335,14,28,1771.82,0.465,0
BW-01765,19254.62,849,88086.91,0.426,12,1,32,Equipment Purchase,Retail,Casino,0,16,0.347,0.659,0.75,0.086,0.493,0.088,1,6,2750.66,0.841,0
BW-01766,35844.21,839,147660.85,0.566,11,7,77,Business Expansion,Casino,Crypto Exchange,0,0,0.841,1.0,0.722,0.905,0.177,0.237,2,7,4480.53,0.827,1
BW-01767,75048.92,626,103934.44,0.296,9,0,79,Business Expansion,ATM Cash,Luxury Travel,0,21,0.035,0.139,0.728,0.147,0.252,0.225,23,38,1924.33,0.662,0
BW-01768,50221.72,847,57131.18,0.16,13,2,18,Debt Consolidation,Luxury Travel,Luxury Travel,0,17,0.975,1.0,0.719,0.058,0.452,0.442,4,23,2092.57,0.948,1
BW-01769,40709.39,686,140214.27,0.331,1,5,103,Business Expansion,Equipment Vendor,Retail,0,11,0.648,1.0,0.656,0.107,0.046,0.424,13,16,2394.67,0.859,0
BW-01770,42475.25,655,67821.59,0.5,2,2,70,Debt Consolidation,Retail,Crypto Exchange,0,2,0.432,0.454,0.556,0.054,0.226,0.545,10,14,2831.68,0.223,0
BW-01771,48647.44,644,103621.55,0.159,8,2,119,Debt Consolidation,ATM Cash,Equipment Vendor,0,19,0.628,0.865,0.02,0.128,0.189,0.379,21,26,1801.76,0.439,0
BW-01772,79576.57,684,41329.99,0.213,10,5,11,Education,Retail,Luxury Travel,0,13,0.123,0.272,0.106,0.129,0.147,0.189,13,25,3060.64,0.212,0
BW-01773,89748.05,617,122680.0,0.181,10,3,32,Medical,Equipment Vendor,Luxury Travel,0,15,0.514,0.669,0.107,0.135,0.497,0.47,1,14,5983.2,0.496,0
BW-01774,95756.8,696,129878.66,0.538,24,1,104,Business Expansion,Casino,ATM Cash,0,17,0.985,1.0,0.019,0.612,0.367,0.298,11,23,3989.87,0.76,0
BW-01775,79755.82,708,86801.13,0.135,21,4,20,Medical,Crypto Exchange,Casino,0,9,0.235,0.577,0.093,0.809,0.194,0.116,18,27,2848.42,0.232,0
BW-01776,34963.66,712,173163.42,0.478,9,0,97,Medical,Retail,Luxury Travel,0,22,0.722,0.962,0.736,0.02,0.415,0.448,9,25,1344.76,0.848,0
BW-01777,70372.8,738,161125.34,0.302,13,1,40,Medical,Equipment Vendor,Luxury Travel,0,14,0.435,0.544,0.531,0.068,0.245,0.08,6,23,2932.2,0.584,0
BW-01778,46572.3,644,136191.14,0.516,8,2,8,Debt Consolidation,Crypto Exchange,ATM Cash,0,9,0.652,0.842,0.25,0.626,0.436,0.107,23,29,1552.41,0.737,0
BW-01779,29193.71,730,137047.81,0.63,19,0,115,Medical,Retail,Luxury Travel,0,0,0.205,0.368,0.635,0.038,0.133,0.455,13,16,1717.28,0.138,0
BW-01780,84882.8,837,67860.26,0.163,20,4,35,Business Expansion,Luxury Travel,ATM Cash,0,18,0.47,0.611,0.391,0.109,0.112,0.462,5,20,4042.04,0.18,0
BW-01781,8650.5,736,128522.28,0.273,9,1,69,Debt Consolidation,ATM Cash,Crypto Exchange,0,1,0.98,1.0,0.114,0.04,0.124,0.474,25,34,247.16,0.628,0
BW-01782,90667.39,687,59730.94,0.546,21,1,99,Business Expansion,ATM Cash,Crypto Exchange,0,12,0.195,0.412,0.708,0.128,0.269,0.176,10,29,3022.25,0.812,0
BW-01783,48840.36,679,51600.48,0.246,8,3,111,Debt Consolidation,Equipment Vendor,Casino,0,24,0.636,0.757,0.271,0.027,0.146,0.52,5,23,2035.02,0.843,0
BW-01784,65534.14,743,179920.18,0.218,4,1,78,Equipment Purchase,Luxury Travel,Retail,1,15,0.576,0.84,0.559,0.055,0.074,0.434,22,24,2621.37,0.685,0
BW-01785,67638.62,822,123356.39,0.554,7,1,21,Equipment Purchase,Casino,ATM Cash,1,7,0.565,0.693,0.232,0.608,0.497,0.5,10,28,2332.37,0.271,1
BW-01786,90036.19,693,94648.18,0.643,10,4,111,Equipment Purchase,Crypto Exchange,Luxury Travel,1,2,0.615,0.787,0.4,0.716,0.45,0.425,25,37,2369.37,0.266,1
BW-01787,65483.62,565,73224.68,0.406,0,4,24,Equipment Purchase,Equipment Vendor,Retail,0,20,0.502,0.523,0.653,0.012,0.318,0.348,5,12,5037.2,0.849,0
BW-01788,63323.69,794,120588.07,0.253,20,0,17,Debt Consolidation,Retail,Crypto Exchange,0,18,0.017,0.414,0.125,0.127,0.446,0.066,20,37,1666.41,0.196,0
BW-01789,11331.94,656,37439.03,0.319,9,2,18,Medical,ATM Cash,Luxury Travel,0,13,0.9,1.0,0.782,0.09,0.468,0.427,28,46,241.11,0.683,0
BW-01790,54248.76,637,44202.15,0.194,0,4,98,Education,Retail,Retail,0,10,0.827,0.837,0.056,0.13,0.338,0.414,21,38,1390.99,0.553,0
BW-01791,19266.06,678,34928.5,0.519,21,0,12,Education,Crypto Exchange,ATM Cash,0,28,0.174,0.39,0.427,0.963,0.259,0.187,11,29,642.2,0.458,0
BW-01792,75056.21,553,104875.47,0.525,6,1,16,Equipment Purchase,Luxury Travel,ATM Cash,1,11,0.413,0.761,0.733,0.082,0.441,0.441,29,32,2274.43,0.474,1
BW-01793,53661.08,644,120090.99,0.581,13,7,4,Medical,Luxury Travel,Retail,0,10,0.771,1.0,0.757,0.137,0.284,0.33,5,17,2981.17,0.903,0
BW-01794,69621.64,758,39371.96,0.115,4,0,89,Business Expansion,Equipment Vendor,ATM Cash,0,27,0.98,1.0,0.186,0.127,0.063,0.336,5,16,4095.39,0.832,1
BW-01795,8958.93,774,138183.67,0.409,16,7,34,Medical,Equipment Vendor,Equipment Vendor,0,10,0.951,1.0,0.115,0.144,0.183,0.221,17,31,279.97,0.835,0
BW-01796,13055.24,596,64559.26,0.218,21,0,92,Business Expansion,Luxury Travel,Crypto Exchange,0,21,0.899,1.0,0.58,0.128,0.223,0.07,21,35,362.65,0.446,0
BW-01797,73050.72,730,132780.22,0.287,20,0,46,Education,Equipment Vendor,Casino,0,20,0.158,0.465,0.034,0.123,0.468,0.13,5,14,4870.05,0.191,0
BW-01798,11848.01,655,177284.57,0.532,5,7,75,Medical,Luxury Travel,Casino,0,26,0.914,1.0,0.388,0.07,0.33,0.461,1,19,592.4,0.948,0
BW-01799,11769.39,748,133665.88,0.206,15,5,77,Medical,Crypto Exchange,Equipment Vendor,0,17,0.878,1.0,0.637,0.86,0.438,0.163,13,20,560.45,0.224,1
BW-01800,6150.31,655,162478.96,0.451,10,0,31,Education,Equipment Vendor,Retail,0,29,0.377,0.488,0.448,0.137,0.379,0.001,4,22,267.4,0.538,0
BW-01801,95867.63,829,172229.78,0.46,9,7,25,Medical,Luxury Travel,ATM Cash,0,9,0.395,0.492,0.15,0.108,0.155,0.598,8,16,5639.27,0.325,0
BW-01802,75063.29,809,103012.66,0.625,14,4,103,Business Expansion,Equipment Vendor,Equipment Vendor,0,15,0.46,0.808,0.39,0.042,0.359,0.126,20,26,2780.12,0.534,0
BW-01803,38558.88,657,135348.75,0.526,6,6,74,Medical,Retail,Equipment Vendor,0,7,0.656,0.906,0.737,0.051,0.098,0.393,23,30,1243.83,0.359,0
BW-01804,33170.88,568,157795.39,0.542,22,6,24,Business Expansion,ATM Cash,ATM Cash,0,5,0.261,0.262,0.494,0.103,0.204,0.556,6,14,2211.39,0.862,0
BW-01805,38221.81,845,83491.34,0.392,1,6,65,Equipment Purchase,Retail,Crypto Exchange,0,29,0.023,0.164,0.577,0.072,0.403,0.36,15,31,1194.43,0.923,0
BW-01806,78592.09,720,69209.6,0.203,11,6,117,Medical,Casino,ATM Cash,0,18,0.141,0.484,0.269,0.697,0.306,0.479,15,29,2619.74,0.449,0
BW-01807,67830.21,744,171989.79,0.334,18,5,25,Business Expansion,Luxury Travel,ATM Cash,0,12,0.44,0.451,0.151,0.021,0.413,0.586,21,36,1833.25,0.16,0
BW-01808,22593.58,561,138945.53,0.402,11,2,28,Education,Casino,Luxury Travel,0,14,0.282,0.283,0.205,0.453,0.127,0.516,16,22,982.33,0.664,0
BW-01809,21540.39,744,62952.32,0.473,15,7,36,Equipment Purchase,Luxury Travel,Retail,1,12,0.765,0.878,0.427,0.049,0.375,0.335,9,18,1133.7,0.42,0
BW-01810,14347.59,832,97362.51,0.434,5,0,82,Medical,ATM Cash,Casino,0,0,0.107,0.473,0.224,0.076,0.101,0.218,29,47,298.91,0.938,0
BW-01811,67728.76,731,149467.77,0.317,2,3,6,Business Expansion,Equipment Vendor,Casino,0,20,0.917,1.0,0.434,0.115,0.273,0.289,24,29,2257.63,0.176,0
BW-01812,77615.4,693,112059.45,0.246,1,6,66,Medical,Luxury Travel,Equipment Vendor,0,27,0.895,1.0,0.566,0.113,0.217,0.505,5,16,4565.61,0.201,0
BW-01813,30179.41,731,127492.81,0.193,19,1,67,Business Expansion,Retail,Equipment Vendor,0,26,0.909,1.0,0.588,0.025,0.278,0.512,26,40,736.08,0.695,0
BW-01814,6989.77,579,143065.23,0.482,4,6,110,Medical,Equipment Vendor,Equipment Vendor,0,1,0.74,0.873,0.132,0.015,0.068,0.508,23,32,211.81,0.745,0
BW-01815,12806.31,633,123301.38,0.455,10,6,72,Equipment Purchase,ATM Cash,Retail,1,12,0.107,0.204,0.6,0.089,0.181,0.358,16,33,376.66,0.5,0
BW-01816,96946.7,715,111011.9,0.478,24,1,95,Equipment Purchase,Retail,Equipment Vendor,0,1,0.438,0.764,0.538,0.111,0.333,0.286,27,30,3127.31,0.336,0
BW-01817,33067.25,833,142442.14,0.305,2,5,48,Medical,Equipment Vendor,Equipment Vendor,0,24,0.131,0.174,0.01,0.022,0.279,0.187,25,35,918.53,0.363,0
BW-01818,78076.2,830,139134.46,0.244,2,1,83,Medical,Luxury Travel,Luxury Travel,0,10,0.988,1.0,0.047,0.056,0.274,0.002,7,11,6506.35,0.387,0
BW-01819,64343.04,645,124480.86,0.518,21,1,114,Debt Consolidation,Luxury Travel,Retail,0,12,0.333,0.587,0.517,0.131,0.255,0.459,3,15,4021.44,0.291,0
BW-01820,41284.27,815,83968.41,0.526,4,5,70,Medical,Retail,Crypto Exchange,0,9,0.585,0.626,0.307,0.142,0.472,0.166,10,19,2064.21,0.823,0
BW-01821,24540.29,847,90871.81,0.351,21,1,78,Medical,Crypto Exchange,Crypto Exchange,0,22,0.779,0.987,0.117,0.476,0.467,0.198,27,33,721.77,0.155,0
BW-01822,16531.71,845,175565.78,0.437,22,0,67,Equipment Purchase,Luxury Travel,ATM Cash,1,21,0.921,1.0,0.036,0.012,0.18,0.506,16,26,612.29,0.446,0
BW-01823,63426.23,774,46857.89,0.305,10,6,48,Medical,Crypto Exchange,Luxury Travel,0,14,0.756,1.0,0.128,0.54,0.176,0.031,21,24,2537.05,0.735,0
BW-01824,78590.21,591,70275.74,0.486,2,2,65,Education,Equipment Vendor,Casino,0,28,0.675,0.769,0.766,0.035,0.277,0.557,12,15,4911.89,0.103,0
BW-01825,66170.9,795,103860.26,0.56,12,5,44,Medical,Crypto Exchange,ATM Cash,0,0,0.466,0.583,0.582,0.901,0.048,0.001,9,13,4726.49,0.846,1
BW-01826,55378.7,757,155509.45,0.479,20,3,94,Debt Consolidation,Retail,Crypto Exchange,0,13,0.605,0.833,0.422,0.074,0.152,0.564,16,24,2215.15,0.7,0
BW-01827,8985.37,786,54551.35,0.382,7,5,63,Business Expansion,Casino,Retail,0,9,0.094,0.487,0.753,0.77,0.115,0.273,9,9,898.54,0.162,0
BW-01828,97006.43,571,71543.19,0.352,19,4,46,Equipment Purchase,Casino,Casino,1,17,0.884,0.971,0.495,0.554,0.112,0.061,24,39,2425.16,0.861,1
BW-01829,80877.85,734,39869.73,0.453,9,3,19,Education,Retail,Equipment Vendor,0,10,0.544,0.938,0.581,0.133,0.319,0.404,29,33,2378.76,0.514,0
BW-01830,32818.09,791,135897.79,0.474,1,4,118,Business Expansion,Casino,Retail,0,6,0.04,0.326,0.226,0.823,0.192,0.538,22,26,1215.48,0.654,0
BW-01831,98097.18,832,65731.42,0.407,3,7,64,Education,Retail,Casino,0,14,0.92,1.0,0.471,0.09,0.086,0.263,23,29,3269.91,0.85,0
BW-01832,62178.75,590,88301.21,0.444,17,7,83,Equipment Purchase,Luxury Travel,Crypto Exchange,1,2,0.489,0.525,0.115,0.148,0.444,0.415,7,14,4145.25,0.849,0
BW-01833,60330.15,711,96555.22,0.153,18,5,73,Debt Consolidation,Crypto Exchange,ATM Cash,0,1,0.869,0.989,0.324,0.779,0.437,0.588,11,29,2011.0,0.447,1
BW-01834,76066.95,709,163697.09,0.623,3,4,71,Equipment Purchase,Casino,Equipment Vendor,1,21,0.857,0.88,0.027,0.733,0.431,0.144,17,17,4225.94,0.302,1
BW-01835,82118.13,638,91699.54,0.535,19,3,110,Education,Luxury Travel,Equipment Vendor,0,7,0.816,0.965,0.173,0.043,0.195,0.492,24,41,1955.19,0.319,0
BW-01836,67365.47,561,51783.75,0.306,8,0,101,Education,Casino,Retail,0,7,0.061,0.454,0.06,0.871,0.028,0.177,22,32,2041.38,0.751,0
BW-01837,17169.1,622,108647.24,0.41,15,5,50,Equipment Purchase,Equipment Vendor,ATM Cash,0,10,0.247,0.289,0.31,0.077,0.053,0.256,23,38,440.23,0.89,0
BW-01838,37135.41,625,174443.7,0.126,5,5,63,Medical,Retail,Equipment Vendor,0,15,0.876,1.0,0.674,0.076,0.138,0.169,10,20,1768.35,0.161,0
BW-01839,93167.95,750,121152.85,0.123,24,1,41,Equipment Purchase,Retail,Casino,0,1,0.899,0.901,0.302,0.034,0.11,0.268,15,23,3882.0,0.113,0
BW-01840,26338.48,559,177508.08,0.238,3,5,117,Debt Consolidation,Luxury Travel,Luxury Travel,0,21,0.458,0.743,0.665,0.105,0.437,0.003,10,16,1549.32,0.799,0
BW-01841,40355.87,775,156166.1,0.479,8,6,7,Equipment Purchase,Equipment Vendor,Crypto Exchange,0,27,0.44,0.519,0.525,0.004,0.493,0.182,27,41,960.85,0.429,0
BW-01842,46047.3,725,35394.86,0.569,12,7,9,Business Expansion,Crypto Exchange,Retail,0,4,0.175,0.227,0.408,0.644,0.408,0.267,2,12,3542.1,0.335,0
BW-01843,46743.47,825,128759.94,0.408,8,6,4,Medical,Equipment Vendor,ATM Cash,0,6,0.968,1.0,0.19,0.069,0.365,0.379,16,34,1335.53,0.26,0
BW-01844,63229.26,588,73015.03,0.393,5,5,89,Business Expansion,Equipment Vendor,Luxury Travel,0,19,0.213,0.521,0.738,0.103,0.294,0.382,7,13,4516.38,0.395,0
BW-01845,94592.2,609,113942.53,0.321,20,7,49,Equipment Purchase,ATM Cash,Luxury Travel,1,27,0.191,0.234,0.043,0.072,0.385,0.35,24,39,2364.8,0.926,0
BW-01846,27865.81,615,71901.78,0.189,18,7,76,Medical,Crypto Exchange,Retail,0,12,0.661,0.753,0.551,0.502,0.474,0.176,28,30,898.9,0.931,0
BW-01847,16542.63,673,82330.56,0.165,13,0,6,Business Expansion,Crypto Exchange,Casino,0,1,0.243,0.246,0.497,0.685,0.301,0.568,21,36,447.1,0.382,0
BW-01848,23759.7,713,168475.31,0.518,20,1,82,Business Expansion,Equipment Vendor,ATM Cash,0,25,0.939,1.0,0.353,0.147,0.077,0.235,15,22,1033.03,0.919,0
BW-01849,89257.87,708,60996.48,0.61,14,2,104,Medical,Casino,Crypto Exchange,0,2,0.011,0.248,0.192,0.604,0.082,0.13,17,26,3305.85,0.355,0
BW-01850,66352.03,606,161116.37,0.352,2,4,21,Medical,ATM Cash,Retail,0,8,0.006,0.294,0.345,0.103,0.292,0.333,22,30,2140.39,0.826,0
BW-01851,32161.14,627,34568.67,0.463,4,3,15,Education,Casino,ATM Cash,0,9,0.505,0.766,0.698,0.727,0.167,0.449,13,15,2010.07,0.28,1
BW-01852,82514.96,743,43631.48,0.603,20,2,67,Medical,Equipment Vendor,Luxury Travel,0,23,0.488,0.546,0.669,0.123,0.455,0.007,19,25,3173.65,0.803,0
BW-01853,86830.15,834,158201.26,0.15,17,1,66,Equipment Purchase,Casino,Luxury Travel,1,12,0.163,0.401,0.753,0.872,0.306,0.166,21,28,2994.14,0.401,1
BW-01854,85418.86,564,124583.4,0.524,13,6,56,Debt Consolidation,Crypto Exchange,Retail,0,24,0.495,0.548,0.246,0.461,0.338,0.495,25,27,3050.67,0.266,0
BW-01855,92298.02,561,142085.42,0.439,15,6,119,Education,Crypto Exchange,ATM Cash,0,20,0.412,0.572,0.31,0.864,0.003,0.304,23,38,2366.62,0.895,0
BW-01856,28962.9,650,61412.65,0.429,13,6,105,Medical,Casino,Luxury Travel,0,12,0.89,1.0,0.015,0.546,0.249,0.245,8,21,1316.5,0.282,0
BW-01857,76728.98,705,110562.52,0.261,8,0,104,Debt Consolidation,Crypto Exchange,Retail,0,4,0.009,0.233,0.754,0.568,0.216,0.559,22,28,2645.83,0.943,1
BW-01858,48751.25,674,140582.88,0.476,14,7,68,Education,Retail,Retail,0,22,0.976,1.0,0.264,0.004,0.353,0.054,9,12,3750.1,0.192,0
BW-01859,84989.86,829,124097.12,0.537,6,6,32,Equipment Purchase,Crypto Exchange,Crypto Exchange,1,6,0.624,0.638,0.323,0.941,0.191,0.369,19,24,3399.59,0.109,1
BW-01860,74206.61,659,100754.82,0.162,13,3,66,Debt Consolidation,Equipment Vendor,Retail,0,16,0.152,0.471,0.726,0.072,0.488,0.205,17,23,3091.94,0.84,0
BW-01861,78762.51,695,173967.57,0.393,5,4,110,Medical,Luxury Travel,ATM Cash,0,27,0.047,0.337,0.421,0.111,0.335,0.042,10,21,3580.11,0.599,0
BW-01862,67335.37,765,131423.6,0.156,20,5,29,Medical,Casino,ATM Cash,0,14,0.538,0.571,0.453,0.866,0.33,0.128,14,20,3206.45,0.458,0
BW-01863,21855.73,711,166162.62,0.58,14,5,66,Equipment Purchase,ATM Cash,Luxury Travel,1,29,0.235,0.286,0.141,0.017,0.46,0.377,29,29,728.52,0.17,0
BW-01864,56777.56,677,139465.58,0.379,19,2,34,Education,Casino,Equipment Vendor,0,4,0.301,0.658,0.399,0.896,0.498,0.017,28,45,1234.29,0.589,0
BW-01865,98543.63,699,140319.53,0.544,7,4,27,Debt Consolidation,Crypto Exchange,Crypto Exchange,0,23,0.245,0.553,0.735,0.651,0.099,0.355,28,38,2526.76,0.435,0
BW-01866,94051.87,585,42002.74,0.302,1,1,60,Equipment Purchase,Crypto Exchange,ATM Cash,1,6,0.65,1.0,0.447,0.505,0.405,0.574,12,22,4089.21,0.511,1
BW-01867,9101.5,722,83919.69,0.169,7,4,118,Education,Luxury Travel,Luxury Travel,0,26,0.554,0.656,0.204,0.104,0.081,0.477,27,43,206.85,0.636,0
BW-01868,20657.41,571,158755.41,0.123,0,0,39,Business Expansion,Luxury Travel,Luxury Travel,0,1,0.078,0.273,0.025,0.084,0.229,0.207,20,31,645.54,0.644,0
BW-01869,17514.23,755,64890.58,0.255,16,2,44,Business Expansion,ATM Cash,Crypto Exchange,0,29,0.527,0.622,0.269,0.117,0.05,0.083,24,42,407.31,0.917,0
BW-01870,73968.09,676,47325.88,0.234,18,2,102,Education,Equipment Vendor,Crypto Exchange,0,23,0.791,1.0,0.458,0.146,0.312,0.279,22,39,1849.2,0.657,0
BW-01871,82689.61,766,78915.91,0.408,4,0,82,Medical,Retail,Luxury Travel,0,17,0.081,0.127,0.034,0.082,0.234,0.236,7,19,4134.48,0.388,0
BW-01872,25283.58,645,63065.68,0.112,21,4,36,Medical,Equipment Vendor,Equipment Vendor,0,9,0.89,0.941,0.488,0.063,0.314,0.583,29,38,648.3,0.38,0
BW-01873,53056.01,713,168793.23,0.386,19,6,19,Business Expansion,ATM Cash,Casino,0,0,0.578,0.607,0.419,0.129,0.339,0.594,9,27,1894.86,0.506,0
BW-01874,84866.79,697,160195.0,0.315,15,0,91,Medical,Casino,Luxury Travel,0,26,0.951,1.0,0.627,0.789,0.31,0.246,18,21,3857.58,0.32,1
BW-01875,74616.15,567,104952.48,0.417,6,6,45,Medical,Crypto Exchange,Crypto Exchange,0,26,0.148,0.346,0.023,0.606,0.147,0.089,7,21,3391.64,0.42,0
BW-01876,56512.53,843,39201.58,0.486,6,3,84,Education,Equipment Vendor,Retail,0,13,0.994,1.0,0.625,0.087,0.418,0.546,28,45,1228.53,0.816,1
BW-01877,61083.03,744,137184.35,0.449,17,0,21,Education,Crypto Exchange,Retail,0,26,0.644,0.996,0.417,0.478,0.276,0.476,4,4,12216.61,0.831,0
BW-01878,53294.25,700,123511.76,0.642,17,6,23,Medical,Crypto Exchange,Crypto Exchange,0,18,0.567,0.863,0.296,0.743,0.245,0.307,23,41,1268.91,0.634,0
BW-01879,33267.1,672,175583.2,0.176,1,4,94,Education,Equipment Vendor,Crypto Exchange,0,15,0.515,0.7,0.772,0.061,0.494,0.219,8,9,3326.71,0.595,0
BW-01880,58677.09,736,113842.99,0.336,14,6,89,Debt Consolidation,Equipment Vendor,Casino,0,18,0.024,0.418,0.128,0.098,0.142,0.269,28,37,1544.13,0.463,0
BW-01881,70444.1,698,80459.06,0.334,13,0,95,Business Expansion,Luxury Travel,ATM Cash,0,5,0.94,1.0,0.433,0.041,0.264,0.541,18,35,1956.78,0.641,0
BW-01882,87965.68,653,107853.25,0.329,17,1,27,Debt Consolidation,ATM Cash,Crypto Exchange,0,11,0.644,0.689,0.257,0.052,0.341,0.111,29,32,2665.63,0.785,0
BW-01883,65447.68,792,176889.49,0.465,8,5,98,Debt Consolidation,ATM Cash,Retail,0,2,0.092,0.489,0.422,0.149,0.063,0.484,15,24,2617.91,0.727,0
BW-01884,77306.55,780,134454.36,0.369,13,0,72,Medical,Retail,Equipment Vendor,0,6,0.021,0.03,0.442,0.095,0.177,0.011,7,10,7027.87,0.13,0
BW-01885,20206.81,755,130796.42,0.385,4,5,19,Medical,Luxury Travel,Crypto Exchange,0,23,0.051,0.271,0.072,0.131,0.401,0.552,8,25,777.18,0.721,0
BW-01886,48847.96,747,66102.24,0.338,10,0,41,Debt Consolidation,Retail,Casino,0,2,0.609,0.733,0.529,0.121,0.118,0.3,28,47,1017.67,0.712,0
BW-01887,5886.5,636,141540.38,0.645,7,4,26,Debt Consolidation,Equipment Vendor,Equipment Vendor,0,24,0.614,0.815,0.508,0.098,0.247,0.136,1,4,1177.3,0.184,0
BW-01888,28434.49,691,142540.77,0.61,4,3,28,Equipment Purchase,ATM Cash,Casino,1,16,0.5,0.723,0.616,0.126,0.315,0.002,11,25,1093.63,0.228,1
BW-01889,74013.86,748,77593.35,0.269,10,3,64,Equipment Purchase,ATM Cash,Equipment Vendor,1,14,0.307,0.403,0.073,0.043,0.336,0.336,10,27,2643.35,0.77,0
BW-01890,99221.95,595,102557.07,0.161,4,5,68,Business Expansion,Retail,Crypto Exchange,0,18,0.532,0.755,0.238,0.096,0.364,0.147,5,13,7087.28,0.575,0
BW-01891,14421.92,837,74190.5,0.562,16,7,95,Debt Consolidation,Casino,Retail,0,27,0.516,0.818,0.52,0.971,0.433,0.379,25,44,320.49,0.798,0
BW-01892,43141.96,564,68805.76,0.648,21,7,80,Education,Luxury Travel,Equipment Vendor,0,18,0.019,0.126,0.109,0.093,0.196,0.169,2,18,2270.63,0.257,0
BW-01893,81006.74,593,33884.41,0.261,3,4,51,Equipment Purchase,Luxury Travel,Luxury Travel,1,22,0.282,0.435,0.542,0.025,0.353,0.053,22,24,3240.27,0.126,0
BW-01894,24383.39,718,72781.76,0.297,14,6,74,Medical,Luxury Travel,ATM Cash,0,10,0.053,0.16,0.047,0.042,0.366,0.303,2,14,1625.56,0.238,0
BW-01895,57733.07,593,113095.49,0.618,18,4,102,Debt Consolidation,ATM Cash,Casino,0,26,0.9,1.0,0.268,0.043,0.15,0.339,19,25,2220.5,0.485,0
BW-01896,74641.77,647,30240.18,0.491,21,7,48,Education,Crypto Exchange,Equipment Vendor,0,20,0.725,1.0,0.677,0.947,0.484,0.272,16,29,2488.06,0.545,0
BW-01897,63518.62,810,72482.86,0.263,1,4,10,Education,ATM Cash,Casino,0,19,0.996,1.0,0.619,0.146,0.433,0.275,11,16,3736.39,0.829,1
BW-01898,22862.35,658,162211.55,0.42,23,1,109,Education,Crypto Exchange,Retail,0,1,0.302,0.37,0.516,0.512,0.145,0.354,14,27,816.51,0.709,0
BW-01899,38761.53,832,119047.29,0.619,16,2,73,Medical,ATM Cash,Casino,0,6,0.878,0.907,0.696,0.034,0.338,0.316,22,35,1076.71,0.942,1
BW-01900,79460.22,653,121179.42,0.546,11,7,39,Equipment Purchase,Equipment Vendor,Casino,0,18,0.603,0.651,0.567,0.046,0.359,0.08,5,18,4182.12,0.167,0
BW-01901,57651.52,805,90504.65,0.508,24,7,100,Education,ATM Cash,Luxury Travel,0,6,0.453,0.517,0.416,0.005,0.216,0.118,4,23,2402.15,0.211,0
BW-01902,5496.81,755,131470.82,0.505,23,0,115,Equipment Purchase,Equipment Vendor,Casino,0,9,0.223,0.436,0.784,0.06,0.432,0.085,23,40,134.07,0.172,0
BW-01903,77294.12,592,58489.91,0.198,16,4,100,Business Expansion,Crypto Exchange,Equipment Vendor,0,11,0.738,1.0,0.556,0.896,0.345,0.416,19,27,2760.5,0.558,0
BW-01904,8354.58,794,152812.02,0.554,9,4,19,Medical,Luxury Travel,Casino,0,22,0.904,1.0,0.481,0.137,0.329,0.317,29,40,203.77,0.327,0
BW-01905,75844.71,836,47503.37,0.252,24,4,64,Equipment Purchase,Crypto Exchange,Crypto Exchange,1,26,0.235,0.618,0.327,0.47,0.11,0.258,10,23,3160.2,0.681,0
BW-01906,24235.65,822,128400.2,0.612,17,3,19,Equipment Purchase,Retail,Casino,0,17,0.175,0.19,0.722,0.04,0.204,0.479,23,38,621.43,0.213,0
BW-01907,96016.98,632,81172.4,0.301,18,4,76,Education,Luxury Travel,Crypto Exchange,0,22,0.696,1.0,0.237,0.033,0.217,0.195,28,29,3200.57,0.188,0
BW-01908,39954.37,659,142126.95,0.572,17,7,62,Education,ATM Cash,ATM Cash,0,5,0.977,1.0,0.007,0.053,0.367,0.341,9,24,1598.17,0.491,0
BW-01909,36058.5,739,112464.68,0.246,12,0,13,Medical,ATM Cash,Casino,0,25,0.75,1.0,0.157,0.121,0.309,0.045,18,35,1001.62,0.42,0
BW-01910,19144.36,837,97852.96,0.383,13,6,25,Equipment Purchase,ATM Cash,ATM Cash,1,19,0.285,0.307,0.088,0.097,0.043,0.447,5,13,1367.45,0.805,0
BW-01911,34032.4,800,55413.36,0.159,23,6,100,Debt Consolidation,ATM Cash,Casino,0,26,0.42,0.799,0.255,0.118,0.154,0.417,17,24,1361.3,0.812,0
BW-01912,88281.82,761,125523.22,0.463,15,4,89,Education,ATM Cash,Equipment Vendor,0,20,0.384,0.464,0.661,0.087,0.237,0.481,23,23,3678.41,0.2,0
BW-01913,99651.76,840,176215.48,0.56,17,0,92,Education,Crypto Exchange,Crypto Exchange,0,27,0.852,0.973,0.521,0.886,0.368,0.531,18,22,4332.69,0.79,1
BW-01914,39989.41,682,153840.51,0.495,17,1,42,Business Expansion,Equipment Vendor,ATM Cash,0,7,0.771,0.967,0.135,0.034,0.372,0.455,27,33,1176.16,0.58,0
BW-01915,47618.01,750,39001.23,0.388,15,6,117,Medical,Crypto Exchange,ATM Cash,0,4,0.589,0.741,0.631,0.814,0.245,0.507,21,30,1536.06,0.528,1
BW-01916,73596.74,834,86434.41,0.125,16,7,39,Equipment Purchase,Casino,Crypto Exchange,1,2,0.275,0.542,0.403,0.413,0.058,0.207,1,11,6133.06,0.181,0
BW-01917,89188.6,644,168837.45,0.613,6,2,30,Equipment Purchase,Crypto Exchange,Luxury Travel,1,1,0.938,1.0,0.41,0.946,0.146,0.206,14,25,3430.33,0.729,1
BW-01918,61339.21,827,105456.56,0.488,11,3,5,Equipment Purchase,Luxury Travel,Casino,1,21,0.653,0.896,0.29,0.115,0.127,0.567,27,27,2190.69,0.151,0
BW-01919,42194.94,768,129316.77,0.51,1,0,81,Education,ATM Cash,Casino,0,5,0.97,1.0,0.692,0.011,0.391,0.549,14,19,2109.75,0.336,1
BW-01920,44199.07,638,166889.9,0.537,9,6,18,Medical,Crypto Exchange,Equipment Vendor,0,6,0.58,0.615,0.255,0.437,0.09,0.329,14,17,2455.5,0.181,0
BW-01921,71083.72,621,161069.2,0.511,4,6,107,Equipment Purchase,Equipment Vendor,Luxury Travel,0,7,0.821,1.0,0.075,0.007,0.232,0.22,1,3,17770.93,0.551,0
BW-01922,5305.74,796,105273.06,0.343,20,5,111,Debt Consolidation,ATM Cash,Luxury Travel,0,3,0.813,0.995,0.242,0.016,0.335,0.52,4,7,663.22,0.648,0
BW-01923,63860.99,678,95646.95,0.503,2,1,21,Business Expansion,Retail,Equipment Vendor,0,11,0.337,0.691,0.572,0.066,0.482,0.194,23,28,2202.1,0.857,0
BW-01924,38771.84,761,80953.89,0.444,18,2,86,Business Expansion,Casino,ATM Cash,0,23,0.964,1.0,0.526,0.778,0.5,0.092,7,11,3230.99,0.724,1
BW-01925,80448.75,645,137852.92,0.57,12,2,103,Equipment Purchase,Luxury Travel,Crypto Exchange,1,11,0.022,0.294,0.15,0.122,0.476,0.384,24,32,2437.84,0.917,1
BW-01926,13834.11,624,73048.02,0.541,11,2,50,Education,Equipment Vendor,ATM Cash,0,16,0.769,0.86,0.089,0.102,0.359,0.026,12,15,864.63,0.747,0
BW-01927,60879.22,603,67483.14,0.123,2,7,6,Business Expansion,Casino,Retail,0,21,0.966,1.0,0.529,0.911,0.373,0.227,13,26,2254.79,0.353,1
BW-01928,50692.42,603,83437.48,0.308,5,0,50,Business Expansion,Crypto Exchange,Equipment Vendor,0,21,0.339,0.489,0.541,0.461,0.38,0.485,25,39,1267.31,0.565,0
BW-01929,66020.92,767,56582.26,0.119,13,1,80,Business Expansion,Casino,Crypto Exchange,0,18,0.648,0.77,0.293,0.53,0.431,0.177,15,18,3474.79,0.489,0
BW-01930,11161.09,565,134267.97,0.156,3,4,66,Business Expansion,ATM Cash,ATM Cash,0,8,0.562,0.664,0.674,0.019,0.476,0.559,20,33,328.27,0.581,0
BW-01931,60098.46,648,122436.1,0.431,12,5,115,Equipment Purchase,ATM Cash,ATM Cash,1,11,0.762,0.782,0.783,0.043,0.223,0.573,2,11,5008.2,0.586,1
BW-01932,58341.04,569,102431.78,0.581,18,1,1,Medical,Retail,Luxury Travel,0,27,0.866,1.0,0.165,0.109,0.208,0.489,26,32,1767.91,0.697,0
BW-01933,58262.71,595,88548.87,0.166,17,1,57,Medical,Casino,Equipment Vendor,0,20,0.603,0.629,0.462,0.998,0.23,0.593,28,45,1266.58,0.171,0
BW-01934,62331.33,742,166359.38,0.348,2,6,30,Education,Casino,Retail,0,16,0.816,1.0,0.004,0.613,0.33,0.318,14,33,1833.27,0.735,1
BW-01935,69264.45,607,34368.57,0.601,19,1,58,Debt Consolidation,ATM Cash,Casino,0,22,0.312,0.362,0.57,0.07,0.388,0.342,12,26,2565.35,0.222,0
BW-01936,81473.95,660,145366.16,0.548,5,0,107,Medical,Crypto Exchange,Equipment Vendor,0,9,0.229,0.255,0.331,0.473,0.435,0.502,13,20,3879.71,0.122,0
BW-01937,30632.97,678,165286.44,0.386,15,5,52,Debt Consolidation,Crypto Exchange,Retail,0,29,0.431,0.656,0.155,0.808,0.228,0.296,14,22,1331.87,0.541,0
BW-01938,83379.69,743,96953.19,0.524,19,0,37,Medical,Luxury Travel,Retail,0,18,0.678,0.879,0.602,0.106,0.182,0.244,29,33,2452.34,0.594,1
BW-01939,52334.29,557,112603.57,0.387,23,5,48,Medical,Crypto Exchange,Equipment Vendor,0,25,0.187,0.383,0.649,0.777,0.492,0.369,26,31,1635.45,0.13,1
BW-01940,12320.54,578,171669.55,0.187,2,5,87,Education,Casino,Crypto Exchange,0,25,0.68,0.91,0.089,0.534,0.116,0.395,3,14,821.37,0.538,0
BW-01941,10562.34,661,61841.63,0.169,11,6,1,Business Expansion,Retail,Equipment Vendor,0,10,0.394,0.509,0.033,0.138,0.111,0.451,25,31,330.07,0.554,0
BW-01942,36752.64,710,108020.23,0.204,18,0,19,Education,Crypto Exchange,ATM Cash,0,19,0.796,1.0,0.267,0.914,0.358,0.401,27,33,1080.96,0.145,0
BW-01943,79565.21,680,101208.17,0.293,18,5,46,Medical,ATM Cash,Luxury Travel,0,21,0.037,0.238,0.501,0.141,0.09,0.447,13,27,2841.61,0.705,0
BW-01944,72229.69,737,68758.9,0.612,23,1,67,Business Expansion,ATM Cash,ATM Cash,0,23,0.668,0.802,0.635,0.004,0.2,0.405,8,26,2675.17,0.279,0
BW-01945,79918.42,712,152788.98,0.54,3,0,2,Business Expansion,Luxury Travel,Retail,0,12,0.65,0.981,0.437,0.116,0.146,0.288,16,28,2755.81,0.775,0
BW-01946,54140.56,746,164940.09,0.338,0,5,56,Business Expansion,Luxury Travel,Retail,0,3,0.941,1.0,0.465,0.08,0.084,0.081,6,23,2255.86,0.364,0
BW-01947,46818.9,753,147289.89,0.371,1,7,101,Debt Consolidation,Casino,Casino,0,14,0.713,0.87,0.64,0.454,0.29,0.471,11,20,2229.47,0.506,0
BW-01948,19007.99,761,59303.84,0.246,12,2,17,Medical,Crypto Exchange,Retail,0,11,0.796,1.0,0.423,0.679,0.187,0.018,29,36,513.73,0.858,0
BW-01949,36178.31,658,43012.3,0.487,12,0,92,Equipment Purchase,Crypto Exchange,Casino,1,24,0.905,1.0,0.489,0.556,0.231,0.596,15,25,1391.47,0.785,1
BW-01950,46231.84,825,120816.67,0.542,1,6,82,Education,Luxury Travel,Retail,0,23,0.675,0.89,0.413,0.117,0.098,0.497,19,26,1712.29,0.765,0
BW-01951,13417.04,622,38564.21,0.231,18,7,97,Debt Consolidation,Crypto Exchange,Retail,0,25,0.29,0.376,0.704,0.866,0.384,0.403,26,33,394.62,0.236,0
BW-01952,25958.14,716,130923.88,0.123,21,7,79,Education,Casino,Equipment Vendor,0,9,0.87,1.0,0.188,0.495,0.157,0.58,24,38,665.59,0.141,0
BW-01953,61831.4,809,109563.63,0.443,23,3,22,Equipment Purchase,Retail,Equipment Vendor,0,21,0.748,0.824,0.211,0.053,0.171,0.367,29,30,1994.56,0.615,0
BW-01954,74888.0,792,129417.86,0.409,15,0,105,Business Expansion,ATM Cash,Luxury Travel,0,6,0.424,0.443,0.102,0.009,0.126,0.034,2,21,3404.0,0.449,0
BW-01955,99843.01,824,118525.62,0.321,11,7,27,Equipment Purchase,Casino,ATM Cash,1,23,0.711,0.842,0.656,0.971,0.217,0.336,11,23,4160.13,0.873,1
BW-01956,93645.77,651,93405.39,0.454,0,0,55,Education,Crypto Exchange,Crypto Exchange,0,1,0.868,1.0,0.329,0.849,0.232,0.166,20,37,2464.36,0.397,0
BW-01957,66043.69,722,60131.58,0.403,8,0,101,Equipment Purchase,Casino,Luxury Travel,1,20,0.976,1.0,0.278,0.412,0.265,0.222,20,31,2063.87,0.449,1
BW-01958,45018.57,720,75855.32,0.238,16,5,32,Medical,ATM Cash,Retail,0,28,0.952,1.0,0.785,0.1,0.484,0.276,9,16,2648.15,0.547,1
BW-01959,65436.85,690,108675.09,0.319,9,0,60,Equipment Purchase,Equipment Vendor,Luxury Travel,0,6,0.325,0.706,0.741,0.073,0.452,0.465,24,40,1596.02,0.777,0
BW-01960,79636.9,737,127780.21,0.335,17,3,109,Medical,ATM Cash,Equipment Vendor,0,7,0.422,0.459,0.778,0.002,0.305,0.302,23,28,2746.1,0.328,0
BW-01961,16241.94,635,146922.45,0.584,18,4,83,Equipment Purchase,ATM Cash,ATM Cash,1,20,0.11,0.134,0.114,0.017,0.019,0.285,4,19,812.1,0.901,0
BW-01962,43940.96,601,145075.61,0.628,6,0,28,Medical,Equipment Vendor,Retail,0,18,0.248,0.49,0.713,0.105,0.306,0.181,23,36,1187.59,0.559,0
BW-01963,84781.22,660,175903.31,0.591,24,2,28,Medical,Crypto Exchange,Retail,0,5,0.882,1.0,0.263,0.531,0.045,0.324,17,26,3140.05,0.815,1
BW-01964,41464.13,592,72876.22,0.496,18,3,74,Equipment Purchase,Crypto Exchange,Luxury Travel,1,20,0.361,0.562,0.01,0.753,0.355,0.149,27,28,1429.8,0.547,1
BW-01965,59327.87,760,40666.61,0.422,23,4,84,Debt Consolidation,Retail,ATM Cash,0,7,0.621,0.642,0.313,0.047,0.195,0.157,24,36,1603.46,0.756,0
BW-01966,60838.09,749,81848.54,0.479,14,5,25,Business Expansion,ATM Cash,Casino,0,24,0.666,0.754,0.407,0.013,0.419,0.454,8,8,6759.79,0.144,0
BW-01967,22525.24,847,141494.17,0.617,8,0,85,Business Expansion,Casino,Crypto Exchange,0,24,0.782,0.88,0.087,0.644,0.471,0.206,25,42,523.84,0.779,0
BW-01968,39412.37,789,95716.75,0.237,9,4,78,Business Expansion,Retail,ATM Cash,0,27,0.183,0.318,0.43,0.079,0.209,0.031,25,38,1010.57,0.545,0
BW-01969,36778.57,664,152668.26,0.394,22,2,86,Medical,Crypto Exchange,Luxury Travel,0,27,0.305,0.322,0.656,0.582,0.23,0.206,16,18,1935.71,0.482,0
BW-01970,7488.69,575,112398.95,0.479,19,3,117,Business Expansion,Crypto Exchange,Luxury Travel,0,21,0.448,0.81,0.302,0.661,0.295,0.383,1,15,468.04,0.195,0
BW-01971,7298.22,848,169468.76,0.474,19,3,26,Medical,Luxury Travel,Crypto Exchange,0,19,0.365,0.571,0.282,0.003,0.099,0.488,10,18,384.12,0.73,0
BW-01972,84011.22,626,172179.52,0.239,3,5,108,Debt Consolidation,Retail,Retail,0,3,0.983,1.0,0.271,0.099,0.464,0.577,7,19,4200.56,0.211,0
BW-01973,30941.73,686,40395.68,0.423,5,5,75,Equipment Purchase,Crypto Exchange,Retail,1,24,0.835,0.862,0.738,0.831,0.216,0.448,15,19,1547.09,0.263,1
BW-01974,54217.48,569,98462.02,0.538,3,5,119,Equipment Purchase,Equipment Vendor,Casino,0,19,0.48,0.502,0.039,0.107,0.083,0.257,1,5,9036.25,0.207,0
BW-01975,33378.93,760,121453.36,0.361,4,4,71,Medical,Luxury Travel,Luxury Travel,0,23,0.879,1.0,0.356,0.094,0.381,0.179,22,23,1390.79,0.106,0
BW-01976,94364.53,789,68380.88,0.536,8,0,17,Medical,Casino,Crypto Exchange,0,8,0.348,0.703,0.212,0.416,0.11,0.078,16,16,5550.85,0.663,0
BW-01977,29633.19,588,91061.52,0.298,11,1,82,Debt Consolidation,Luxury Travel,Luxury Travel,0,4,0.786,0.997,0.715,0.119,0.072,0.377,21,37,779.82,0.33,0
BW-01978,45817.4,817,131652.23,0.616,22,7,7,Business Expansion,ATM Cash,Equipment Vendor,0,28,0.224,0.575,0.077,0.095,0.281,0.306,27,45,996.03,0.227,0
BW-01979,87909.37,756,64010.13,0.394,7,3,56,Debt Consolidation,ATM Cash,Luxury Travel,0,5,0.772,1.0,0.329,0.063,0.336,0.407,2,18,4626.81,0.372,0
BW-01980,84983.69,816,120297.2,0.428,20,1,64,Equipment Purchase,Casino,Luxury Travel,1,18,0.456,0.486,0.325,0.971,0.285,0.142,29,37,2236.41,0.524,1
BW-01981,22679.63,703,134617.17,0.117,4,6,20,Equipment Purchase,Equipment Vendor,Equipment Vendor,0,11,0.107,0.188,0.711,0.018,0.328,0.194,3,12,1744.59,0.528,0
BW-01982,81251.11,591,43574.45,0.194,10,3,38,Business Expansion,Casino,Equipment Vendor,0,4,0.273,0.536,0.172,0.658,0.058,0.175,15,29,2708.37,0.412,0
BW-01983,48527.75,560,104629.4,0.448,22,7,75,Equipment Purchase,Retail,Crypto Exchange,0,4,0.402,0.579,0.516,0.114,0.238,0.479,24,36,1311.56,0.521,0
BW-01984,50882.04,843,69462.0,0.331,10,5,108,Medical,Casino,Retail,0,29,0.749,0.865,0.108,0.861,0.179,0.103,18,34,1453.77,0.463,0
BW-01985,17680.6,647,138657.95,0.379,12,7,58,Equipment Purchase,Casino,Casino,1,17,0.073,0.24,0.763,0.685,0.487,0.365,15,21,803.66,0.799,1
BW-01986,12657.14,824,58433.33,0.135,13,0,16,Education,Luxury Travel,Equipment Vendor,0,25,0.66,0.838,0.474,0.088,0.025,0.031,27,30,408.29,0.125,0
BW-01987,74154.23,779,163835.69,0.559,7,0,51,Business Expansion,Equipment Vendor,Retail,0,5,0.716,1.0,0.501,0.072,0.149,0.33,4,6,10593.46,0.838,0
BW-01988,52163.81,769,94641.2,0.531,24,3,119,Business Expansion,Casino,Crypto Exchange,0,8,0.654,0.695,0.347,0.592,0.471,0.038,3,3,13040.95,0.307,0
BW-01989,46500.82,614,59700.45,0.202,17,4,27,Business Expansion,Retail,ATM Cash,0,10,0.761,0.873,0.274,0.057,0.492,0.106,28,34,1328.59,0.714,0
BW-01990,74303.28,781,95703.27,0.449,18,6,51,Education,Luxury Travel,Luxury Travel,0,22,0.178,0.393,0.17,0.096,0.412,0.068,7,11,6191.94,0.444,0
BW-01991,77723.73,601,91311.56,0.55,11,7,75,Debt Consolidation,Equipment Vendor,Crypto Exchange,0,13,0.587,0.866,0.483,0.013,0.038,0.208,24,40,1895.7,0.35,0
BW-01992,20096.28,812,94337.84,0.452,11,5,16,Medical,Equipment Vendor,Crypto Exchange,0,23,0.941,1.0,0.764,0.069,0.281,0.206,20,36,543.14,0.623,0
BW-01993,62971.39,816,117834.19,0.271,17,0,87,Business Expansion,Crypto Exchange,Equipment Vendor,0,1,0.611,0.988,0.288,0.779,0.2,0.496,22,36,1701.93,0.754,0
BW-01994,17858.64,703,108176.06,0.461,9,6,60,Equipment Purchase,ATM Cash,Casino,1,26,0.611,0.929,0.707,0.107,0.403,0.135,19,21,811.76,0.482,1
BW-01995,76380.63,689,52466.57,0.216,6,6,76,Medical,Retail,Equipment Vendor,0,28,0.736,0.959,0.119,0.082,0.028,0.052,23,25,2937.72,0.497,0
BW-01996,67410.74,600,39836.86,0.275,17,0,40,Equipment Purchase,ATM Cash,Luxury Travel,1,13,0.333,0.419,0.749,0.08,0.099,0.362,8,9,6741.07,0.15,0
BW-01997,95878.39,666,139412.32,0.232,11,2,67,Medical,Luxury Travel,Equipment Vendor,0,24,0.7,0.88,0.28,0.007,0.245,0.412,7,14,6391.89,0.885,0
BW-01998,11551.01,595,113957.62,0.406,13,7,2,Medical,Luxury Travel,Luxury Travel,0,18,0.916,1.0,0.304,0.144,0.079,0.177,4,16,679.47,0.82,0
BW-01999,10420.2,637,83850.12,0.16,14,6,102,Equipment Purchase,Retail,Equipment Vendor,0,9,0.011,0.346,0.37,0.139,0.346,0.362,10,15,651.26,0.438,0
BW-02000,31807.77,757,151253.67,0.613,15,0,48,Equipment Purchase,Equipment Vendor,ATM Cash,0,4,0.87,1.0,0.575,0.102,0.41,0.466,28,32,963.87,0.75,0
BW-02001,29862.04,818,88208.77,0.283,1,2,52,Medical,Casino,Casino,0,29,0.219,0.461,0.576,0.45,0.352,0.209,25,37,785.84,0.366,0
BW-02002,28462.99,638,149394.76,0.22,17,0,24,Business Expansion,Retail,ATM Cash,0,22,0.456,0.667,0.384,0.031,0.22,0.315,10,10,2587.54,0.721,0
BW-02003,91094.19,667,75863.42,0.373,11,0,93,Equipment Purchase,Luxury Travel,Retail,1,3,0.852,0.859,0.419,0.028,0.439,0.088,15,32,2760.43,0.539,1
BW-02004,28706.89,603,40926.79,0.252,15,6,111,Education,ATM Cash,Casino,0,6,0.824,0.853,0.024,0.078,0.069,0.014,24,30,926.03,0.492,0
BW-02005,30835.22,665,169895.95,0.394,12,4,110,Education,Retail,Equipment Vendor,0,23,0.892,0.954,0.243,0.031,0.13,0.589,22,38,790.65,0.148,0
BW-02006,77142.83,667,89182.67,0.292,19,4,98,Medical,Equipment Vendor,Crypto Exchange,0,12,0.94,0.962,0.277,0.104,0.245,0.18,18,25,2967.03,0.921,0
BW-02007,47725.29,809,148903.89,0.173,16,5,84,Debt Consolidation,Crypto Exchange,Retail,0,9,0.447,0.607,0.447,0.86,0.031,0.167,10,28,1645.7,0.812,1
BW-02008,78787.5,624,71871.62,0.246,17,7,82,Medical,Crypto Exchange,Crypto Exchange,0,29,0.656,0.791,0.447,0.749,0.048,0.584,23,38,2020.19,0.774,0
BW-02009,11209.78,556,126954.77,0.341,2,0,78,Medical,Casino,ATM Cash,0,9,0.39,0.645,0.568,0.949,0.199,0.437,9,22,487.38,0.359,0
BW-02010,51319.26,671,160996.63,0.117,22,7,82,Business Expansion,Casino,Casino,0,3,0.351,0.565,0.574,0.619,0.472,0.351,25,44,1140.43,0.346,0
BW-02011,8193.29,560,36246.6,0.524,9,5,2,Business Expansion,Equipment Vendor,Retail,0,15,0.432,0.67,0.188,0.124,0.454,0.42,25,34,234.09,0.587,0
BW-02012,10952.05,764,154595.36,0.442,0,5,65,Debt Consolidation,ATM Cash,ATM Cash,0,14,0.743,0.932,0.616,0.053,0.233,0.426,9,10,995.64,0.819,0
BW-02013,91111.56,828,115699.95,0.431,5,5,20,Debt Consolidation,Casino,Equipment Vendor,0,20,0.501,0.612,0.016,0.984,0.071,0.458,22,37,2397.67,0.894,0
BW-02014,18228.31,577,121120.76,0.4,2,5,34,Debt Consolidation,Crypto Exchange,Crypto Exchange,0,10,0.814,1.0,0.573,0.416,0.089,0.04,16,28,628.56,0.329,0
BW-02015,55579.96,784,108473.7,0.425,18,3,41,Debt Consolidation,Equipment Vendor,Equipment Vendor,0,18,0.745,0.78,0.082,0.148,0.189,0.248,17,21,2526.36,0.616,0
BW-02016,44054.08,575,161171.27,0.614,3,6,41,Debt Consolidation,Equipment Vendor,Luxury Travel,0,20,0.02,0.396,0.584,0.092,0.105,0.177,16,33,1295.71,0.715,0
BW-02017,37997.62,603,36515.0,0.105,19,6,112,Medical,Equipment Vendor,Retail,0,23,0.63,0.754,0.422,0.063,0.041,0.042,6,25,1461.45,0.292,0
BW-02018,90484.17,578,69154.26,0.126,22,3,75,Medical,Retail,Crypto Exchange,0,2,0.437,0.642,0.35,0.014,0.337,0.248,5,15,5655.26,0.446,0
BW-02019,7073.22,713,161364.38,0.205,2,0,91,Education,ATM Cash,Casino,0,14,0.457,0.501,0.553,0.105,0.291,0.37,7,11,589.44,0.259,0
BW-02020,68060.02,819,142851.86,0.192,7,3,23,Education,ATM Cash,Casino,0,15,0.818,0.846,0.029,0.042,0.146,0.107,13,25,2617.69,0.694,0
BW-02021,96522.47,584,32646.77,0.2,7,0,38,Equipment Purchase,Casino,Casino,1,13,0.548,0.72,0.179,0.438,0.389,0.183,8,8,10724.72,0.834,0
BW-02022,58215.98,835,107550.94,0.47,6,4,44,Medical,ATM Cash,ATM Cash,0,28,0.886,1.0,0.493,0.143,0.388,0.384,1,6,8316.57,0.846,0
BW-02023,93998.13,822,109435.9,0.353,1,6,67,Debt Consolidation,Luxury Travel,Casino,0,4,0.713,0.821,0.678,0.11,0.246,0.348,10,20,4476.1,0.67,0
BW-02024,9964.5,757,90132.32,0.645,20,1,62,Equipment Purchase,Crypto Exchange,Crypto Exchange,1,25,0.553,0.778,0.305,0.89,0.048,0.521,20,29,332.15,0.395,1
BW-02025,44785.37,787,74609.0,0.225,5,2,12,Business Expansion,Casino,ATM Cash,0,16,0.755,0.866,0.207,0.426,0.459,0.475,20,20,2132.64,0.662,0
BW-02026,29714.99,642,132258.73,0.271,15,6,30,Medical,ATM Cash,Luxury Travel,0,17,0.038,0.193,0.415,0.042,0.334,0.579,29,44,660.33,0.835,0
BW-02027,74427.99,722,61168.57,0.641,9,3,95,Education,Crypto Exchange,Casino,0,18,0.027,0.39,0.498,0.565,0.124,0.358,1,13,5316.29,0.632,0
BW-02028,98223.22,628,149842.28,0.557,3,3,87,Medical,Casino,Casino,0,0,0.083,0.425,0.336,0.78,0.305,0.419,27,42,2284.26,0.451,0
BW-02029,29370.36,659,150455.57,0.358,12,4,65,Medical,Luxury Travel,ATM Cash,0,28,0.438,0.644,0.701,0.146,0.203,0.516,20,34,839.15,0.882,0
BW-02030,67146.59,766,92289.22,0.405,9,3,41,Medical,Crypto Exchange,Casino,0,26,0.235,0.33,0.419,0.471,0.318,0.504,23,29,2238.22,0.81,0
BW-02031,23819.28,655,72532.2,0.564,20,0,20,Medical,Luxury Travel,Luxury Travel,0,27,0.984,1.0,0.029,0.129,0.237,0.431,14,27,850.69,0.85,0
BW-02032,58706.37,596,72581.73,0.365,13,0,118,Business Expansion,Crypto Exchange,ATM Cash,0,26,0.542,0.924,0.178,0.621,0.243,0.3,15,25,2257.94,0.868,0
BW-02033,49073.59,730,102343.7,0.213,8,1,6,Education,Retail,ATM Cash,0,24,0.662,0.743,0.361,0.056,0.368,0.164,6,18,2582.82,0.435,0
BW-02034,97340.51,613,137936.88,0.556,10,1,75,Medical,Retail,Retail,0,8,0.279,0.602,0.558,0.003,0.307,0.526,20,24,3893.62,0.831,0
BW-02035,62810.09,795,83830.3,0.396,22,6,99,Business Expansion,Crypto Exchange,ATM Cash,0,20,0.322,0.47,0.176,0.593,0.04,0.466,2,19,3140.5,0.585,0
BW-02036,38203.11,793,121506.5,0.184,17,1,4,Equipment Purchase,Crypto Exchange,Casino,1,13,0.335,0.729,0.781,0.737,0.033,0.503,28,30,1232.36,0.132,1
BW-02037,15839.1,636,87372.67,0.378,10,0,93,Medical,Luxury Travel,ATM Cash,0,19,0.699,0.846,0.255,0.074,0.153,0.084,29,40,386.32,0.64,0
BW-02038,19368.45,766,75678.48,0.327,16,7,10,Business Expansion,ATM Cash,Casino,0,20,0.474,0.615,0.426,0.069,0.215,0.189,7,13,1383.46,0.5,0
BW-02039,26405.11,556,33728.93,0.582,1,5,51,Debt Consolidation,Equipment Vendor,Casino,0,19,0.518,0.773,0.015,0.088,0.138,0.255,24,43,600.12,0.334,0
BW-02040,28841.83,827,30587.12,0.169,2,5,93,Equipment Purchase,Crypto Exchange,ATM Cash,1,27,0.592,0.977,0.708,0.882,0.326,0.503,25,39,721.05,0.925,1
BW-02041,85808.53,759,64081.15,0.581,10,1,38,Education,Casino,Retail,0,20,0.769,1.0,0.631,0.955,0.098,0.536,25,25,3300.33,0.147,0
BW-02042,58316.16,718,90960.94,0.382,17,1,1,Medical,Casino,Casino,0,22,0.09,0.373,0.156,0.856,0.352,0.171,20,38,1495.29,0.904,0
BW-02043,54722.14,687,157689.18,0.322,2,0,104,Medical,Casino,Retail,0,10,0.777,1.0,0.747,0.663,0.387,0.412,19,28,1886.97,0.235,0
BW-02044,15903.04,779,149772.64,0.189,14,4,8,Business Expansion,Retail,Retail,0,23,0.563,0.788,0.253,0.05,0.062,0.047,5,18,837.0,0.42,0
BW-02045,86713.27,710,70074.79,0.485,10,6,102,Education,ATM Cash,ATM Cash,0,1,0.669,0.971,0.554,0.043,0.325,0.246,22,36,2343.6,0.455,0
BW-02046,73667.36,550,66681.07,0.61,10,3,81,Debt Consolidation,Luxury Travel,Equipment Vendor,0,19,0.328,0.672,0.655,0.115,0.481,0.292,28,29,2455.58,0.721,0
BW-02047,11428.49,785,64098.31,0.306,24,6,83,Equipment Purchase,ATM Cash,Equipment Vendor,1,23,0.409,0.603,0.593,0.14,0.096,0.459,29,45,248.45,0.283,0
BW-02048,72244.33,737,80885.6,0.233,19,2,63,Education,Retail,Casino,0,22,0.231,0.479,0.734,0.137,0.455,0.535,8,17,4013.57,0.938,0
BW-02049,56636.13,553,104729.81,0.405,24,5,33,Medical,ATM Cash,Crypto Exchange,0,24,0.979,1.0,0.691,0.021,0.303,0.202,3,7,7079.52,0.737,1
BW-02050,12763.91,681,95800.17,0.538,10,7,15,Business Expansion,ATM Cash,Equipment Vendor,0,4,0.497,0.722,0.796,0.075,0.295,0.317,13,18,671.78,0.771,0
BW-02051,48538.56,767,62740.98,0.102,18,5,109,Debt Consolidation,Casino,ATM Cash,0,21,0.996,1.0,0.146,0.811,0.026,0.388,6,11,4044.88,0.19,0
BW-02052,51046.15,809,49567.71,0.447,0,0,31,Business Expansion,Crypto Exchange,ATM Cash,0,26,0.49,0.632,0.244,0.56,0.374,0.197,21,26,1890.6,0.505,0
BW-02053,20748.58,550,31886.67,0.428,4,6,21,Equipment Purchase,Casino,Equipment Vendor,1,23,0.22,0.303,0.509,0.8,0.239,0.591,29,42,482.53,0.904,1
BW-02054,94841.32,620,53094.49,0.275,9,7,3,Education,ATM Cash,Crypto Exchange,0,14,0.507,0.69,0.586,0.03,0.361,0.525,23,35,2634.48,0.33,0
BW-02055,85747.66,727,135803.46,0.348,9,0,66,Business Expansion,Crypto Exchange,Luxury Travel,0,11,0.04,0.123,0.428,0.951,0.405,0.178,14,26,3175.84,0.224,0
BW-02056,68557.12,738,66545.79,0.236,13,2,35,Business Expansion,Luxury Travel,Casino,0,13,0.905,1.0,0.059,0.145,0.262,0.305,25,34,1958.77,0.513,0
BW-02057,48918.08,840,100290.27,0.534,1,7,41,Medical,Equipment Vendor,Luxury Travel,0,10,0.819,1.0,0.673,0.105,0.132,0.139,7,22,2126.87,0.891,1
BW-02058,44117.73,557,118695.17,0.449,3,6,59,Business Expansion,Crypto Exchange,Luxury Travel,0,20,0.726,0.973,0.769,0.923,0.071,0.309,11,17,2450.98,0.514,1
BW-02059,66842.48,802,163026.14,0.393,1,7,16,Debt Consolidation,Retail,Retail,0,29,0.61,0.952,0.324,0.073,0.08,0.41,22,24,2673.7,0.444,0
BW-02060,56816.03,841,163328.26,0.316,17,2,56,Education,Casino,Retail,0,8,0.58,0.646,0.18,0.586,0.433,0.051,9,23,2367.33,0.653,0
BW-02061,10915.95,793,141860.06,0.26,12,1,45,Equipment Purchase,Casino,Casino,1,19,0.997,1.0,0.015,0.512,0.062,0.522,10,14,727.73,0.896,1
BW-02062,53687.75,672,35273.55,0.553,18,6,115,Business Expansion,ATM Cash,Crypto Exchange,0,7,0.278,0.519,0.19,0.02,0.192,0.356,20,27,1917.42,0.142,0
BW-02063,81608.34,848,116260.56,0.348,4,2,59,Debt Consolidation,ATM Cash,Retail,0,11,0.78,0.793,0.56,0.026,0.167,0.594,17,21,3709.47,0.23,0
BW-02064,48627.79,832,147987.52,0.376,19,3,50,Equipment Purchase,ATM Cash,Equipment Vendor,1,29,0.581,0.834,0.729,0.13,0.433,0.015,8,9,4862.78,0.213,1
BW-02065,9935.87,581,32593.21,0.386,1,3,85,Debt Consolidation,ATM Cash,Casino,0,2,0.976,1.0,0.075,0.079,0.239,0.499,22,40,242.34,0.173,0
BW-02066,79696.43,695,112452.69,0.347,10,5,12,Business Expansion,Casino,ATM Cash,0,20,0.828,0.86,0.443,0.415,0.498,0.475,6,16,4688.03,0.357,0
BW-02067,24129.56,705,158664.62,0.241,17,3,92,Business Expansion,Crypto Exchange,Luxury Travel,0,14,0.999,1.0,0.556,0.638,0.369,0.08,21,31,754.05,0.295,0
BW-02068,29568.98,565,101115.31,0.166,5,6,12,Education,Luxury Travel,Casino,0,7,0.588,0.954,0.221,0.08,0.425,0.201,26,28,1019.62,0.566,0
BW-02069,20647.1,596,30615.93,0.154,22,3,33,Medical,Crypto Exchange,ATM Cash,0,25,0.205,0.209,0.456,0.502,0.049,0.531,11,23,860.3,0.378,0
BW-02070,36370.43,800,31652.0,0.517,9,3,84,Debt Consolidation,Retail,ATM Cash,0,27,0.504,0.756,0.572,0.049,0.127,0.311,3,22,1581.32,0.444,0
BW-02071,76891.39,736,92495.41,0.223,21,7,104,Medical,Casino,Retail,0,6,0.711,0.901,0.67,0.513,0.068,0.241,6,24,3075.66,0.901,1
BW-02072,54341.66,580,53251.3,0.131,22,1,49,Medical,Crypto Exchange,ATM Cash,0,16,0.774,0.913,0.362,0.807,0.232,0.543,17,31,1698.18,0.232,0
BW-02073,24463.72,809,129667.6,0.539,16,5,21,Equipment Purchase,Casino,Crypto Exchange,1,11,0.001,0.252,0.598,0.449,0.359,0.056,7,12,1881.82,0.43,0
BW-02074,88393.86,566,136319.89,0.185,21,0,60,Equipment Purchase,Retail,ATM Cash,0,19,0.505,0.526,0.241,0.118,0.085,0.284,6,18,4652.31,0.319,0
BW-02075,88560.28,588,56681.97,0.444,10,5,52,Debt Consolidation,Equipment Vendor,ATM Cash,0,17,0.235,0.536,0.17,0.127,0.065,0.391,21,38,2270.78,0.567,0
BW-02076,87704.95,588,163279.99,0.286,18,5,54,Medical,Equipment Vendor,Luxury Travel,0,17,0.875,0.877,0.15,0.1,0.307,0.365,13,30,2829.19,0.726,0
BW-02077,27685.64,681,96286.18,0.17,16,5,39,Education,Equipment Vendor,Crypto Exchange,0,28,0.153,0.276,0.287,0.024,0.115,0.159,14,14,1845.71,0.794,0
BW-02078,47867.74,579,51426.89,0.328,23,2,105,Medical,Casino,Casino,0,14,0.666,0.868,0.029,0.46,0.24,0.338,19,29,1595.59,0.538,0
BW-02079,98574.02,707,144637.74,0.108,3,0,49,Equipment Purchase,Crypto Exchange,Crypto Exchange,1,22,0.266,0.417,0.226,0.504,0.026,0.425,8,23,4107.25,0.827,1
BW-02080,78341.19,827,148496.18,0.563,23,2,106,Medical,Casino,Crypto Exchange,0,27,0.357,0.48,0.522,0.609,0.34,0.351,13,13,5595.8,0.767,0
BW-02081,7580.91,752,125894.32,0.382,13,1,64,Business Expansion,Luxury Travel,Casino,0,27,0.941,1.0,0.518,0.123,0.271,0.411,20,38,194.38,0.233,0
BW-02082,11194.44,615,158019.83,0.177,19,1,100,Business Expansion,Crypto Exchange,Luxury Travel,0,2,0.24,0.614,0.059,0.85,0.324,0.154,9,16,658.5,0.309,0
BW-02083,49073.48,657,140605.95,0.23,3,4,86,Education,Retail,ATM Cash,0,18,0.095,0.444,0.23,0.141,0.138,0.5,25,43,1115.31,0.671,0
BW-02084,91375.92,817,162330.86,0.346,13,4,26,Debt Consolidation,ATM Cash,Crypto Exchange,0,14,0.069,0.278,0.456,0.137,0.139,0.27,5,20,4351.23,0.929,0
BW-02085,56176.67,771,95083.21,0.204,3,7,71,Medical,Equipment Vendor,Crypto Exchange,0,15,0.505,0.859,0.255,0.006,0.401,0.592,11,13,4012.62,0.42,0
BW-02086,52292.19,841,142139.57,0.248,5,1,7,Business Expansion,Crypto Exchange,Casino,0,21,0.642,1.0,0.334,0.86,0.359,0.014,7,8,5810.24,0.295,0
BW-02087,15020.0,567,179962.73,0.394,8,1,72,Debt Consolidation,Crypto Exchange,Equipment Vendor,0,21,0.327,0.491,0.57,0.586,0.29,0.228,6,17,834.44,0.839,0
BW-02088,67394.11,639,138739.68,0.558,20,2,62,Business Expansion,Equipment Vendor,Crypto Exchange,0,16,0.69,0.803,0.007,0.032,0.314,0.108,12,21,3063.37,0.27,0
BW-02089,83099.8,730,47127.57,0.321,11,7,90,Debt Consolidation,Retail,Retail,0,0,0.061,0.1,0.221,0.069,0.047,0.333,12,13,5935.7,0.693,0
BW-02090,41139.9,804,107747.81,0.494,7,1,88,Debt Consolidation,Casino,ATM Cash,0,10,0.857,1.0,0.114,0.475,0.428,0.146,6,10,3739.99,0.129,0
BW-02091,78683.13,802,118102.17,0.582,23,6,24,Business Expansion,Casino,ATM Cash,0,5,0.817,1.0,0.102,0.427,0.385,0.442,4,8,8742.57,0.116,0
BW-02092,96625.28,806,56131.6,0.219,3,0,40,Equipment Purchase,ATM Cash,Luxury Travel,1,22,0.985,1.0,0.767,0.086,0.295,0.529,26,31,3019.54,0.484,1
BW-02093,24357.81,636,174433.75,0.544,24,2,112,Debt Consolidation,Crypto Exchange,Crypto Exchange,0,8,0.937,1.0,0.301,0.585,0.459,0.127,13,15,1522.36,0.658,1
BW-02094,54716.31,639,56336.97,0.517,24,1,76,Medical,Equipment Vendor,Casino,0,19,0.356,0.401,0.422,0.003,0.084,0.096,12,21,2487.1,0.221,0
BW-02095,32278.11,786,56633.69,0.296,4,2,47,Business Expansion,Luxury Travel,Retail,0,15,0.399,0.456,0.587,0.086,0.343,0.525,15,19,1613.91,0.749,0
BW-02096,80321.17,619,167275.07,0.644,5,2,8,Equipment Purchase,Retail,Casino,0,29,0.746,0.932,0.038,0.078,0.481,0.217,8,27,2868.61,0.209,0
BW-02097,59871.37,593,99780.81,0.244,4,3,54,Business Expansion,Casino,Crypto Exchange,0,25,0.134,0.515,0.193,0.942,0.155,0.261,13,17,3326.19,0.554,0
BW-02098,65285.33,749,39478.24,0.24,18,7,9,Education,Retail,Retail,0,5,0.314,0.458,0.666,0.097,0.008,0.133,11,25,2510.97,0.362,0
BW-02099,80801.85,701,119728.12,0.525,7,4,3,Medical,Retail,Luxury Travel,0,11,0.119,0.47,0.69,0.135,0.367,0.255,11,27,2885.78,0.739,0
BW-02100,42617.19,635,120273.95,0.339,8,7,54,Education,ATM Cash,Luxury Travel,0,18,0.455,0.503,0.298,0.069,0.003,0.139,11,27,1522.04,0.783,0
BW-02101,91933.56,568,39675.11,0.282,14,2,21,Debt Consolidation,Retail,Luxury Travel,0,12,0.552,0.799,0.3,0.001,0.436,0.4,26,43,2089.4,0.156,0
BW-02102,55637.74,650,175878.37,0.198,3,7,95,Debt Consolidation,Equipment Vendor,Equipment Vendor,0,12,0.211,0.451,0.606,0.095,0.028,0.299,19,28,1918.54,0.264,0
BW-02103,20005.71,644,111604.49,0.521,24,5,48,Education,ATM Cash,Casino,0,26,0.027,0.371,0.236,0.101,0.326,0.473,21,27,714.49,0.859,0
BW-02104,71110.42,803,113969.36,0.532,8,6,47,Education,Equipment Vendor,Crypto Exchange,0,3,0.719,0.72,0.094,0.078,0.189,0.188,17,27,2539.66,0.453,0
BW-02105,80359.83,579,108017.31,0.412,6,6,88,Debt Consolidation,ATM Cash,Retail,0,8,0.02,0.096,0.206,0.103,0.102,0.303,1,14,5357.32,0.505,0
BW-02106,35092.36,798,121609.77,0.627,7,2,68,Equipment Purchase,Equipment Vendor,ATM Cash,0,13,0.973,1.0,0.31,0.049,0.449,0.156,13,21,1595.11,0.243,0
BW-02107,86432.03,582,69644.96,0.275,14,5,84,Medical,ATM Cash,ATM Cash,0,13,0.222,0.602,0.042,0.022,0.373,0.561,25,41,2057.91,0.946,0
BW-02108,91083.61,778,73086.2,0.221,18,6,63,Business Expansion,ATM Cash,Casino,0,16,0.664,0.725,0.383,0.1,0.17,0.313,20,21,4140.16,0.885,0
BW-02109,31305.93,561,106700.86,0.473,14,3,16,Education,Crypto Exchange,Crypto Exchange,0,4,0.435,0.45,0.592,0.473,0.142,0.104,9,25,1204.07,0.102,0
BW-02110,98434.54,667,151002.88,0.517,4,1,74,Medical,Equipment Vendor,Equipment Vendor,0,26,0.06,0.274,0.411,0.068,0.368,0.164,23,39,2460.86,0.568,0
BW-02111,18367.6,704,37479.69,0.224,18,2,107,Business Expansion,Crypto Exchange,Crypto Exchange,0,22,0.472,0.683,0.058,0.555,0.418,0.05,26,45,399.3,0.841,0
BW-02112,24191.49,795,120510.63,0.142,6,3,90,Business Expansion,ATM Cash,Casino,0,18,0.517,0.855,0.352,0.072,0.358,0.017,24,33,711.51,0.466,0
BW-02113,22501.36,796,151016.72,0.546,5,7,93,Education,Casino,Crypto Exchange,0,1,0.855,1.0,0.567,0.516,0.32,0.316,11,22,978.32,0.471,1
BW-02114,89929.02,578,53537.59,0.637,18,0,5,Equipment Purchase,ATM Cash,ATM Cash,1,12,0.732,0.947,0.046,0.004,0.114,0.202,9,20,4282.33,0.422,0
BW-02115,67157.79,710,32253.38,0.455,24,7,11,Equipment Purchase,Casino,ATM Cash,1,10,0.079,0.451,0.048,0.876,0.426,0.578,17,31,2098.68,0.125,1
BW-02116,19449.91,784,76906.99,0.253,16,3,29,Medical,Casino,Retail,0,1,0.209,0.499,0.296,0.699,0.375,0.103,7,15,1215.62,0.772,0
BW-02117,46830.72,739,118221.56,0.648,9,4,109,Medical,Casino,Equipment Vendor,0,0,0.312,0.418,0.156,0.54,0.259,0.476,8,25,1801.18,0.488,0
BW-02118,63453.31,666,50742.48,0.591,18,4,79,Debt Consolidation,Casino,ATM Cash,0,20,0.116,0.487,0.748,0.536,0.256,0.19,2,17,3525.18,0.551,0
BW-02119,12929.09,820,93918.36,0.382,10,1,70,Equipment Purchase,Equipment Vendor,Retail,0,28,0.457,0.724,0.465,0.012,0.285,0.134,14,20,615.67,0.317,0
BW-02120,88829.55,807,112848.22,0.554,14,7,48,Medical,Luxury Travel,Equipment Vendor,0,2,0.984,1.0,0.23,0.101,0.414,0.582,10,23,3701.23,0.767,0
BW-02121,81342.34,729,119832.46,0.549,9,5,15,Debt Consolidation,Equipment Vendor,ATM Cash,0,26,0.515,0.787,0.564,0.048,0.371,0.482,9,12,6257.1,0.775,0
BW-02122,52994.64,721,71161.76,0.614,10,1,107,Business Expansion,Luxury Travel,Equipment Vendor,0,11,0.742,0.903,0.3,0.034,0.428,0.378,28,30,1709.5,0.57,0
BW-02123,96877.03,823,90004.45,0.563,22,6,84,Medical,Equipment Vendor,Crypto Exchange,0,6,0.683,0.729,0.106,0.057,0.254,0.418,1,12,7452.08,0.869,0
BW-02124,44687.29,808,146750.88,0.454,2,5,34,Debt Consolidation,Casino,Retail,0,0,0.85,1.0,0.19,0.744,0.312,0.595,12,27,1595.97,0.199,1
BW-02125,98490.48,684,171182.2,0.435,2,5,60,Equipment Purchase,Retail,Equipment Vendor,0,8,0.216,0.546,0.514,0.101,0.427,0.356,14,17,5471.69,0.769,0
BW-02126,68452.4,720,159282.05,0.357,17,5,62,Business Expansion,ATM Cash,Equipment Vendor,0,29,0.754,1.0,0.042,0.097,0.116,0.061,19,22,2976.19,0.575,0
BW-02127,65293.77,759,114642.53,0.445,24,5,2,Medical,Luxury Travel,Crypto Exchange,0,17,0.881,0.973,0.218,0.129,0.222,0.039,29,31,2040.43,0.296,0
BW-02128,20765.72,785,91543.92,0.537,10,4,108,Equipment Purchase,Retail,ATM Cash,0,23,0.172,0.555,0.167,0.033,0.31,0.4,11,19,1038.29,0.212,0
BW-02129,88783.14,735,79943.49,0.633,19,7,80,Business Expansion,Casino,ATM Cash,0,25,0.347,0.357,0.161,0.585,0.458,0.395,9,22,3860.14,0.356,0
BW-02130,45611.52,644,48743.48,0.357,21,6,19,Education,Luxury Travel,Casino,0,19,0.97,1.0,0.546,0.015,0.008,0.449,17,28,1572.81,0.828,0
BW-02131,20412.17,560,45982.69,0.416,17,4,98,Equipment Purchase,Retail,Casino,0,5,0.781,0.885,0.661,0.082,0.106,0.065,20,29,680.41,0.769,0
BW-02132,6197.71,617,133253.64,0.345,24,2,49,Education,Equipment Vendor,ATM Cash,0,8,0.283,0.302,0.573,0.088,0.117,0.567,26,39,154.94,0.648,0
BW-02133,58176.79,759,68969.16,0.468,14,6,78,Medical,Casino,Luxury Travel,0,22,0.564,0.726,0.517,0.613,0.163,0.331,6,17,3232.04,0.177,0
BW-02134,55102.96,745,68199.25,0.446,6,4,88,Debt Consolidation,Equipment Vendor,Luxury Travel,0,7,0.404,0.653,0.733,0.059,0.141,0.39,6,17,3061.28,0.912,0
BW-02135,73338.59,647,179729.26,0.11,9,1,28,Medical,Equipment Vendor,Equipment Vendor,0,22,0.49,0.843,0.047,0.124,0.295,0.021,20,21,3333.57,0.36,0
BW-02136,89574.52,642,58188.89,0.398,20,4,48,Equipment Purchase,Casino,ATM Cash,1,17,0.355,0.751,0.134,0.527,0.443,0.577,10,28,3088.78,0.616,0
BW-02137,12543.63,571,52208.96,0.149,22,6,96,Education,Luxury Travel,Casino,0,24,0.279,0.602,0.332,0.065,0.318,0.338,10,22,545.38,0.783,0
BW-02138,74492.17,721,44802.78,0.115,19,6,37,Education,ATM Cash,Equipment Vendor,0,14,0.675,0.862,0.298,0.14,0.121,0.338,26,35,2069.23,0.213,0
BW-02139,22804.13,683,116970.8,0.535,9,1,74,Business Expansion,Crypto Exchange,Retail,0,0,0.779,1.0,0.334,0.678,0.432,0.566,26,26,844.6,0.654,0
BW-02140,86526.82,574,124179.57,0.242,12,0,49,Medical,Crypto Exchange,Casino,0,13,0.874,1.0,0.165,0.458,0.316,0.558,17,17,4807.05,0.127,0
BW-02141,82811.03,734,84784.19,0.287,14,7,109,Medical,ATM Cash,Casino,0,17,0.155,0.341,0.12,0.124,0.109,0.132,21,28,2855.55,0.187,0
BW-02142,56375.41,634,110312.0,0.135,22,6,48,Equipment Purchase,Casino,Casino,1,18,0.823,1.0,0.407,0.505,0.181,0.559,14,19,2818.77,0.715,1
BW-02143,72473.07,604,148259.93,0.199,17,4,73,Education,Crypto Exchange,Luxury Travel,0,18,0.255,0.448,0.742,0.469,0.395,0.442,5,24,2898.92,0.232,0
BW-02144,34863.26,800,152715.63,0.521,22,1,88,Equipment Purchase,ATM Cash,Crypto Exchange,1,29,0.427,0.582,0.314,0.114,0.369,0.011,3,5,5810.54,0.477,1
BW-02145,49760.95,693,173686.81,0.371,3,5,100,Equipment Purchase,Retail,Crypto Exchange,0,9,0.901,1.0,0.035,0.113,0.288,0.144,11,23,2073.37,0.311,0
BW-02146,83055.51,716,153640.2,0.584,19,7,29,Education,ATM Cash,Luxury Travel,0,19,0.455,0.725,0.565,0.009,0.072,0.248,19,30,2679.21,0.458,0
BW-02147,48630.19,773,114726.22,0.318,16,6,60,Equipment Purchase,Luxury Travel,ATM Cash,1,20,0.197,0.488,0.233,0.048,0.402,0.35,20,39,1215.75,0.166,0
BW-02148,38990.84,769,56948.54,0.248,2,7,29,Education,ATM Cash,ATM Cash,0,5,0.16,0.303,0.196,0.06,0.154,0.421,19,34,1114.02,0.742,0
BW-02149,51950.18,728,44964.53,0.291,20,7,58,Equipment Purchase,Equipment Vendor,Luxury Travel,0,16,0.473,0.702,0.259,0.124,0.386,0.126,14,24,2078.01,0.167,0
BW-02150,83683.68,668,38176.78,0.492,20,3,48,Debt Consolidation,Equipment Vendor,Luxury Travel,0,13,0.763,1.0,0.579,0.063,0.324,0.502,15,18,4404.4,0.812,0
BW-02151,36844.76,814,129978.87,0.405,1,7,23,Equipment Purchase,Casino,ATM Cash,1,12,0.997,1.0,0.655,0.515,0.132,0.507,3,10,3349.52,0.663,1
BW-02152,21507.35,699,151130.44,0.597,3,5,27,Equipment Purchase,Equipment Vendor,Crypto Exchange,0,7,0.787,0.878,0.47,0.149,0.106,0.381,3,9,2150.73,0.454,0
BW-02153,72641.33,764,106302.59,0.431,0,2,95,Debt Consolidation,Retail,Equipment Vendor,0,21,0.877,0.954,0.258,0.117,0.065,0.553,23,38,1862.6,0.837,0
BW-02154,83467.93,746,38207.13,0.371,14,7,107,Medical,ATM Cash,Luxury Travel,0,9,0.748,1.0,0.248,0.1,0.121,0.488,9,20,3974.66,0.258,0
BW-02155,14560.56,591,110320.59,0.532,24,6,7,Education,Retail,Equipment Vendor,0,8,0.895,1.0,0.099,0.059,0.079,0.133,11,16,856.5,0.325,0
BW-02156,27788.04,602,170362.39,0.621,0,1,49,Business Expansion,Casino,Equipment Vendor,0,4,0.076,0.086,0.747,0.713,0.309,0.479,15,20,1323.24,0.217,1
BW-02157,18487.34,800,119641.98,0.296,5,5,54,Debt Consolidation,Equipment Vendor,Retail,0,22,0.93,1.0,0.511,0.086,0.299,0.572,29,39,462.18,0.424,0
BW-02158,38054.43,844,151414.12,0.237,6,4,109,Medical,Crypto Exchange,Crypto Exchange,0,26,0.396,0.719,0.022,0.938,0.293,0.083,17,28,1312.22,0.939,0
BW-02159,47783.34,820,150022.9,0.439,18,4,68,Equipment Purchase,ATM Cash,Equipment Vendor,1,3,0.922,1.0,0.53,0.053,0.321,0.587,24,39,1194.58,0.237,1
BW-02160,76138.5,672,169819.36,0.374,11,6,78,Medical,Crypto Exchange,Crypto Exchange,0,5,0.076,0.274,0.358,0.946,0.407,0.015,26,41,1812.82,0.806,0
BW-02161,66859.02,815,145534.31,0.644,0,0,106,Debt Consolidation,Luxury Travel,Crypto Exchange,0,5,0.715,0.904,0.778,0.07,0.457,0.313,12,27,2387.82,0.654,0
BW-02162,63988.21,578,142155.08,0.354,6,3,42,Equipment Purchase,Casino,Retail,1,12,0.736,0.968,0.655,0.943,0.115,0.464,17,20,3047.06,0.113,1
BW-02163,38475.62,584,65115.4,0.141,18,6,74,Medical,Luxury Travel,ATM Cash,0,3,0.997,1.0,0.137,0.06,0.294,0.474,9,20,1832.17,0.903,0
BW-02164,84937.52,555,38988.77,0.638,12,1,59,Business Expansion,Crypto Exchange,Crypto Exchange,0,21,0.769,0.979,0.576,0.922,0.039,0.441,13,17,4718.75,0.925,1
BW-02165,49772.28,660,107639.92,0.564,11,5,44,Education,Crypto Exchange,Equipment Vendor,0,7,0.383,0.387,0.388,0.424,0.06,0.318,8,16,2927.78,0.886,0
BW-02166,98014.97,843,48665.13,0.198,11,3,98,Education,Crypto Exchange,ATM Cash,0,26,0.557,0.747,0.15,0.795,0.327,0.391,22,39,2450.37,0.526,0
BW-02167,65243.5,626,174329.38,0.598,21,0,26,Debt Consolidation,Luxury Travel,ATM Cash,0,4,0.367,0.501,0.559,0.12,0.243,0.42,6,14,4349.57,0.287,0
BW-02168,16995.15,696,73488.71,0.287,12,6,23,Equipment Purchase,Casino,Casino,1,1,0.196,0.466,0.438,0.505,0.379,0.297,27,42,395.24,0.433,0
BW-02169,69236.87,616,157941.63,0.307,13,2,73,Equipment Purchase,ATM Cash,Equipment Vendor,1,8,0.249,0.504,0.024,0.059,0.213,0.357,26,26,2564.33,0.622,0
BW-02170,35884.88,557,88143.69,0.599,21,3,101,Education,ATM Cash,Equipment Vendor,0,10,0.222,0.374,0.517,0.139,0.064,0.508,23,27,1281.6,0.422,0
BW-02171,70201.08,671,78479.14,0.392,11,0,8,Medical,Retail,Crypto Exchange,0,19,0.549,0.552,0.508,0.019,0.436,0.188,24,42,1632.58,0.702,0
BW-02172,11615.91,724,170273.79,0.176,19,6,53,Equipment Purchase,Retail,Equipment Vendor,0,19,0.906,1.0,0.115,0.038,0.041,0.314,29,31,363.0,0.776,0
BW-02173,21613.74,728,84498.39,0.303,11,7,14,Business Expansion,Crypto Exchange,Casino,0,10,0.913,1.0,0.279,0.742,0.094,0.005,7,7,2701.72,0.278,0
BW-02174,86295.04,634,88543.19,0.497,5,6,71,Business Expansion,Casino,Crypto Exchange,0,6,0.055,0.084,0.469,0.712,0.138,0.412,29,42,2006.86,0.444,0
BW-02175,26582.06,594,45913.77,0.196,9,1,7,Equipment Purchase,Casino,Luxury Travel,1,25,0.08,0.123,0.111,0.424,0.498,0.117,1,18,1399.06,0.914,1
BW-02176,84518.91,685,130567.0,0.425,19,6,9,Equipment Purchase,Equipment Vendor,Equipment Vendor,0,13,0.245,0.504,0.682,0.012,0.208,0.289,10,17,4695.5,0.312,0
BW-02177,31531.23,565,73325.91,0.482,23,2,3,Education,Equipment Vendor,Equipment Vendor,0,25,0.255,0.557,0.022,0.094,0.251,0.126,15,28,1087.28,0.394,0
BW-02178,66073.78,744,117840.63,0.289,8,6,78,Debt Consolidation,Luxury Travel,Retail,0,5,0.095,0.224,0.082,0.015,0.385,0.014,29,48,1348.44,0.13,0
BW-02179,70944.3,558,118702.76,0.482,1,4,17,Education,Equipment Vendor,Luxury Travel,0,29,0.388,0.584,0.093,0.091,0.318,0.29,14,33,2086.6,0.383,0
BW-02180,53702.2,564,137879.95,0.586,6,0,114,Debt Consolidation,ATM Cash,Luxury Travel,0,3,0.588,0.966,0.422,0.076,0.421,0.255,4,16,3158.95,0.415,0
BW-02181,34004.51,651,141786.22,0.36,8,7,44,Business Expansion,ATM Cash,Casino,0,5,0.578,0.956,0.496,0.074,0.243,0.255,4,19,1700.23,0.185,0
BW-02182,25201.22,775,107167.87,0.311,24,4,86,Debt Consolidation,Luxury Travel,Luxury Travel,0,2,0.543,0.666,0.323,0.01,0.486,0.125,29,37,663.19,0.101,0
BW-02183,8152.99,827,79648.79,0.238,11,6,46,Education,Retail,Retail,0,22,0.339,0.663,0.231,0.096,0.398,0.568,9,15,509.56,0.589,0
BW-02184,33874.91,662,155617.63,0.432,4,2,90,Equipment Purchase,Crypto Exchange,Casino,1,5,0.706,0.944,0.647,0.691,0.201,0.002,15,17,1881.94,0.356,1
BW-02185,67050.47,550,76479.85,0.584,0,0,58,Debt Consolidation,Casino,Luxury Travel,0,2,0.826,1.0,0.055,0.594,0.191,0.535,12,31,2095.33,0.115,0
BW-02186,94138.96,815,106126.36,0.279,21,0,28,Education,Retail,Casino,0,0,0.346,0.537,0.224,0.089,0.465,0.442,9,9,9413.9,0.831,0
BW-02187,87764.43,757,90187.89,0.318,14,6,109,Business Expansion,ATM Cash,Luxury Travel,0,27,0.086,0.396,0.031,0.091,0.342,0.103,3,10,7978.58,0.597,0
BW-02188,77776.15,659,158261.76,0.324,7,2,14,Debt Consolidation,Retail,Luxury Travel,0,25,0.296,0.603,0.011,0.002,0.311,0.283,27,40,1896.98,0.245,0
BW-02189,79902.5,749,94787.78,0.408,0,1,9,Business Expansion,Luxury Travel,ATM Cash,0,20,0.137,0.336,0.283,0.019,0.379,0.593,15,27,2853.66,0.835,0
BW-02190,68173.57,561,87914.88,0.226,17,7,115,Business Expansion,Crypto Exchange,Luxury Travel,0,25,0.467,0.785,0.156,0.832,0.28,0.386,25,31,2130.42,0.316,0
BW-02191,29727.25,737,133473.55,0.552,12,0,26,Medical,ATM Cash,Equipment Vendor,0,17,0.156,0.26,0.215,0.102,0.08,0.076,21,33,874.33,0.293,0
BW-02192,91183.53,703,120366.17,0.263,0,7,2,Debt Consolidation,Luxury Travel,Luxury Travel,0,22,0.463,0.512,0.657,0.087,0.16,0.275,11,17,5065.75,0.86,0
BW-02193,68719.57,828,46087.03,0.488,4,2,75,Education,Retail,Equipment Vendor,0,28,0.221,0.391,0.13,0.114,0.279,0.281,6,25,2643.06,0.253,0
BW-02194,58241.86,720,106225.32,0.382,17,3,81,Debt Consolidation,Casino,Crypto Exchange,0,22,0.739,1.0,0.624,0.724,0.009,0.481,15,34,1664.05,0.847,1
BW-02195,15544.0,683,140321.76,0.422,15,4,34,Debt Consolidation,Equipment Vendor,ATM Cash,0,3,0.028,0.228,0.54,0.128,0.219,0.55,7,11,1295.33,0.783,0
BW-02196,47470.28,574,178811.21,0.199,9,0,19,Business Expansion,Luxury Travel,Retail,0,5,0.555,0.809,0.261,0.057,0.378,0.049,19,22,2063.93,0.363,0
BW-02197,48734.04,567,124372.03,0.504,3,3,39,Business Expansion,ATM Cash,Casino,0,16,0.169,0.419,0.437,0.052,0.082,0.188,14,17,2707.45,0.129,0
BW-02198,87133.54,739,85543.96,0.204,0,0,82,Business Expansion,Retail,Casino,0,17,0.001,0.054,0.356,0.125,0.032,0.179,4,9,8713.35,0.17,0
BW-02199,56931.58,690,63922.74,0.162,22,1,13,Business Expansion,Equipment Vendor,Crypto Exchange,0,5,0.869,1.0,0.103,0.036,0.418,0.598,21,34,1626.62,0.193,0
BW-02200,41138.05,592,160924.54,0.401,7,6,5,Education,Equipment Vendor,Luxury Travel,0,1,0.672,0.955,0.726,0.069,0.309,0.336,1,3,10284.51,0.857,0
BW-02201,97796.03,833,152184.78,0.49,4,2,50,Equipment Purchase,Retail,Retail,0,11,0.099,0.488,0.456,0.029,0.088,0.528,24,26,3622.08,0.443,0
BW-02202,15518.46,695,65088.42,0.128,1,0,23,Medical,Crypto Exchange,Crypto Exchange,0,11,0.664,0.731,0.704,0.921,0.403,0.256,27,29,517.28,0.128,1
BW-02203,45142.1,641,60094.81,0.138,23,2,88,Business Expansion,Retail,Crypto Exchange,0,26,0.612,0.776,0.659,0.061,0.329,0.434,23,26,1671.93,0.573,0
BW-02204,8992.34,728,137270.52,0.541,16,5,29,Business Expansion,ATM Cash,Casino,0,3,0.473,0.511,0.064,0.032,0.167,0.172,13,21,408.74,0.277,0
BW-02205,75290.89,605,77242.81,0.545,6,0,112,Medical,Casino,Equipment Vendor,0,15,0.419,0.516,0.166,0.929,0.188,0.547,11,26,2788.55,0.3,0
BW-02206,92217.27,704,75959.82,0.235,16,1,111,Business Expansion,ATM Cash,Equipment Vendor,0,19,0.887,1.0,0.116,0.037,0.078,0.273,28,46,1962.07,0.237,0
BW-02207,31603.55,709,52843.54,0.438,5,1,72,Equipment Purchase,Equipment Vendor,Luxury Travel,0,9,0.245,0.461,0.665,0.142,0.418,0.482,29,44,702.3,0.748,0
BW-02208,86542.46,660,69596.33,0.344,21,6,26,Debt Consolidation,Casino,Luxury Travel,0,24,0.398,0.49,0.69,0.491,0.255,0.153,18,29,2884.75,0.101,0
BW-02209,32760.73,686,94126.13,0.448,14,6,79,Medical,Luxury Travel,Crypto Exchange,0,9,0.329,0.42,0.422,0.1,0.279,0.416,23,28,1129.68,0.473,0
BW-02210,91523.17,781,139925.75,0.575,4,3,57,Education,Equipment Vendor,Luxury Travel,0,6,0.771,1.0,0.083,0.052,0.442,0.243,28,47,1906.73,0.174,0
BW-02211,76626.38,769,80446.21,0.144,14,1,1,Medical,Crypto Exchange,Equipment Vendor,0,13,0.916,1.0,0.108,0.459,0.008,0.019,9,11,6385.53,0.57,0
BW-02212,81466.14,617,79290.65,0.528,17,2,28,Equipment Purchase,Retail,Retail,0,6,0.85,0.979,0.651,0.135,0.033,0.248,21,25,3133.31,0.394,0
BW-02213,6710.62,798,72736.99,0.371,17,5,113,Education,Luxury Travel,Casino,0,11,0.798,1.0,0.743,0.118,0.081,0.33,11,17,372.81,0.124,0
BW-02214,96466.98,555,101742.55,0.41,24,7,62,Debt Consolidation,ATM Cash,Equipment Vendor,0,10,0.987,1.0,0.16,0.127,0.015,0.091,6,10,8769.73,0.492,0
BW-02215,74033.74,829,57095.5,0.46,20,1,47,Business Expansion,Casino,ATM Cash,0,16,0.697,1.0,0.009,0.766,0.329,0.11,16,24,2961.35,0.585,0
BW-02216,33951.35,643,102844.61,0.607,20,0,110,Medical,Luxury Travel,Luxury Travel,0,10,0.751,1.0,0.265,0.139,0.317,0.279,5,19,1697.57,0.311,0
BW-02217,83792.49,818,135626.33,0.131,22,7,78,Education,Crypto Exchange,Casino,0,20,0.983,1.0,0.024,0.664,0.105,0.206,1,20,3990.12,0.751,1
BW-02218,31744.51,746,34468.58,0.116,5,7,106,Medical,Retail,ATM Cash,0,2,0.007,0.027,0.662,0.13,0.075,0.264,22,27,1133.73,0.415,0
BW-02219,87911.61,574,31466.91,0.198,1,1,98,Debt Consolidation,Luxury Travel,Casino,0,18,0.634,0.873,0.393,0.103,0.073,0.276,14,21,3995.98,0.737,0
BW-02220,15695.14,697,41268.44,0.643,16,5,59,Medical,ATM Cash,Crypto Exchange,0,21,0.739,0.95,0.513,0.03,0.477,0.084,23,42,365.0,0.592,0
BW-02221,71850.17,667,110349.01,0.493,20,2,31,Education,Casino,Luxury Travel,0,3,0.918,1.0,0.329,0.668,0.347,0.109,21,25,2763.47,0.839,1
BW-02222,56366.36,615,158168.26,0.438,3,0,70,Equipment Purchase,Luxury Travel,Crypto Exchange,1,7,0.884,0.989,0.276,0.014,0.293,0.509,19,35,1565.73,0.565,1
BW-02223,14170.77,724,30732.67,0.126,11,3,49,Education,Retail,Casino,0,13,0.842,1.0,0.178,0.104,0.161,0.098,6,15,885.67,0.258,0
BW-02224,27979.91,625,170499.2,0.584,18,3,5,Medical,ATM Cash,Crypto Exchange,0,19,0.946,1.0,0.616,0.061,0.217,0.4,28,28,964.82,0.799,1
BW-02225,6178.38,663,45941.78,0.547,1,3,31,Debt Consolidation,Luxury Travel,Luxury Travel,0,23,0.537,0.55,0.556,0.023,0.045,0.251,12,27,220.66,0.766,0
BW-02226,49532.96,660,156297.53,0.466,1,6,37,Business Expansion,Casino,Equipment Vendor,0,13,0.007,0.234,0.289,0.54,0.499,0.581,27,27,1769.03,0.927,0
BW-02227,33620.2,798,102428.21,0.287,13,0,79,Business Expansion,Retail,Retail,0,27,0.011,0.079,0.257,0.135,0.378,0.04,7,9,3362.02,0.18,0
BW-02228,61843.96,752,128903.61,0.139,14,7,15,Debt Consolidation,Crypto Exchange,ATM Cash,0,15,0.545,0.601,0.001,0.923,0.311,0.498,10,15,3865.25,0.603,0
BW-02229,33237.59,696,106602.45,0.419,19,3,52,Medical,Crypto Exchange,Equipment Vendor,0,14,0.435,0.684,0.051,0.703,0.294,0.295,10,26,1231.02,0.518,0
BW-02230,33492.32,584,101557.23,0.496,1,6,107,Debt Consolidation,Equipment Vendor,Casino,0,11,0.451,0.575,0.499,0.104,0.252,0.003,28,29,1116.41,0.67,0
BW-02231,75603.35,575,155234.91,0.152,3,1,69,Medical,Luxury Travel,Equipment Vendor,0,15,0.4,0.576,0.412,0.098,0.129,0.158,25,29,2520.11,0.933,0
BW-02232,9573.57,787,143382.96,0.449,18,7,92,Education,Casino,Crypto Exchange,0,19,0.918,1.0,0.348,0.463,0.113,0.245,13,23,398.9,0.552,0
BW-02233,90775.02,563,102510.34,0.258,8,0,97,Equipment Purchase,Luxury Travel,Luxury Travel,1,18,0.359,0.618,0.662,0.135,0.275,0.189,7,16,5339.71,0.683,1
BW-02234,85965.07,594,46745.39,0.52,6,0,11,Medical,Retail,Equipment Vendor,0,4,0.856,1.0,0.403,0.132,0.035,0.217,19,33,2528.38,0.395,0
BW-02235,68441.44,765,47310.44,0.397,12,0,43,Business Expansion,Equipment Vendor,Equipment Vendor,0,11,0.903,1.0,0.308,0.112,0.037,0.55,1,18,3602.18,0.354,0
BW-02236,61356.05,782,150230.92,0.171,11,4,70,Business Expansion,Casino,Luxury Travel,0,28,0.5,0.641,0.129,0.609,0.28,0.217,15,31,1917.38,0.385,0
BW-02237,89768.74,742,109408.59,0.39,2,6,23,Equipment Purchase,Luxury Travel,Crypto Exchange,1,4,0.447,0.743,0.657,0.083,0.46,0.251,14,27,3206.03,0.133,1
BW-02238,22606.37,600,102238.37,0.318,12,7,40,Medical,Casino,Retail,0,9,0.761,0.864,0.461,0.554,0.457,0.457,13,25,869.48,0.342,0
BW-02239,12502.07,763,132085.03,0.199,14,2,63,Equipment Purchase,Retail,Equipment Vendor,0,25,0.708,0.912,0.074,0.145,0.005,0.476,7,26,463.04,0.247,0
BW-02240,27753.47,700,158826.24,0.563,13,4,2,Education,Equipment Vendor,ATM Cash,0,16,0.329,0.55,0.519,0.07,0.054,0.05,12,13,1982.39,0.489,0
BW-02241,80484.94,824,124330.97,0.106,23,4,79,Equipment Purchase,Casino,Casino,1,14,0.103,0.235,0.34,0.764,0.292,0.422,8,19,4024.25,0.492,1
BW-02242,8293.68,625,144427.19,0.272,8,4,87,Education,Retail,Crypto Exchange,0,7,0.265,0.454,0.649,0.056,0.424,0.29,15,25,318.99,0.75,0
BW-02243,60366.65,769,144790.58,0.107,12,2,86,Business Expansion,Crypto Exchange,Crypto Exchange,0,7,0.131,0.243,0.735,0.666,0.477,0.08,27,45,1312.32,0.527,0
BW-02244,99566.56,736,83439.22,0.153,22,4,73,Education,Casino,Equipment Vendor,0,7,0.295,0.297,0.48,0.891,0.43,0.159,17,28,3433.33,0.494,0
BW-02245,86291.13,838,71112.48,0.263,21,3,47,Medical,Equipment Vendor,ATM Cash,0,29,0.262,0.348,0.585,0.094,0.339,0.027,21,24,3451.65,0.297,0
BW-02246,54537.34,577,150174.61,0.13,3,0,104,Medical,ATM Cash,Luxury Travel,0,9,0.638,0.918,0.045,0.077,0.1,0.216,12,21,2478.97,0.825,0
BW-02247,11045.89,729,86576.82,0.428,20,7,30,Medical,ATM Cash,Equipment Vendor,0,19,0.954,1.0,0.448,0.045,0.036,0.153,28,39,276.15,0.177,0
BW-02248,83980.48,802,165500.4,0.148,7,7,16,Medical,Casino,Equipment Vendor,0,12,0.686,0.798,0.604,0.696,0.024,0.229,13,19,4199.02,0.935,1
BW-02249,61902.96,675,40453.6,0.486,2,0,59,Debt Consolidation,Casino,Luxury Travel,0,29,0.927,1.0,0.397,0.897,0.306,0.348,8,13,4421.64,0.505,1
BW-02250,15918.63,726,38732.63,0.129,1,6,110,Education,Retail,Casino,0,15,0.784,0.799,0.475,0.001,0.018,0.439,10,17,884.37,0.258,0
BW-02251,13916.44,586,169050.62,0.133,18,1,47,Medical,Luxury Travel,Luxury Travel,0,8,0.728,0.823,0.719,0.02,0.37,0.363,7,17,773.14,0.401,0
BW-02252,91414.55,648,127268.24,0.268,22,5,116,Equipment Purchase,ATM Cash,Equipment Vendor,1,15,0.414,0.726,0.158,0.018,0.356,0.407,2,7,11426.82,0.113,0
BW-02253,68574.02,647,86939.9,0.593,7,3,30,Equipment Purchase,Luxury Travel,Retail,1,9,0.325,0.567,0.079,0.138,0.04,0.519,29,31,2142.94,0.242,0
BW-02254,83782.25,676,143259.06,0.453,16,2,109,Debt Consolidation,ATM Cash,Luxury Travel,0,2,0.846,0.928,0.553,0.099,0.453,0.524,29,48,1709.84,0.385,0
BW-02255,88503.0,717,130849.02,0.524,12,5,9,Education,Casino,Casino,0,22,0.905,1.0,0.658,0.991,0.261,0.516,16,34,2528.66,0.571,1
BW-02256,59318.37,629,109680.16,0.178,6,0,65,Education,Equipment Vendor,Luxury Travel,0,21,0.452,0.779,0.68,0.087,0.452,0.092,29,29,1977.28,0.21,0
BW-02257,54157.4,843,44831.0,0.559,8,4,59,Education,Equipment Vendor,Luxury Travel,0,24,0.009,0.093,0.513,0.069,0.451,0.151,4,7,6769.68,0.675,0
BW-02258,45890.6,675,151826.94,0.104,11,7,102,Debt Consolidation,ATM Cash,Crypto Exchange,0,27,0.793,0.927,0.667,0.119,0.099,0.301,6,24,1835.62,0.818,0
BW-02259,35109.93,699,159903.48,0.217,13,6,64,Education,ATM Cash,Crypto Exchange,0,13,0.285,0.551,0.561,0.024,0.19,0.215,7,26,1300.37,0.586,0
BW-02260,46286.62,565,55825.3,0.439,13,6,8,Education,Retail,Equipment Vendor,0,12,0.01,0.234,0.07,0.057,0.067,0.079,23,39,1157.17,0.352,0
BW-02261,78518.57,577,157576.75,0.306,14,1,52,Medical,Casino,Equipment Vendor,0,3,0.805,0.989,0.61,0.506,0.387,0.173,19,37,2066.28,0.203,1
BW-02262,62182.73,722,161677.1,0.641,2,1,18,Education,Casino,Luxury Travel,0,3,0.517,0.877,0.143,0.532,0.252,0.585,28,41,1480.54,0.113,0
BW-02263,89789.71,595,112414.29,0.117,14,0,91,Medical,Luxury Travel,Retail,0,5,0.685,0.773,0.189,0.056,0.464,0.208,24,33,2640.87,0.722,0
BW-02264,47121.1,785,128426.86,0.649,18,3,82,Medical,Retail,ATM Cash,0,23,0.915,1.0,0.316,0.012,0.104,0.251,23,31,1472.53,0.634,0
BW-02265,62673.51,763,87335.6,0.443,23,6,96,Education,Crypto Exchange,Equipment Vendor,0,18,0.541,0.605,0.252,0.624,0.344,0.004,4,19,3133.68,0.505,0
BW-02266,64974.22,634,72268.75,0.407,19,5,58,Equipment Purchase,Equipment Vendor,Luxury Travel,0,10,0.503,0.749,0.257,0.05,0.495,0.432,10,24,2598.97,0.187,0
BW-02267,61211.23,831,138297.47,0.133,13,1,49,Business Expansion,Equipment Vendor,Luxury Travel,0,7,0.291,0.639,0.135,0.119,0.333,0.248,29,44,1360.25,0.276,0
BW-02268,71750.21,781,159281.27,0.25,7,7,32,Equipment Purchase,Casino,ATM Cash,1,13,0.305,0.488,0.235,0.63,0.034,0.062,4,21,3261.37,0.793,0
BW-02269,27556.18,634,128111.63,0.609,4,7,117,Education,Retail,Luxury Travel,0,7,0.797,1.0,0.016,0.052,0.294,0.581,20,29,918.54,0.508,0
BW-02270,53674.56,614,106738.59,0.295,18,0,48,Education,Crypto Exchange,ATM Cash,0,29,0.449,0.777,0.378,0.774,0.09,0.466,5,7,6709.32,0.918,0
BW-02271,14901.36,683,53838.72,0.464,3,3,45,Equipment Purchase,Equipment Vendor,ATM Cash,0,13,0.164,0.218,0.615,0.084,0.015,0.436,14,20,709.59,0.95,0
BW-02272,41528.58,700,38018.81,0.65,13,0,54,Education,Retail,Luxury Travel,0,22,0.095,0.377,0.69,0.092,0.167,0.575,11,17,2307.14,0.781,0
BW-02273,51328.37,664,96853.77,0.245,15,0,100,Medical,Crypto Exchange,Luxury Travel,0,6,0.473,0.841,0.656,0.771,0.133,0.244,2,21,2333.11,0.319,0
BW-02274,66961.3,613,37402.43,0.417,19,3,100,Debt Consolidation,ATM Cash,Crypto Exchange,0,20,0.465,0.696,0.333,0.123,0.394,0.431,9,19,3348.06,0.296,0
BW-02275,95300.45,707,115400.19,0.483,23,3,85,Education,Casino,ATM Cash,0,17,0.653,0.727,0.584,0.716,0.187,0.124,22,24,3812.02,0.316,0
BW-02276,62061.85,626,87409.38,0.191,5,3,46,Education,Luxury Travel,Casino,0,11,0.471,0.522,0.23,0.021,0.366,0.418,12,29,2068.73,0.939,0
BW-02277,75641.42,695,143578.37,0.182,22,7,96,Equipment Purchase,Equipment Vendor,ATM Cash,0,13,0.143,0.247,0.044,0.023,0.008,0.008,24,35,2101.15,0.385,0
BW-02278,53095.28,774,75847.27,0.351,24,7,31,Medical,Equipment Vendor,Casino,0,14,0.508,0.549,0.541,0.145,0.007,0.076,27,43,1206.71,0.7,0
BW-02279,65239.88,652,118947.41,0.312,5,0,37,Equipment Purchase,Crypto Exchange,Luxury Travel,1,17,0.907,1.0,0.519,0.956,0.015,0.255,1,9,6523.99,0.915,1
BW-02280,11738.56,637,110652.53,0.493,2,1,16,Equipment Purchase,Luxury Travel,Equipment Vendor,1,28,0.159,0.187,0.641,0.006,0.11,0.007,22,26,434.76,0.797,1
BW-02281,29167.2,717,30706.86,0.138,14,2,46,Education,ATM Cash,Retail,0,11,0.69,0.779,0.493,0.021,0.187,0.277,15,32,883.85,0.608,0
BW-02282,39376.04,719,40858.41,0.635,2,2,46,Medical,Retail,Luxury Travel,0,9,0.594,0.77,0.126,0.073,0.304,0.314,6,14,2625.07,0.244,0
BW-02283,49886.87,684,73555.23,0.108,10,0,78,Education,Casino,Retail,0,11,0.749,0.939,0.683,0.404,0.493,0.373,24,36,1348.29,0.249,0
BW-02284,9336.63,599,162335.26,0.431,2,0,88,Education,Retail,Crypto Exchange,0,7,0.151,0.377,0.502,0.121,0.177,0.06,29,31,291.77,0.519,0
BW-02285,18302.29,683,52052.24,0.409,9,1,89,Education,Crypto Exchange,Casino,0,26,0.942,1.0,0.646,0.943,0.028,0.109,17,20,871.54,0.909,1
BW-02286,31297.36,686,136634.15,0.174,17,3,61,Education,Equipment Vendor,Crypto Exchange,0,5,0.621,0.64,0.619,0.092,0.097,0.368,21,38,802.5,0.869,0
BW-02287,97295.61,794,176004.98,0.183,0,0,46,Debt Consolidation,ATM Cash,Equipment Vendor,0,23,0.847,0.879,0.238,0.069,0.449,0.395,15,34,2779.87,0.241,0
BW-02288,36477.97,658,148585.13,0.536,15,6,51,Business Expansion,Equipment Vendor,Equipment Vendor,0,18,0.247,0.271,0.06,0.038,0.35,0.016,14,28,1257.86,0.345,0
BW-02289,50793.9,836,66441.8,0.588,15,7,62,Medical,Retail,ATM Cash,0,0,0.739,0.908,0.141,0.088,0.395,0.324,19,38,1302.41,0.6,0
BW-02290,23629.28,570,166254.79,0.256,9,4,35,Debt Consolidation,ATM Cash,Luxury Travel,0,12,0.781,0.798,0.074,0.108,0.062,0.471,22,27,843.9,0.506,0
BW-02291,63024.11,639,43966.07,0.341,0,3,81,Business Expansion,Casino,ATM Cash,0,21,0.397,0.695,0.195,0.596,0.067,0.041,9,17,3501.34,0.201,0
BW-02292,31664.91,845,100221.29,0.295,3,6,110,Business Expansion,Crypto Exchange,Equipment Vendor,0,15,0.384,0.473,0.368,0.551,0.056,0.248,26,36,855.81,0.414,0
BW-02293,24664.29,661,163131.29,0.14,2,7,42,Business Expansion,Casino,Equipment Vendor,0,17,0.658,1.0,0.725,0.666,0.429,0.196,3,15,1541.52,0.912,1
BW-02294,54074.4,626,126189.86,0.47,4,0,45,Debt Consolidation,Crypto Exchange,ATM Cash,0,11,0.093,0.288,0.698,0.785,0.105,0.548,25,28,1864.63,0.909,0
BW-02295,5523.05,726,92046.68,0.554,11,4,118,Medical,Casino,Crypto Exchange,0,24,0.736,0.915,0.575,0.587,0.322,0.111,28,42,128.44,0.576,0
BW-02296,5728.08,697,73921.93,0.268,24,6,68,Equipment Purchase,Retail,Retail,0,4,0.043,0.355,0.019,0.052,0.258,0.191,25,41,136.38,0.64,0
BW-02297,25811.54,650,86264.91,0.645,11,5,75,Business Expansion,Luxury Travel,Casino,0,20,0.191,0.476,0.273,0.105,0.272,0.539,15,26,955.98,0.289,0
BW-02298,8488.53,795,106341.27,0.142,12,1,47,Equipment Purchase,ATM Cash,Equipment Vendor,1,12,0.664,0.907,0.546,0.003,0.098,0.198,17,22,369.07,0.731,0
BW-02299,15262.45,666,77856.59,0.464,23,7,79,Equipment Purchase,Crypto Exchange,ATM Cash,1,25,0.098,0.472,0.103,0.734,0.318,0.319,2,8,1695.83,0.145,0
BW-02300,37191.76,641,175345.18,0.347,11,4,30,Education,Retail,Equipment Vendor,0,7,0.972,1.0,0.641,0.015,0.022,0.02,27,43,845.27,0.288,0
BW-02301,81245.64,577,169961.65,0.346,24,0,24,Equipment Purchase,Equipment Vendor,Crypto Exchange,0,5,0.868,1.0,0.732,0.01,0.497,0.591,4,14,5416.38,0.105,0
BW-02302,59344.62,574,160600.72,0.352,15,2,66,Education,Equipment Vendor,Casino,0,2,0.626,0.778,0.283,0.109,0.013,0.495,14,25,2282.49,0.428,0
BW-02303,53703.43,607,93274.48,0.242,12,6,43,Medical,Casino,Crypto Exchange,0,24,0.819,1.0,0.565,0.954,0.025,0.381,11,23,2237.64,0.823,1
BW-02304,32881.44,846,133695.27,0.494,4,0,34,Medical,Equipment Vendor,Retail,0,25,0.888,0.992,0.119,0.134,0.162,0.036,27,27,1174.34,0.935,0
BW-02305,93516.6,683,165424.4,0.497,23,2,23,Education,Luxury Travel,Crypto Exchange,0,19,0.259,0.375,0.553,0.078,0.416,0.045,12,29,3117.22,0.668,0
BW-02306,42716.43,798,157564.42,0.255,3,1,61,Medical,Crypto Exchange,Casino,0,25,0.849,1.0,0.017,0.613,0.129,0.327,23,41,1017.06,0.733,1
BW-02307,13273.81,587,92149.05,0.559,20,1,95,Business Expansion,Casino,Casino,0,3,0.195,0.28,0.121,0.713,0.236,0.171,16,26,491.62,0.323,0
BW-02308,63621.32,624,46857.91,0.274,14,3,37,Medical,Crypto Exchange,Equipment Vendor,0,11,0.413,0.505,0.568,0.718,0.009,0.374,12,29,2120.71,0.542,0
BW-02309,15814.65,691,41344.55,0.499,11,6,13,Education,Crypto Exchange,Retail,0,12,0.558,0.68,0.569,0.812,0.039,0.359,2,11,1317.89,0.726,0
BW-02310,37796.2,717,116559.61,0.167,18,3,97,Business Expansion,Retail,Luxury Travel,0,1,0.714,0.986,0.513,0.035,0.304,0.503,7,12,2907.4,0.523,0
BW-02311,53204.13,808,126394.19,0.193,20,2,71,Equipment Purchase,Equipment Vendor,Equipment Vendor,0,18,0.03,0.386,0.382,0.036,0.097,0.169,21,22,2313.22,0.175,0
BW-02312,88051.14,774,157476.39,0.274,18,2,96,Equipment Purchase,ATM Cash,ATM Cash,1,3,0.291,0.561,0.54,0.05,0.347,0.347,26,30,2840.36,0.73,1
BW-02313,51886.93,701,73877.25,0.427,20,1,7,Equipment Purchase,Crypto Exchange,Crypto Exchange,1,22,0.609,0.94,0.619,0.806,0.393,0.466,23,32,1572.33,0.287,1
BW-02314,71714.58,568,55120.57,0.455,10,4,42,Education,Luxury Travel,Crypto Exchange,0,12,0.357,0.574,0.773,0.121,0.425,0.294,28,42,1667.78,0.183,0
BW-02315,99317.6,695,86850.87,0.318,20,2,38,Equipment Purchase,Luxury Travel,Casino,1,18,0.775,0.803,0.711,0.14,0.067,0.498,25,38,2546.61,0.506,1
BW-02316,17491.47,790,83036.27,0.143,5,2,52,Medical,ATM Cash,ATM Cash,0,7,0.652,0.692,0.636,0.15,0.228,0.079,25,30,564.24,0.163,0
BW-02317,31099.49,786,49870.34,0.305,8,6,44,Equipment Purchase,Equipment Vendor,Casino,0,7,0.234,0.456,0.556,0.065,0.474,0.44,3,16,1829.38,0.635,0
BW-02318,42484.73,584,130842.4,0.479,0,4,64,Debt Consolidation,Equipment Vendor,ATM Cash,0,15,0.146,0.277,0.459,0.034,0.386,0.566,3,16,2499.1,0.644,0
BW-02319,45073.68,739,106303.79,0.469,11,3,13,Debt Consolidation,Casino,Casino,0,25,0.629,0.717,0.096,0.527,0.058,0.199,13,24,1802.95,0.318,0
BW-02320,44047.0,550,138168.41,0.188,13,3,88,Equipment Purchase,Casino,Luxury Travel,1,10,0.45,0.637,0.132,0.828,0.251,0.22,7,10,4004.27,0.92,1
BW-02321,91223.05,702,82903.67,0.104,5,2,28,Equipment Purchase,Casino,Luxury Travel,1,17,0.169,0.436,0.656,0.507,0.461,0.05,5,16,5366.06,0.801,1
BW-02322,72833.1,675,78855.33,0.514,0,6,96,Debt Consolidation,Equipment Vendor,Equipment Vendor,0,3,0.326,0.48,0.643,0.076,0.22,0.385,21,37,1916.66,0.193,0
BW-02323,62751.0,775,100886.38,0.159,21,3,107,Equipment Purchase,Crypto Exchange,Luxury Travel,1,23,0.303,0.624,0.492,0.496,0.419,0.331,5,23,2614.62,0.736,1
BW-02324,34390.41,770,161611.1,0.145,1,3,82,Business Expansion,Retail,ATM Cash,0,0,0.108,0.403,0.351,0.063,0.248,0.024,25,40,838.79,0.4,0
BW-02325,83260.09,760,36042.2,0.101,23,5,98,Debt Consolidation,ATM Cash,Casino,0,0,0.547,0.841,0.021,0.058,0.053,0.451,20,37,2191.05,0.738,0
BW-02326,95730.75,574,150724.92,0.338,10,6,112,Education,ATM Cash,ATM Cash,0,29,0.764,1.0,0.262,0.053,0.074,0.498,22,27,3418.96,0.781,0
BW-02327,83013.84,565,85348.14,0.377,2,3,98,Debt Consolidation,ATM Cash,Equipment Vendor,0,13,0.575,0.693,0.337,0.133,0.023,0.544,6,14,5534.26,0.229,0
BW-02328,5148.68,731,158192.85,0.451,9,1,115,Medical,Casino,Equipment Vendor,0,3,0.826,1.0,0.389,0.862,0.098,0.327,13,31,160.9,0.663,0
BW-02329,65458.13,678,150330.45,0.263,5,0,102,Business Expansion,Retail,Retail,0,10,0.128,0.47,0.743,0.146,0.447,0.272,7,18,3445.16,0.833,0
BW-02330,9857.86,591,82314.19,0.491,5,2,1,Education,Luxury Travel,Luxury Travel,0,17,0.436,0.668,0.087,0.001,0.325,0.526,2,12,758.3,0.375,0
BW-02331,29472.69,785,134081.48,0.193,19,7,43,Equipment Purchase,Equipment Vendor,Crypto Exchange,0,15,0.609,0.925,0.415,0.142,0.369,0.239,22,37,775.6,0.168,0
BW-02332,10654.85,583,53944.91,0.558,20,2,114,Medical,Luxury Travel,Crypto Exchange,0,16,0.676,0.842,0.294,0.082,0.311,0.393,29,30,343.7,0.123,0
BW-02333,62360.57,594,164442.23,0.415,1,1,42,Medical,Casino,Retail,0,23,0.696,0.932,0.792,0.716,0.193,0.369,9,26,2309.65,0.194,1
BW-02334,70226.04,683,90673.66,0.421,23,7,95,Business Expansion,Crypto Exchange,Casino,0,1,0.729,0.751,0.689,0.682,0.108,0.223,19,24,2809.04,0.104,1
BW-02335,15876.33,570,98343.84,0.215,9,0,50,Education,Casino,Retail,0,3,0.651,1.0,0.351,0.831,0.463,0.052,2,6,2268.05,0.378,0
BW-02336,41464.69,671,135863.86,0.141,22,0,60,Medical,Retail,Casino,0,2,0.094,0.414,0.8,0.132,0.257,0.013,13,21,1884.76,0.354,0
BW-02337,48342.47,619,153126.04,0.356,5,1,1,Education,Casino,Luxury Travel,0,14,0.695,1.0,0.411,0.874,0.241,0.257,8,20,2302.02,0.194,0
BW-02338,40060.04,597,65451.41,0.439,22,4,51,Education,ATM Cash,Luxury Travel,0,1,0.725,1.0,0.134,0.019,0.498,0.289,16,22,1741.74,0.653,0
BW-02339,16497.38,588,129202.52,0.152,16,4,16,Medical,Crypto Exchange,Equipment Vendor,0,23,0.993,1.0,0.445,0.476,0.192,0.494,1,1,8248.69,0.943,0
BW-02340,44800.04,836,88799.71,0.623,13,0,39,Education,Crypto Exchange,Equipment Vendor,0,18,0.693,0.705,0.181,0.472,0.427,0.249,11,20,2133.34,0.866,0
BW-02341,76361.91,559,85305.44,0.639,4,4,15,Business Expansion,Equipment Vendor,Equipment Vendor,0,8,0.687,1.0,0.509,0.017,0.431,0.169,8,25,2937.0,0.315,0
BW-02342,11745.73,579,133503.87,0.4,22,4,33,Medical,Equipment Vendor,Equipment Vendor,0,9,0.515,0.674,0.75,0.102,0.116,0.277,21,32,355.93,0.754,0
BW-02343,12617.1,793,88077.49,0.623,16,4,87,Business Expansion,ATM Cash,Crypto Exchange,0,20,0.868,0.974,0.629,0.032,0.047,0.143,25,27,450.61,0.896,1
BW-02344,38703.27,823,81916.28,0.199,1,0,53,Business Expansion,Crypto Exchange,Equipment Vendor,0,24,0.997,1.0,0.219,0.614,0.488,0.055,25,29,1290.11,0.87,1
BW-02345,94463.94,637,155383.26,0.114,8,7,105,Education,ATM Cash,Equipment Vendor,0,18,0.779,0.947,0.237,0.129,0.213,0.068,20,33,2778.35,0.852,0
BW-02346,68514.4,793,45191.42,0.122,11,4,98,Education,Crypto Exchange,Equipment Vendor,0,27,0.613,0.874,0.055,0.531,0.001,0.191,1,15,4282.15,0.768,0
BW-02347,69473.65,564,131383.89,0.423,18,7,17,Medical,Retail,Casino,0,4,0.079,0.273,0.229,0.018,0.25,0.008,21,32,2105.26,0.349,0
BW-02348,39382.4,553,67308.81,0.134,21,2,89,Equipment Purchase,Casino,ATM Cash,1,13,0.727,1.0,0.074,0.526,0.31,0.132,7,10,3580.22,0.171,1
BW-02349,61397.78,740,32324.74,0.627,6,5,106,Medical,Equipment Vendor,Equipment Vendor,0,9,0.709,1.0,0.4,0.059,0.388,0.473,25,40,1497.51,0.515,0
BW-02350,5962.46,717,55014.64,0.178,8,0,6,Business Expansion,Retail,Retail,0,15,0.776,0.854,0.567,0.052,0.471,0.141,26,36,161.15,0.147,0
BW-02351,65429.12,558,120999.23,0.268,20,1,31,Education,Casino,Equipment Vendor,0,5,0.125,0.257,0.601,0.938,0.458,0.066,25,28,2256.18,0.949,0
BW-02352,91762.26,658,136369.08,0.552,15,4,69,Business Expansion,Equipment Vendor,Equipment Vendor,0,24,0.654,0.829,0.048,0.139,0.47,0.569,9,14,6117.48,0.405,0
BW-02353,63194.48,686,33158.67,0.22,19,3,104,Debt Consolidation,ATM Cash,Crypto Exchange,0,7,0.296,0.681,0.272,0.111,0.016,0.373,22,37,1663.01,0.915,0
BW-02354,88001.37,703,35463.82,0.234,10,0,40,Debt Consolidation,Retail,ATM Cash,0,1,0.76,0.906,0.231,0.02,0.356,0.036,2,3,22000.34,0.757,0
BW-02355,73777.44,758,165381.32,0.453,11,6,30,Business Expansion,Luxury Travel,Equipment Vendor,0,17,0.24,0.392,0.083,0.071,0.113,0.037,21,33,2169.92,0.45,0
BW-02356,16453.05,821,40995.87,0.252,14,1,69,Equipment Purchase,Luxury Travel,ATM Cash,1,28,0.684,0.945,0.29,0.048,0.094,0.367,19,26,609.37,0.201,1
BW-02357,90733.06,692,164127.32,0.22,17,5,76,Equipment Purchase,Equipment Vendor,Casino,0,20,0.295,0.463,0.239,0.147,0.4,0.324,28,39,2268.33,0.302,0
BW-02358,11312.17,648,64224.89,0.24,18,2,7,Medical,Retail,Luxury Travel,0,20,0.009,0.389,0.508,0.147,0.209,0.041,6,11,942.68,0.672,0
BW-02359,55726.91,618,141002.67,0.37,15,7,109,Medical,Casino,ATM Cash,0,20,0.633,0.991,0.707,0.953,0.458,0.135,27,29,1857.56,0.805,0
BW-02360,18503.03,796,76459.99,0.631,14,7,13,Medical,Casino,ATM Cash,0,19,0.113,0.318,0.364,0.958,0.021,0.557,5,19,925.15,0.933,0
BW-02361,6112.13,810,158812.8,0.558,4,6,113,Education,Retail,Equipment Vendor,0,7,0.659,0.917,0.597,0.09,0.401,0.343,13,20,291.05,0.212,0
BW-02362,45093.25,825,135068.23,0.257,10,1,4,Equipment Purchase,Luxury Travel,Equipment Vendor,1,26,0.926,0.949,0.117,0.072,0.068,0.264,10,11,3757.77,0.233,1
BW-02363,33028.87,628,90272.02,0.3,14,4,50,Business Expansion,Retail,Equipment Vendor,0,4,0.969,1.0,0.716,0.032,0.088,0.15,27,42,768.11,0.136,1
BW-02364,51170.05,695,41445.37,0.355,17,3,106,Debt Consolidation,Luxury Travel,Crypto Exchange,0,16,0.236,0.519,0.122,0.099,0.239,0.08,1,13,3655.0,0.321,0
BW-02365,59833.99,660,139905.03,0.638,12,4,3,Equipment Purchase,Luxury Travel,Luxury Travel,1,15,0.809,0.953,0.154,0.05,0.198,0.242,26,26,2216.07,0.798,0
BW-02366,9155.21,807,122532.71,0.195,3,1,12,Equipment Purchase,ATM Cash,Crypto Exchange,1,25,0.354,0.442,0.085,0.098,0.243,0.553,26,36,247.44,0.269,0
BW-02367,16685.31,642,30436.76,0.297,16,0,65,Equipment Purchase,ATM Cash,Crypto Exchange,1,29,0.9,1.0,0.248,0.058,0.47,0.029,28,28,575.36,0.566,1
BW-02368,58071.03,562,31412.98,0.501,3,6,27,Medical,Casino,Crypto Exchange,0,4,0.787,0.958,0.442,0.76,0.329,0.595,18,25,2233.5,0.479,0
BW-02369,37600.9,809,151318.95,0.63,15,3,107,Education,Equipment Vendor,Casino,0,16,0.074,0.335,0.79,0.1,0.145,0.125,27,28,1296.58,0.377,0
BW-02370,74271.48,658,68909.96,0.186,22,7,50,Business Expansion,Crypto Exchange,Luxury Travel,0,3,0.407,0.42,0.635,0.574,0.086,0.245,21,33,2184.46,0.626,0
BW-02371,66967.71,738,125420.05,0.225,14,6,77,Medical,Retail,Casino,0,0,0.337,0.503,0.304,0.106,0.21,0.027,14,15,4185.48,0.527,0
BW-02372,85332.41,644,98132.16,0.224,13,6,17,Education,Luxury Travel,Casino,0,21,0.785,1.0,0.461,0.069,0.226,0.351,12,15,5333.28,0.385,0
BW-02373,70786.82,654,159514.5,0.112,11,3,72,Equipment Purchase,Retail,Luxury Travel,0,5,0.41,0.565,0.499,0.017,0.301,0.29,6,7,8848.35,0.686,0
BW-02374,45843.45,557,167544.17,0.432,2,7,32,Education,Equipment Vendor,Casino,0,0,0.685,0.926,0.658,0.027,0.133,0.4,14,26,1697.91,0.338,0
BW-02375,68931.83,616,179521.16,0.469,9,7,84,Medical,Equipment Vendor,Luxury Travel,0,27,0.602,0.686,0.589,0.037,0.384,0.326,17,20,3282.47,0.647,0
BW-02376,31161.21,740,53052.62,0.431,7,1,51,Equipment Purchase,Crypto Exchange,ATM Cash,1,23,0.976,1.0,0.455,0.785,0.049,0.239,7,21,1416.42,0.914,1
BW-02377,34099.78,805,159444.61,0.139,5,5,17,Medical,Crypto Exchange,ATM Cash,0,29,0.938,1.0,0.535,0.883,0.28,0.443,3,14,2273.32,0.72,1
BW-02378,79953.59,558,69903.21,0.138,21,5,34,Business Expansion,Luxury Travel,Equipment Vendor,0,3,0.428,0.655,0.597,0.055,0.312,0.015,17,28,2757.02,0.456,0
BW-02379,47409.85,666,118622.38,0.216,13,4,35,Equipment Purchase,ATM Cash,Crypto Exchange,1,1,0.724,1.0,0.107,0.014,0.103,0.325,23,27,1693.21,0.735,0
BW-02380,80846.13,816,105865.93,0.26,16,1,99,Education,Crypto Exchange,ATM Cash,0,12,0.829,1.0,0.16,0.932,0.413,0.068,23,32,2449.88,0.788,1
BW-02381,83130.13,648,32698.22,0.533,20,3,102,Medical,ATM Cash,ATM Cash,0,13,0.899,1.0,0.551,0.103,0.308,0.262,10,11,6927.51,0.377,0
BW-02382,86468.42,847,169915.69,0.188,18,1,106,Debt Consolidation,ATM Cash,Casino,0,16,0.068,0.426,0.68,0.068,0.323,0.475,3,10,7860.77,0.699,0
BW-02383,92080.35,713,41749.06,0.124,15,3,24,Education,Luxury Travel,Luxury Travel,0,10,0.302,0.303,0.327,0.037,0.249,0.085,16,20,4384.78,0.469,0
BW-02384,45943.6,690,133232.84,0.317,14,6,54,Education,Casino,Retail,0,2,0.32,0.694,0.784,0.893,0.455,0.561,6,13,3281.69,0.796,1
BW-02385,35292.35,817,147751.03,0.329,14,4,18,Equipment Purchase,ATM Cash,Casino,1,6,0.434,0.489,0.173,0.069,0.347,0.533,4,16,2076.02,0.351,0
BW-02386,60308.88,586,149293.18,0.348,0,0,50,Education,Luxury Travel,Casino,0,9,0.169,0.185,0.333,0.133,0.191,0.249,20,32,1827.54,0.897,0
BW-02387,40261.38,623,50324.18,0.555,23,6,46,Medical,Crypto Exchange,Luxury Travel,0,10,0.496,0.518,0.303,0.877,0.119,0.004,9,23,1677.56,0.589,0
BW-02388,62102.05,622,97135.49,0.154,22,7,48,Debt Consolidation,Retail,Retail,0,9,0.663,0.803,0.744,0.085,0.036,0.474,29,43,1411.41,0.4,0
BW-02389,72030.66,748,154414.33,0.487,22,0,103,Business Expansion,Crypto Exchange,Retail,0,7,0.497,0.745,0.228,0.436,0.083,0.529,7,17,4001.7,0.456,0
BW-02390,70398.48,679,75401.88,0.286,11,1,33,Debt Consolidation,Equipment Vendor,Equipment Vendor,0,4,0.666,0.827,0.377,0.096,0.496,0.105,16,25,2707.63,0.396,0
BW-02391,40582.52,795,100162.3,0.27,9,3,113,Medical,Crypto Exchange,Casino,0,22,0.066,0.076,0.15,0.871,0.203,0.55,6,11,3381.88,0.224,0
BW-02392,20851.72,609,70919.08,0.613,13,0,87,Equipment Purchase,Casino,Crypto Exchange,1,1,0.876,1.0,0.417,0.519,0.449,0.548,12,16,1226.57,0.158,1
BW-02393,45900.29,828,99532.71,0.237,9,6,89,Medical,Luxury Travel,ATM Cash,0,27,0.939,1.0,0.686,0.124,0.085,0.283,25,29,1530.01,0.374,1
BW-02394,18546.44,652,163175.69,0.453,9,3,101,Education,ATM Cash,Casino,0,27,0.618,0.921,0.243,0.089,0.213,0.479,29,36,501.26,0.49,0
BW-02395,89559.22,845,98268.63,0.251,19,4,27,Equipment Purchase,Equipment Vendor,Crypto Exchange,0,14,0.881,0.993,0.649,0.131,0.48,0.267,3,3,22389.8,0.408,0
BW-02396,37858.36,700,113386.8,0.379,10,6,1,Business Expansion,Luxury Travel,Crypto Exchange,0,15,0.131,0.218,0.729,0.077,0.046,0.338,12,13,2704.17,0.112,0
BW-02397,19673.68,706,90596.44,0.532,21,7,85,Business Expansion,Luxury Travel,Luxury Travel,0,3,0.797,0.899,0.058,0.125,0.297,0.192,20,36,531.72,0.592,0
BW-02398,7417.54,755,99017.58,0.585,15,1,59,Medical,ATM Cash,Casino,0,21,0.119,0.24,0.605,0.143,0.46,0.096,14,20,353.22,0.223,0
BW-02399,66353.13,728,32276.13,0.561,8,3,113,Education,Crypto Exchange,Luxury Travel,0,27,0.408,0.648,0.204,0.571,0.475,0.448,14,22,2884.92,0.279,0
BW-02400,65505.72,746,72561.83,0.42,14,1,10,Business Expansion,Retail,Equipment Vendor,0,27,0.324,0.513,0.14,0.091,0.423,0.001,9,12,5038.9,0.203,0
BW-02401,37357.4,772,95487.26,0.237,13,3,95,Debt Consolidation,Equipment Vendor,Crypto Exchange,0,15,0.586,0.721,0.481,0.091,0.428,0.348,4,10,3396.13,0.542,0
BW-02402,11812.63,638,125069.55,0.464,18,6,108,Equipment Purchase,ATM Cash,Retail,1,11,0.302,0.452,0.564,0.117,0.326,0.519,23,32,357.96,0.181,0
BW-02403,43914.75,836,97507.79,0.49,8,5,25,Debt Consolidation,Casino,Crypto Exchange,0,27,0.637,0.785,0.316,0.596,0.11,0.133,25,40,1071.09,0.318,0
BW-02404,34565.66,825,80672.56,0.106,3,5,84,Business Expansion,Casino,Equipment Vendor,0,13,0.367,0.756,0.031,0.529,0.365,0.2,20,29,1152.19,0.484,0
BW-02405,69326.46,785,88214.81,0.342,20,3,57,Business Expansion,Retail,Crypto Exchange,0,11,0.861,0.954,0.727,0.11,0.489,0.352,25,31,2166.45,0.243,0
BW-02406,62549.03,732,66344.0,0.564,6,4,66,Medical,Retail,Luxury Travel,0,27,0.634,0.961,0.585,0.118,0.263,0.148,15,16,3679.35,0.479,0
BW-02407,39636.4,758,168674.14,0.369,21,1,119,Medical,Crypto Exchange,Casino,0,20,0.215,0.498,0.217,0.643,0.13,0.508,7,8,4404.04,0.391,0
BW-02408,25699.79,679,108261.48,0.271,7,7,112,Equipment Purchase,Casino,Retail,1,15,0.336,0.338,0.397,0.445,0.287,0.22,20,27,917.85,0.832,1
BW-02409,98863.42,702,32011.42,0.579,23,2,15,Medical,Equipment Vendor,Luxury Travel,0,15,0.847,1.0,0.022,0.006,0.345,0.349,19,32,2995.86,0.776,0
BW-02410,48130.15,562,32916.94,0.186,7,3,28,Education,ATM Cash,ATM Cash,0,21,0.386,0.689,0.271,0.066,0.104,0.136,6,23,2005.42,0.944,0
BW-02411,70386.05,671,175944.25,0.214,18,3,13,Equipment Purchase,Retail,Casino,0,11,0.536,0.809,0.418,0.123,0.36,0.025,19,19,3519.3,0.55,0
BW-02412,18352.53,769,63217.63,0.478,14,5,114,Education,Retail,Retail,0,1,0.649,0.811,0.414,0.14,0.294,0.104,7,23,764.69,0.589,0
BW-02413,51131.02,655,150841.24,0.294,15,0,116,Medical,Retail,Equipment Vendor,0,22,0.348,0.57,0.167,0.034,0.306,0.028,1,17,2840.61,0.905,0
BW-02414,7615.99,619,38741.3,0.492,21,6,118,Equipment Purchase,ATM Cash,Crypto Exchange,1,23,0.294,0.395,0.621,0.087,0.153,0.281,7,11,634.67,0.44,1
BW-02415,53018.24,744,168174.41,0.187,22,5,14,Business Expansion,Equipment Vendor,Retail,0,28,0.475,0.489,0.239,0.121,0.078,0.352,3,18,2790.43,0.572,0
BW-02416,96581.65,735,161162.55,0.239,8,1,114,Debt Consolidation,Casino,ATM Cash,0,13,0.215,0.549,0.464,0.609,0.312,0.027,25,31,3018.18,0.422,0
BW-02417,41499.64,648,115663.97,0.186,11,5,66,Business Expansion,Equipment Vendor,Equipment Vendor,0,10,0.284,0.643,0.217,0.093,0.293,0.054,6,20,1976.17,0.564,0
BW-02418,8704.62,631,31349.8,0.624,15,2,34,Education,ATM Cash,Casino,0,8,0.062,0.127,0.34,0.003,0.169,0.291,23,41,207.25,0.169,0
BW-02419,7940.8,624,68671.63,0.323,3,4,99,Business Expansion,Equipment Vendor,Retail,0,21,0.304,0.619,0.166,0.109,0.148,0.48,25,26,294.1,0.766,0
BW-02420,41858.74,741,91023.4,0.285,4,6,101,Business Expansion,Crypto Exchange,Equipment Vendor,0,6,0.321,0.617,0.506,0.746,0.174,0.377,6,21,1902.67,0.937,1
BW-02421,20202.37,763,99009.62,0.108,7,2,25,Debt Consolidation,ATM Cash,Casino,0,28,0.962,1.0,0.34,0.108,0.245,0.063,26,34,577.21,0.156,0
BW-02422,7218.45,693,74651.81,0.184,0,4,112,Debt Consolidation,Retail,Luxury Travel,0,11,0.59,0.759,0.013,0.115,0.487,0.533,11,30,232.85,0.781,0
BW-02423,76840.29,765,34942.18,0.332,5,2,54,Business Expansion,Casino,Crypto Exchange,0,28,0.787,0.956,0.023,0.701,0.382,0.55,2,19,3842.01,0.305,0
BW-02424,48559.69,564,118519.11,0.138,14,7,79,Debt Consolidation,Crypto Exchange,Equipment Vendor,0,16,0.045,0.349,0.377,0.837,0.426,0.195,6,15,3034.98,0.268,0
BW-02425,32478.25,766,108623.2,0.381,3,6,12,Business Expansion,Crypto Exchange,Luxury Travel,0,8,0.107,0.442,0.147,0.851,0.253,0.37,22,41,773.29,0.689,0
BW-02426,90507.9,584,72450.1,0.35,20,5,9,Equipment Purchase,ATM Cash,ATM Cash,1,5,0.815,0.853,0.468,0.087,0.263,0.295,18,21,4114.0,0.138,1
BW-02427,16033.2,732,35696.4,0.522,10,2,31,Business Expansion,Luxury Travel,ATM Cash,0,11,0.624,0.849,0.327,0.14,0.102,0.565,23,24,641.33,0.494,0
BW-02428,95812.29,819,179189.13,0.463,4,5,78,Medical,Retail,Casino,0,19,0.191,0.496,0.524,0.136,0.361,0.305,14,27,3421.87,0.101,0
BW-02429,34826.84,649,102297.93,0.345,17,6,93,Debt Consolidation,Casino,Retail,0,9,0.405,0.719,0.762,0.951,0.211,0.576,12,12,2678.99,0.571,0
BW-02430,89398.35,556,143400.64,0.224,23,5,53,Debt Consolidation,Casino,Crypto Exchange,0,8,0.539,0.598,0.423,0.727,0.371,0.12,9,16,5258.73,0.493,0
BW-02431,62279.57,579,97847.11,0.5,14,1,112,Education,Casino,Casino,0,11,0.844,1.0,0.63,0.592,0.205,0.207,13,23,2594.98,0.878,1
BW-02432,83537.2,693,36475.54,0.489,17,5,43,Education,ATM Cash,Equipment Vendor,0,0,0.06,0.403,0.602,0.049,0.054,0.469,26,26,3093.97,0.712,0
BW-02433,98481.25,660,76440.11,0.184,19,0,38,Medical,Retail,Crypto Exchange,0,1,0.597,0.724,0.737,0.038,0.087,0.47,20,24,3939.25,0.207,0
BW-02434,32398.52,781,78016.52,0.603,12,2,42,Debt Consolidation,ATM Cash,Luxury Travel,0,18,0.717,0.887,0.171,0.077,0.406,0.439,27,39,809.96,0.401,0
BW-02435,96307.87,728,155752.94,0.135,4,6,72,Debt Consolidation,Casino,Crypto Exchange,0,0,0.978,1.0,0.662,0.875,0.129,0.516,21,37,2534.42,0.892,1
BW-02436,42000.78,621,128134.5,0.13,0,3,48,Education,Equipment Vendor,Luxury Travel,0,15,0.807,0.843,0.724,0.037,0.132,0.422,22,31,1312.52,0.717,0
BW-02437,41623.63,759,71314.49,0.203,21,3,67,Education,Equipment Vendor,Casino,0,15,0.276,0.62,0.314,0.138,0.465,0.382,1,7,5202.95,0.605,0
BW-02438,37336.77,769,175160.99,0.6,17,3,66,Business Expansion,Retail,Retail,0,17,0.71,0.834,0.251,0.084,0.329,0.275,8,20,1777.94,0.575,0
BW-02439,56433.72,629,78231.27,0.386,13,6,16,Debt Consolidation,Casino,ATM Cash,0,17,0.763,0.764,0.762,0.81,0.057,0.28,28,31,1763.55,0.438,1
BW-02440,19643.78,632,179735.1,0.533,4,0,83,Debt Consolidation,ATM Cash,Crypto Exchange,0,22,0.73,0.824,0.502,0.065,0.072,0.244,29,41,467.71,0.597,0
BW-02441,57602.59,591,179424.55,0.225,5,5,94,Business Expansion,Luxury Travel,Retail,0,25,0.82,0.856,0.305,0.009,0.136,0.372,9,9,5760.26,0.756,0
BW-02442,56461.96,822,58681.58,0.37,23,2,105,Debt Consolidation,Luxury Travel,Retail,0,12,0.904,0.941,0.633,0.132,0.297,0.244,17,27,2016.5,0.208,0
BW-02443,77380.67,740,76911.17,0.297,24,4,16,Medical,Luxury Travel,ATM Cash,0,21,0.098,0.375,0.244,0.048,0.376,0.088,13,21,3517.3,0.924,0
BW-02444,84196.75,722,102906.63,0.555,15,4,31,Education,Equipment Vendor,Crypto Exchange,0,11,0.105,0.191,0.141,0.096,0.137,0.064,4,16,4952.75,0.303,0
BW-02445,46841.93,556,129615.1,0.112,21,6,118,Education,ATM Cash,Crypto Exchange,0,8,0.796,1.0,0.435,0.091,0.435,0.555,6,16,2755.41,0.481,0
BW-02446,33721.66,704,109207.12,0.234,20,1,58,Education,Luxury Travel,Retail,0,29,0.252,0.459,0.453,0.088,0.055,0.015,13,20,1605.79,0.119,0
BW-02447,29636.82,559,175416.22,0.184,11,0,28,Equipment Purchase,Casino,Equipment Vendor,1,4,0.059,0.243,0.661,0.806,0.104,0.063,26,32,898.09,0.568,0
BW-02448,23489.26,583,138598.37,0.573,19,2,4,Medical,Casino,Equipment Vendor,0,8,0.401,0.575,0.366,0.41,0.485,0.267,17,36,634.84,0.425,0
BW-02449,10476.52,585,61806.73,0.357,17,5,10,Medical,Luxury Travel,Crypto Exchange,0,29,0.82,1.0,0.652,0.042,0.067,0.158,19,33,308.13,0.312,0
BW-02450,37532.56,555,45764.63,0.322,1,3,51,Business Expansion,Crypto Exchange,Retail,0,12,0.127,0.308,0.249,0.498,0.444,0.244,23,37,987.7,0.938,0
BW-02451,30673.53,764,133260.19,0.347,22,0,109,Equipment Purchase,Luxury Travel,Retail,1,15,0.672,0.723,0.46,0.118,0.352,0.07,24,35,852.04,0.464,0
BW-02452,96809.65,683,53767.87,0.635,20,0,18,Debt Consolidation,Crypto Exchange,Casino,0,27,0.004,0.356,0.167,0.664,0.037,0.079,29,45,2104.56,0.452,0
BW-02453,57982.34,834,148151.53,0.568,22,2,47,Medical,Retail,Retail,0,9,0.11,0.281,0.308,0.031,0.242,0.48,8,13,4141.6,0.494,0
BW-02454,37991.32,675,76655.5,0.489,12,6,32,Equipment Purchase,Retail,ATM Cash,0,29,0.351,0.381,0.686,0.013,0.259,0.455,21,33,1117.39,0.199,0
BW-02455,60144.42,723,79033.99,0.26,16,5,30,Equipment Purchase,Casino,Equipment Vendor,1,15,0.084,0.296,0.173,0.605,0.466,0.063,17,32,1822.56,0.434,1
BW-02456,18223.69,701,31619.76,0.191,16,7,36,Medical,ATM Cash,Casino,0,13,0.846,1.0,0.648,0.064,0.211,0.401,17,17,1012.43,0.386,0
BW-02457,47184.16,575,135151.69,0.607,15,7,9,Business Expansion,Equipment Vendor,ATM Cash,0,24,0.864,0.974,0.226,0.019,0.223,0.366,24,36,1275.25,0.495,0
BW-02458,64492.26,664,46990.46,0.333,20,6,36,Equipment Purchase,ATM Cash,Equipment Vendor,1,1,0.756,1.0,0.028,0.101,0.056,0.428,21,27,2303.3,0.828,1
BW-02459,51445.29,833,145932.09,0.253,17,6,29,Education,Casino,ATM Cash,0,27,0.242,0.51,0.088,0.6,0.32,0.285,15,27,1837.33,0.264,0
BW-02460,43168.99,624,103780.17,0.359,7,1,16,Equipment Purchase,Casino,Luxury Travel,1,24,0.523,0.783,0.597,0.979,0.105,0.162,27,33,1269.68,0.617,1
BW-02461,99415.6,715,147641.97,0.605,2,6,92,Debt Consolidation,ATM Cash,Crypto Exchange,0,18,0.184,0.352,0.21,0.046,0.039,0.398,25,32,3012.59,0.132,0
BW-02462,88629.9,738,117588.98,0.313,16,5,21,Medical,Equipment Vendor,Luxury Travel,0,10,0.281,0.666,0.523,0.14,0.498,0.223,1,18,4664.73,0.369,0
BW-02463,64223.57,627,42364.99,0.409,17,1,64,Debt Consolidation,Casino,Crypto Exchange,0,18,0.516,0.626,0.559,0.974,0.135,0.131,2,18,3380.19,0.502,0
BW-02464,59090.85,639,144847.85,0.542,22,7,111,Business Expansion,Equipment Vendor,Equipment Vendor,0,27,0.735,0.966,0.276,0.063,0.071,0.245,20,35,1641.41,0.163,0
BW-02465,63962.75,725,40469.92,0.335,5,1,66,Education,Casino,Equipment Vendor,0,10,0.095,0.219,0.38,0.49,0.35,0.458,10,26,2368.99,0.562,0
BW-02466,24124.65,570,101805.26,0.228,7,3,59,Medical,Retail,Luxury Travel,0,13,0.297,0.595,0.323,0.048,0.411,0.285,27,34,689.28,0.364,0
BW-02467,42538.09,603,55852.38,0.647,22,3,110,Equipment Purchase,Crypto Exchange,ATM Cash,1,14,0.927,0.946,0.758,0.585,0.032,0.18,16,22,1849.48,0.944,1
BW-02468,8748.66,733,142850.28,0.626,12,7,99,Education,Casino,Crypto Exchange,0,24,0.429,0.447,0.256,0.775,0.053,0.499,23,40,213.38,0.636,0
BW-02469,50176.87,771,166738.68,0.564,7,2,118,Equipment Purchase,Crypto Exchange,Crypto Exchange,1,6,0.939,1.0,0.147,0.77,0.045,0.529,4,7,6272.11,0.308,1
BW-02470,56587.34,728,113118.92,0.479,18,7,28,Business Expansion,Luxury Travel,Casino,0,14,0.991,1.0,0.292,0.094,0.023,0.26,8,9,5658.73,0.187,0
BW-02471,26636.22,825,109072.09,0.262,5,5,55,Medical,Casino,Retail,0,29,0.527,0.663,0.536,0.667,0.33,0.225,16,31,832.38,0.135,0
BW-02472,96582.74,661,144594.48,0.602,22,6,100,Business Expansion,Retail,ATM Cash,0,26,0.288,0.531,0.558,0.068,0.294,0.368,7,24,3863.31,0.177,0
BW-02473,91398.19,773,30761.82,0.252,14,1,31,Business Expansion,Equipment Vendor,ATM Cash,0,23,0.791,1.0,0.739,0.094,0.331,0.035,5,12,7030.63,0.678,0
BW-02474,73603.61,763,167663.8,0.54,9,2,33,Business Expansion,Retail,Casino,0,22,0.159,0.239,0.705,0.091,0.253,0.415,23,36,1989.29,0.827,0
BW-02475,55671.73,608,59617.32,0.605,16,1,87,Business Expansion,Crypto Exchange,Equipment Vendor,0,24,0.252,0.326,0.231,0.608,0.409,0.469,8,25,2141.22,0.233,0
BW-02476,87647.07,658,177617.83,0.432,0,0,60,Equipment Purchase,Equipment Vendor,Luxury Travel,0,7,0.785,1.0,0.364,0.092,0.273,0.238,3,21,3983.96,0.442,0
BW-02477,17411.97,706,140438.09,0.542,6,4,41,Debt Consolidation,Retail,ATM Cash,0,29,0.434,0.67,0.598,0.039,0.459,0.105,3,6,2487.42,0.401,0
BW-02478,80098.43,740,146137.67,0.535,12,4,81,Equipment Purchase,Retail,Crypto Exchange,0,3,0.202,0.358,0.733,0.057,0.243,0.017,18,31,2503.08,0.648,0
BW-02479,16857.98,749,128430.45,0.206,2,1,46,Education,Retail,Casino,0,17,0.651,0.972,0.27,0.066,0.395,0.382,4,5,2809.66,0.255,0
BW-02480,80450.01,745,100749.48,0.467,18,2,49,Business Expansion,ATM Cash,Luxury Travel,0,13,0.733,0.943,0.356,0.13,0.204,0.161,27,43,1828.41,0.91,0
BW-02481,31197.92,584,115744.15,0.151,14,7,65,Education,Equipment Vendor,Luxury Travel,0,28,0.125,0.222,0.72,0.052,0.218,0.278,4,9,3119.79,0.719,0
BW-02482,88323.61,795,36960.43,0.379,4,3,42,Equipment Purchase,Retail,ATM Cash,0,26,0.277,0.36,0.287,0.095,0.424,0.232,15,22,3840.16,0.912,0
BW-02483,94684.0,786,123593.93,0.189,10,5,23,Business Expansion,Retail,Retail,0,20,0.221,0.38,0.384,0.032,0.054,0.105,15,30,3054.32,0.336,0
BW-02484,19135.62,653,123914.72,0.329,21,1,112,Equipment Purchase,Crypto Exchange,Crypto Exchange,1,17,0.38,0.724,0.724,0.697,0.282,0.305,29,29,637.85,0.6,1
BW-02485,48954.18,556,163680.12,0.558,17,1,27,Business Expansion,Retail,Luxury Travel,0,3,0.763,0.788,0.642,0.097,0.363,0.276,4,21,2225.19,0.722,0
BW-02486,98193.8,832,105848.45,0.643,2,5,89,Equipment Purchase,Retail,Crypto Exchange,0,29,0.714,0.801,0.195,0.114,0.375,0.374,2,4,19638.76,0.704,0
BW-02487,50923.71,550,41571.66,0.275,5,7,32,Medical,Luxury Travel,ATM Cash,0,27,0.663,1.0,0.26,0.069,0.296,0.151,23,40,1242.04,0.118,0
BW-02488,87037.01,768,75929.39,0.393,2,6,83,Debt Consolidation,Equipment Vendor,Casino,0,1,0.006,0.055,0.282,0.05,0.224,0.129,26,35,2417.69,0.949,0
BW-02489,60929.49,779,128344.41,0.381,4,3,88,Debt Consolidation,Luxury Travel,Luxury Travel,0,20,0.142,0.394,0.73,0.137,0.13,0.489,3,4,12185.9,0.889,0
BW-02490,40656.34,721,65888.83,0.625,8,1,3,Business Expansion,ATM Cash,ATM Cash,0,5,0.223,0.308,0.799,0.02,0.455,0.421,28,46,865.03,0.202,0
BW-02491,32149.44,636,72079.17,0.363,18,0,60,Medical,Crypto Exchange,Luxury Travel,0,10,0.272,0.514,0.619,0.745,0.185,0.463,10,20,1530.93,0.562,0
BW-02492,24306.19,590,153070.35,0.485,12,3,76,Education,Luxury Travel,Casino,0,0,0.146,0.299,0.387,0.104,0.399,0.074,1,19,1215.31,0.367,0
BW-02493,77370.83,672,117647.96,0.607,5,0,99,Medical,ATM Cash,Crypto Exchange,0,14,0.41,0.451,0.008,0.104,0.016,0.134,18,20,3684.33,0.847,0
BW-02494,41721.35,847,106279.11,0.305,10,4,79,Business Expansion,Casino,Crypto Exchange,0,11,0.075,0.308,0.558,0.978,0.116,0.345,5,14,2781.42,0.693,0
BW-02495,53571.17,727,77767.8,0.596,20,5,17,Medical,Equipment Vendor,Luxury Travel,0,23,0.75,1.0,0.311,0.109,0.173,0.514,9,24,2142.85,0.29,0
BW-02496,51770.92,612,139639.21,0.605,20,3,114,Education,Retail,ATM Cash,0,17,0.788,1.0,0.506,0.045,0.336,0.535,20,22,2250.91,0.129,0
BW-02497,59841.51,714,73157.77,0.612,13,6,32,Business Expansion,Luxury Travel,Casino,0,29,0.574,0.829,0.485,0.053,0.16,0.499,6,24,2393.66,0.348,0
BW-02498,87229.83,736,140559.53,0.249,5,3,7,Debt Consolidation,Luxury Travel,Equipment Vendor,0,4,0.09,0.29,0.385,0.059,0.021,0.026,19,38,2236.66,0.132,0
BW-02499,98170.24,758,40515.22,0.32,5,2,83,Medical,Retail,Crypto Exchange,0,10,0.89,1.0,0.756,0.005,0.087,0.493,9,15,6135.64,0.22,0
BW-02500,43720.5,776,159681.2,0.579,16,2,71,Debt Consolidation,Retail,Equipment Vendor,0,23,0.966,1.0,0.019,0.137,0.13,0.539,18,34,1249.16,0.641,0
